game_number,epoch,episode,blue_win,red_win,moves
1,1,1,0,0,"9-13, 23-18, 11-16, 18-14, 10x17, 21x14, 6-9, 24-20, 9x18, 20x11, 7x16, 22x15, 16-20, 27-23, 20-24, 28x19, 2-6, 32-27, 6-10, 15x6, 1x10, 26-22, 5-9, 27-24, 8-11, 31-27, 13-17, 22x13x6, 10-15, 19x10, 12-16, 25-22, 16-20, 22-17, 3-7, 10x3, 4-8, 3x12, 11-16, 12x19"
2,1,2,0,1,"10-14, 23-18, 14x23, 26x19, 7-10, 22-17, 11-15, 27-23, 9-14, 25-22, 12-16, 19x12, 14-18, 23x14x7, 2x11, 32-27, 6-10, 24-19, 15x24, 27x20, 10-15, 29-25, 11-16, 20x11, 5-9, 22-18, 15x22x29, 31-26, 8x15, 26-23, 15-18, 23x14x5, 3-7, 30-26, 4-8, 12x3x10, 29-25, 10-14, 25-22, 26-23, 22x13, 14-17, 13x22, 28-24, 22-25, 23-18, 25-22, 18-15, 22-26, 21-17, 26-30, 17-13, 1-6, 24-19, 30-26, 19-16, 26-30, 16-11, 30-26, 11-7, 26-23, 7-3, 6-9, 13x6, 23-19, 6-2, 19x10, 3-8, 10-14, 8-3, 14-9, 3-7, 9-6, 2x9"
3,1,3,0,1,"9-14, 22-17, 12-16, 26-22, 5-9, 24-19, 16-20, 19-15, 11x18, 22x15, 10x19x26, 17x10, 6x15, 30x23, 15-18, 23x14x5, 2-6, 28-24, 7-10, 21-17, 10-15, 17-14, 8-12, 31-26, 6-9, 24-19, 9x18, 19x10, 20-24, 27x20, 18-23, 26x19, 1-6, 10x1, 3-8, 19-15, 12-16, 20x11, 8-12, 25-22, 12-16, 1-6, 4-8, 11x4, 16-20, 15-10, 20-24, 6-1, 24-27, 32x23"
4,1,4,1,0,"10-15, 22-17, 15-19, 24x15, 11x18, 23x14, 9x18, 27-23, 18x27, 31x24, 6-10, 26-22, 8-11, 32-27, 3-8, 17-14, 10x17x26, 30x23, 7-10, 23-18, 5-9, 18-14, 9x18, 24-19, 11-16, 19-15, 10x19, 28-24, 19x28, 27-24, 16-20, 25-22, 20x27, 22x15, 2-7, 15-10, 7x14, 29-25, 27-32, 21-17, 14x21x30"
5,1,5,1,0,"10-15, 22-18, 15x22, 26x17, 11-15, 31-26, 12-16, 24-19, 15x24x31x22x13, 23-18, 16-20, 25-22, 8-11, 18-15, 11x18x25, 29x22, 20-24, 28x19, 3-8, 30-25, 7-11, 32-28, 11-15, 19x10, 6x15, 28-24, 13-17, 22x13x6, 1x10, 24-19, 15x24, 25-22, 10-14, 21-17, 14x21, 22-18, 8-11, 18-14, 11-16, 14-10, 24-28, 10-6, 2x9"
6,1,6,1,0,"10-15, 22-17, 7-10, 17-14, 10x17, 21x14, 9x18, 23x14, 3-7, 14-9, 6x13, 27-23, 2-6, 24-20, 6-10, 23-18, 15x22, 25x18, 5-9, 18-15, 11x18, 32-27, 1-6, 26-22, 18x25, 30x21, 8-11, 21-17, 13x22, 31-26, 22x31x24, 28x19, 10-14, 29-25, 14-18, 19-15, 18-23, 15x8, 4x11, 25-22, 11-15, 20-16, 12x19, 22-18, 15x22"
7,1,7,0,0,"9-14, 23-18, 14x23, 26x19, 10-14, 19-16, 12x19, 24x15, 11x18, 22x15, 7-10, 25-22, 10x19, 28-24, 19x28, 22-18, 14x23, 27x18, 8-12, 21-17, 3-8, 30-25, 6-10, 25-21, 12-16, 31-26, 2-7, 32-27, 10-15, 18x11x2, 5-9, 26-22, 1-6, 22-18, 6-10, 17-14, 10x17, 21x14x5, 28-32, 27-23, 16-20, 2-7, 32-28, 18-14, 28-32, 7-10, 32-27, 23-18, 27-31, 5-1, 20-24, 10-15, 24-28, 1-6, 31-27, 6-1, 27-24, 15-19, 24x15x22, 1-5, 22-17, 14-9, 8-12, 29-25, 12-16, 5-1, 17-22, 25x18, 4-8, 18-14, 8-11, 1-5, 11-15, 9-6, 15-18, 14-9, 18-23, 6-1, 16-20, 1-6, 23-27, 6-2, 27-32, 2-6, 20-24, 6-10, 32-27, 10-15, 27-32, 15-10"
8,1,8,1,0,"10-15, 24-20, 15-19, 23x16, 12x19, 27-23, 11-15, 23x16, 9-13, 16-12, 7-10, 20-16, 6-9, 31-27, 10-14, 27-23, 8-11, 16x7, 3x10, 22-17, 13x22x31, 32-27, 31x24, 28x19, 15x24, 23-18, 14x23, 21-17, 9-14, 17-13, 4-8, 12x3, 14-18, 25-22, 18x25, 30x21, 10-15, 3-7, 2x11, 21-17, 23-27, 17-14, 15-19, 14-10, 19-23, 10-6, 1x10, 13-9, 5x14, 29-25, 14-17, 25-22, 17x26"
9,1,9,1,0,"9-13, 24-19, 10-14, 27-24, 5-9, 19-16, 11x20x27, 31x24, 1-5, 22-17, 13x22x31, 25-22, 7-11, 23-18, 14x23, 22-18, 2-7, 30-26, 31x22x15, 24-19, 15x24, 28x19, 9-13, 32-28, 13-17, 21x14, 11-16, 19-15, 7-11, 14-10, 11x18, 10x1, 8-11, 29-25, 16-20, 25-21, 5-9, 28-24, 20x27, 1-6, 11-15, 6x13, 27-31, 13-17, 3-8, 17-22, 18x25, 21-17, 31-26, 17-14, 26-30, 14-10, 15-18, 10-7, 25-29, 7-3, 23-26, 3-7, 18-23, 7-2, 30-25, 2-7, 26-31, 7-10, 23-27, 10-6, 8-11, 6-1, 11-16, 1-6, 25-22, 6-1, 22-18, 1-6, 29-25, 6-9, 16-20, 9-6, 18-23, 6-2, 25-21, 2-7, 23-18, 7-2, 18-14, 2-7, 20-24, 7-11, 4-8, 11x4, 12-16, 4-8, 31-26, 8-3, 14-9, 3-8, 16-20, 8-12, 9-5, 12-8, 26-22, 8-12, 22-18, 12-16, 27-32, 16-11, 24-27, 11-15, 18x11"
10,1,10,0,0,"12-16, 23-19, 16x23, 27x18, 9-13, 21-17, 6-9, 18-14, 9x18, 22x15x6, 2x9, 32-27, 13x22, 25x18, 8-12, 27-23, 1-6, 18-14, 9x18x27, 26-22, 6-9, 31-26, 9-13, 30-25, 13-17, 22x13, 5-9, 13x6, 12-16, 25-21, 27-32, 29-25, 16-19, 24x15x8, 3x12, 26-23, 7-10, 28-24, 10-14, 21-17, 14x21x30, 23-18, 30-26, 24-20, 26-31, 18-15, 32-28, 15-11, 31-27, 11-8, 4x11, 20-16, 11x20, 6-1, 28-32, 1-5, 27-31, 5-1, 12-16, 1-5, 16-19, 5-1, 32-27, 1-6, 27-24, 6-2, 24-27, 2-6"
11,1,11,0,1,"12-16, 24-19, 9-13, 19x12, 11-15, 22-17, 13x22, 25x18x11, 8x15, 28-24, 3-8, 12x3, 10-14, 3x10x17, 6-9, 24-19, 15x24, 27x20, 4-8, 31-27, 9-14, 17x10, 8-11, 21-17, 1-6, 10x1, 11-16, 20x11, 2-7, 11x2, 5-9, 2-6, 9-13, 6-9, 13x22x31x24, 1-6, 24-19, 23x16"
12,1,12,0,0,"11-15, 22-18, 15x22, 25x18, 9-14, 18x9, 5x14, 24-20, 14-18, 23x14, 10x17, 21x14, 7-11, 20-16, 11x20, 28-24, 8-11, 30-25, 6-9, 14x5, 3-8, 26-22, 1-6, 32-28, 11-16, 25-21, 16-19, 24x15, 8-11, 15x8, 4x11, 27-23, 6-9, 28-24, 20x27, 31x24, 2-6, 24-20, 9-14, 22-17, 6-10, 17-13, 10-15, 23-18, 14x23, 21-17, 11-16, 20x11, 15-19, 17-14, 19-24, 11-8, 23-26, 5-1, 24-27, 13-9, 27-31, 29-25, 26-30, 1-6, 30x21, 6-1, 31-26, 9-6, 26-23, 14-10, 23-26, 10-7, 21-17, 7-3, 17-14, 8-4, 14-10, 3-8, 10-7, 6-2, 12-16, 2x11x20, 26-30, 8-3, 30-26, 20-16, 26-31, 4-8, 31-26, 8-11, 26-23, 1-6, 23-26, 6-1"
13,1,13,0,0,"10-14, 23-18, 14x23, 27x18, 9-14, 18x9, 5x14, 21-17, 14x21, 32-27, 11-15, 22-18, 15x22, 26x17, 6-10, 25-22, 1-6, 31-26, 12-16, 17-14, 10x17, 22x13, 6-10, 24-19, 16x23x32, 29-25, 7-11, 28-24, 32-27, 24-20, 11-15, 26-22, 3-7, 22-17, 15-19, 13-9, 8-11, 9-6, 2x9, 20-16, 11x20, 17-13, 20-24, 13x6, 7-11, 25-22, 27-23, 6-2, 10-14, 22-17, 21-25, 17x10, 24-28, 30x21, 28-32, 10-7, 32-28, 2-6, 28-32, 6-9, 23-26, 9-6, 26-22, 6-9, 19-24, 9-14, 4-8, 7-3, 11-16, 3x12x19x28, 22-17, 14-10, 32-27, 21x14, 27-23, 10-6, 23-19, 14-10, 19-23, 6-2, 23-26, 10-7, 26-23, 2-6"
14,1,14,1,0,"12-16, 23-19, 16x23, 27x18, 10-14, 24-20, 14x23, 26x19, 11-16, 19x12, 8-11, 31-26, 11-16, 20x11, 7x16, 22-18, 9-13, 28-24, 16-20, 26-22, 20x27, 32x23, 13-17, 22x13, 2-7, 18-15, 5-9, 21-17, 4-8, 25-21, 7-10, 15-11, 8x15, 30-25, 9-14, 25-22, 6-9, 13x6, 14-18, 23x14x7, 3x10, 22-18, 15x22, 17-13, 10-15, 21-17, 1x10, 12-8, 15-18, 29-25, 22x29, 17-14, 10x17, 8-3, 18-22, 3-7, 22-25, 7-2, 25-30, 2-6, 30-26, 6-1, 26-31, 13-9, 29-25, 1-5, 31-27, 5-1, 27-32, 1-5, 17-22, 9-6, 32-27, 5-1, 25-29, 1-5, 27-23, 5-9, 29-25, 6-1, 23-18, 9-13, 18-15, 1-5, 25-29, 5-1, 15-11, 13-9, 11-8, 1-6, 22-26, 6-2, 8-12, 2-6, 29-25, 6-10, 25-29, 9-14, 29-25, 10-15, 25-29, 15-18, 12-16, 14-9, 26-30, 9-6, 16-19, 18-23, 19x26, 6-9, 29-25, 9-6, 25-22, 6-2, 22-18, 2-6, 26-23, 6-10, 30-25, 10-14, 18x9"
15,1,15,0,0,"12-16, 24-20, 10-14, 27-24, 16-19, 23x16, 14-17, 21x14, 9x18, 22x15, 11x18, 25-21, 6-10, 30-25, 18-22, 26x17, 2-6, 17-13, 10-15, 32-27, 15-18, 27-23, 18x27, 21-17, 27-32, 16-11, 7x16, 20x11, 8x15, 24-20, 5-9, 25-22, 4-8, 31-27, 32x23, 28-24, 23-26, 29-25, 6-10, 13x6, 3-7, 24-19, 15x24, 17-13, 26x17, 6-2, 1-6, 2x9, 17-21, 9-5, 21x30, 13-9, 10-15, 9-6, 24-28, 6-2, 8-11, 2-6, 28-32, 6-1, 30-26, 20-16, 11x20, 5-9, 26-30, 9-14, 32-28, 1-5, 20-24, 14-10, 7x14, 5-1, 30-25, 1-5, 25-22, 5-1, 15-18, 1-6, 24-27, 6-2, 14-17, 2-7, 18-23, 7-3, 28-24, 3-7, 27-32, 7-3, 23-26, 3-7, 17-21, 7-10, 32-28, 10-6, 28-32, 6-10"
16,1,16,1,0,"12-16, 24-20, 9-13, 22-17, 13x22, 26x17, 16-19, 23x16, 5-9, 16-12, 9-13, 31-26, 13x22x31x24, 28x19, 1-5, 19-15, 11x18, 25-22, 18x25, 29x22, 7-11, 22-18, 5-9, 18-15, 10x19, 21-17, 19-24, 20-16, 11x20, 32-27, 24x31, 30-25, 6-10, 17-14, 9x18, 25-21, 3-7, 12x3, 18-23, 21-17, 20-24, 17-14, 10x17, 3x10, 31-26, 10-6, 2x9"
17,1,17,1,0,"9-14, 24-19, 6-9, 21-17, 14x21, 19-15, 11x18, 22x15x6, 1x10, 28-24, 2-6, 32-28, 10-14, 24-20, 6-10, 20-16, 12x19, 23x16, 8-11, 26-22, 11x20, 22-18, 14x23x32, 28-24, 20x27, 31x24, 9-13, 24-20, 3-8, 25-22, 8-11, 29-25, 11-16, 20x11x2, 4-8, 2-7, 8-12, 7x14, 32-27, 14-9, 5x14, 22-17, 13x22x29, 30-26, 21-25, 26-22, 27-32, 22-18, 14x23"
18,1,18,0,0,"11-15, 22-17, 12-16, 23-18, 15x22, 25x18, 8-11, 17-14, 10x17, 21x14, 6-10, 27-23, 10x17, 31-27, 7-10, 26-22, 17x26, 18-14, 10x17, 23-18, 9-13, 30x23, 17-21, 29-25, 21x30, 24-20, 1-6, 27-24, 6-9, 24-19, 3-7, 19x12, 7-10, 32-27, 13-17, 18-14, 9x18, 23x14x7, 17-21, 27-24, 5-9, 12-8, 9-13, 8-3, 2-6, 24-19, 30-26, 20-16, 11x20, 3-8, 4x11, 19-15, 11x18, 28-24, 20x27, 7-2, 26-23, 2x9, 21-25, 9-5, 18-22, 5-9, 23-19, 9-5, 19-23"
19,1,19,1,0,"11-15, 21-17, 9-13, 23-19, 7-11, 26-23, 3-7, 31-26, 15-18, 22x15, 13x22x31, 24-20, 31x24, 23-18, 5-9, 25-22, 24-27, 32x23, 9-14, 18x9, 11x18x27, 22-17, 6x13x22, 19-15, 10x19, 30-26, 22x31, 20-16, 1-6, 29-25, 6-9, 25-22, 19-24, 28x19, 7-11, 16x7, 2x11, 19-15, 11x18x25"
20,1,20,0,1,"12-16, 23-18, 9-13, 26-23, 10-14, 18x9, 5x14, 24-19, 11-15, 19x10, 6x15, 22-17, 13x22, 25x18x9, 16-20, 23-19, 15x24, 28x19, 7-11, 9-6, 2x9, 29-25, 11-15, 19x10, 3-7, 10x3x12, 20-24, 27x20, 1-5, 31-27, 9-13, 25-22, 13-17, 22x13, 5-9, 13x6, 4-8, 12x3"
21,1,21,0,1,"11-16, 24-20, 10-15, 20x11, 7x16, 22-18, 15x22, 26x17, 2-7, 25-22, 9-14, 17x10, 7x14, 23-19, 16x23, 27x18x9x2, 12-16, 22-17, 16-20, 30-25, 5-9, 2-7, 3x10, 31-26, 8-12, 26-23, 20-24, 28x19, 9-13, 32-27, 13x22, 25x18, 10-15, 18x11, 1-5, 21-17, 4-8, 11x4, 5-9, 17-14, 9x18, 23x14, 12-16, 19x12"
22,1,22,1,0,"11-15, 22-18, 15x22, 26x17, 12-16, 17-13, 16-19, 23x16, 8-11, 27-23, 11x20x27, 31x24, 4-8, 21-17, 10-14, 17x10, 7x14, 32-27, 8-12, 25-22, 12-16, 23-19, 16x23x32, 30-26, 3-8, 22-18, 14x23x30, 29-25, 30x21, 24-19, 32-27, 19-16, 9-14, 28-24, 27x20x11, 13-9, 6x13"
23,1,23,0,1,"9-13, 22-17, 13x22, 25x18, 10-14, 18x9, 5x14, 21-17, 14x21, 23-18, 6-9, 27-23, 12-16, 31-27, 1-6, 18-15, 11x18, 23x14x5, 7-11, 24-19, 16x23, 26x19, 11-16, 19x12, 2-7, 30-26, 7-10, 28-24, 10-15, 24-20, 21-25, 29x22, 8-11, 20-16, 11x20, 27-24, 20x27, 32x23, 4-8, 22-17, 15-19, 23x16, 3-7, 12x3x10x1"
24,1,24,0,1,"12-16, 24-20, 10-14, 23-18, 14x23, 26x19x12, 9-14, 27-23, 11-15, 22-17, 15-19, 23x16, 14-18, 32-27, 18-22, 25x18, 6-10, 31-26, 2-6, 28-24, 7-11, 16x7, 6-9, 17-14, 10x17, 21x14, 3x10x17, 12x3, 1-6, 26-23, 9-13, 23-19, 6-10, 30-25, 5-9, 25-21, 4-8, 3x12, 17-22, 18-14, 9x18, 12-16, 22-25, 29x22x15x6, 13-17, 21x14"
25,1,25,0,0,"10-15, 23-19, 7-10, 21-17, 10-14, 19x10, 14x21, 22-18, 6x15x22, 26x17, 12-16, 24-19, 16x23, 27x18, 11-16, 18-14, 9x18, 25-22, 18x25, 29x22, 2-6, 32-27, 16-20, 31-26, 21-25, 30x21, 6-10, 26-23, 10-14, 17x10, 3-7, 10x3x12, 5-9, 21-17, 20-24, 27x20, 9-13, 17-14, 4-8, 12x3, 13-17, 22x13, 1-5, 13-9"
26,1,26,0,0,"10-15, 22-17, 9-14, 17x10, 7x14, 24-20, 14-17, 21x14, 2-7, 27-24, 11-16, 20x11x2x9, 3-7, 9-13, 15-19, 24x15, 12-16, 15-11, 8x15, 25-22, 5-9, 14x5, 7-10, 22-18, 15x22, 26x17, 16-19, 23x16, 1-6, 13-9, 6x13x22, 29-25, 22x29, 16-11, 10-14, 31-26, 14-17, 26-22, 17x26, 30x23, 29-25, 5-1, 25-22, 1-6, 22-26, 23-19, 26-30, 28-24, 30-25, 24-20, 25-21, 19-16, 4-8, 11x4, 21-25, 6-9, 25-30, 32-27, 30-26, 16-12, 26-31, 9-13, 31x24, 4-8, 24-27, 20-16, 27-23, 13-9, 23-19, 9-6, 19-24, 6-2, 24-27, 2-6, 27-24"
27,1,27,0,0,"10-15, 22-18, 15x22, 25x18, 12-16, 29-25, 16-20, 21-17, 11-15, 18x11, 8x15, 25-21, 9-13, 23-18, 15x22, 30-25, 22x29, 26-22, 4-8, 22-18, 13x22, 24-19, 6-10, 27-24, 20x27, 32x23, 22-25, 19-15, 10x19x26, 31x22, 1-6, 18-14, 7-10, 14x7, 2x11, 21-17, 3-7, 17-14, 11-16, 14-9, 5x14, 28-24, 16-20, 22-17, 14x21, 24-19, 8-11, 19-16, 20-24, 16-12, 24-28, 12-8, 11-16, 8-3, 6-10, 3-8, 16-20, 8-3, 10-14, 3x10x17, 25-30, 17-14, 30-25, 14-17"
28,1,28,0,1,"10-15, 24-19, 15x24, 28x19, 9-13, 21-17, 11-16, 19-15, 5-9, 23-19, 16x23, 27x18, 6-10, 15x6, 1x10, 31-27, 8-11, 26-23, 11-15, 18x11, 7x16, 23-19, 16x23, 27x18, 3-7, 32-28, 10-14, 17x10x3, 13-17, 22x13x6, 2x9, 18-15, 4-8, 15-10, 9-13, 3-7, 8-11, 7x16, 12x19, 25-21, 13-17, 21x14, 19-23, 30-26, 23x30, 14-9, 30-26, 10-6, 26-30, 29-25, 30x21, 6-1, 21-25, 9-5, 25-29, 28-24, 29-25, 24-20, 25-30, 20-16, 30-26, 1-6, 26-31, 16-12, 31-27, 6-2, 27-24, 2-7, 24-19, 12-8, 19-23, 7-3, 23-18, 5-1, 18-14, 1-5, 14-9, 5x14"
29,1,29,1,0,"11-15, 24-20, 9-13, 28-24, 7-11, 24-19, 15x24, 22-18, 3-7, 18-14, 10x17, 21x14, 11-15, 14-10, 7x14, 23-18, 15x22, 25x18x9, 5x14, 32-28, 8-11, 28x19, 14-18, 19-16, 12x19, 20-16, 11x20, 26-22, 18x25, 30x21, 4-8, 27-24, 20x27, 31x24x15, 6-10, 15x6, 1x10, 21-17, 13x22, 29-25, 22x29"
30,1,30,0,0,"11-15, 22-18, 15x22, 26x17, 12-16, 25-22, 9-14, 31-26, 16-20, 24-19, 6-9, 30-25, 14-18, 22x15x6, 1x10, 19-16, 10-15, 17-14, 9x18, 23x14, 7-11, 16x7, 3x10x17, 21x14, 2-6, 25-21, 6-10, 14x7, 8-11, 7-3, 5-9, 26-23, 11-16, 28-24, 15-19, 24x15, 9-13, 23-18, 13-17, 21x14, 16-19, 15-11, 4-8, 3x12, 19-24, 14-10, 24x31, 12-16, 31-26, 18-14, 26-31, 11-7, 20-24, 29-25, 24-27, 32x23, 31-27, 7-2, 27x18x9, 10-6, 9-5, 25-21, 5-1, 21-17, 1x10, 2-7, 10x3, 17-13, 3-8, 16-20, 8-12, 20-16, 12x19, 13-9, 19-16, 9-5, 16-12, 5-1, 12-16, 1-5"
31,1,31,0,1,"12-16, 22-18, 11-15, 18x11, 8x15, 21-17, 15-18, 23x14, 9x18, 17-13, 3-8, 24-19, 16x23, 26x19, 10-14, 31-26, 5-9, 27-24, 6-10, 13x6, 2x9, 25-21, 8-12, 19-16, 12x19, 24x15x6, 1x10, 26-23, 18x27, 32x23, 10-15, 30-25, 4-8, 23-18, 15x22, 25x18, 14x23, 21-17, 7-11, 29-25, 11-15, 17-13, 15-19, 13x6, 19-24, 28x19, 23-27, 25-22, 8-11, 6-1, 11-15, 19x10, 27-32, 22-17, 32-28, 1-5, 28-24, 17-14, 24-19, 10-6, 19-16, 14-10, 16-12, 5-9, 12-8, 9-14, 8-3, 10-7, 3x10x1, 14-9, 1-6, 9x2"
32,1,32,1,0,"10-15, 24-19, 15x24, 27x20, 7-10, 22-18, 10-14, 28-24, 12-16, 23-19, 14x23, 19x12, 3-7, 12x3x10, 6x15, 26x19x10, 11-15, 30-26, 2-6, 31-27, 15-18, 26-22, 6x15, 22-17, 4-8, 24-19, 15x24x31, 17-13, 8-11, 13x6, 1x10, 25-22, 18x25, 29x22, 31-26, 32-27, 26x17, 21x14x7, 5-9, 20-16, 11x20, 7-2, 9-14, 27-23, 20-24, 2-6, 24-27, 6-2, 27-32, 23-18, 14x23, 2-6, 32-27, 6-10, 23-26, 10-14, 27-31, 14-17, 26-30, 17-21, 31-26, 21-17, 26-22, 17x26, 30x23"
33,1,33,1,0,"9-14, 24-20, 11-15, 22-18, 15x22, 26x17, 5-9, 27-24, 1-5, 20-16, 12x19x26, 31x22, 8-11, 30-26, 11-15, 22-18, 15x22x31, 32-27, 14-18, 27-23, 18x27, 17-14, 10x17, 21x14, 9x18, 25-22, 18x25, 29x22, 5-9, 24-19, 6-10, 22-17, 9-13, 17-14, 10x17, 19-15, 2-6, 15-11, 7x16, 28-24, 31-26, 24-20, 6-10, 20x11, 3-7, 11x2, 10-15, 2-6, 15-19, 6-1, 26-31, 1-6, 4-8, 6-9, 17-21, 9-6, 19-24, 6-10, 8-11, 10-14, 11-15, 14-17, 13x22"
34,1,34,0,1,"11-16, 24-19, 10-15, 19x10, 6x15, 21-17, 15-18, 23x14, 9x18, 22x15, 7-11, 28-24, 11x18, 26-23, 18-22, 25x18, 8-11, 31-26, 16-20, 18-14, 1-6, 17-13, 3-8, 24-19, 6-9, 13x6, 2x9x18, 23x14, 11-15, 19x10, 8-11, 10-7, 11-16, 26-22, 4-8, 7-3, 16-19, 22-18, 5-9, 14x5, 12-16, 3x12, 19-23, 12x19x26, 20-24, 27x20"
35,1,35,0,0,"12-16, 22-17, 9-14, 17-13, 8-12, 24-20, 6-9, 13x6, 2x9, 23-18, 14x23, 27x18, 16-19, 31-27, 4-8, 20-16, 11x20, 18-14, 9x18, 28-24, 19x28, 25-22, 18x25, 29x22, 10-15, 30-25, 15-18, 22x15, 12-16, 26-22, 7-11, 27-23, 11x18x27, 32x23, 1-6, 22-17, 6-9, 23-18, 20-24, 25-22, 8-12, 18-14, 9x18x25, 17-13, 3-8, 21-17, 25-30, 17-14, 5-9, 14x5, 8-11, 13-9, 30-25, 5-1, 16-20, 9-6, 11-16, 1-5, 16-19, 5-1, 24-27, 6-2, 27-32, 1-5, 25-29, 5-9, 32-27, 2-7, 19-23, 7-3, 29-25, 3-7, 23-26, 7-2, 27-31, 9-14, 31-27, 14-10, 20-24, 2-6, 28-32, 10-15, 25-21, 6-9, 24-28, 15-18, 27-23, 18x27, 32x23, 9-14, 23-18, 14x23x30, 21-25, 30x21, 28-32, 21-17, 32-28, 17-21"
36,1,36,0,1,"11-15, 23-19, 12-16, 19x12, 15-18, 22x15, 10x19, 24x15, 9-14, 15-11, 8x15, 12-8, 4x11, 25-22, 6-10, 27-24, 5-9, 29-25, 15-19, 24x15x8, 3x12, 28-24, 14-17, 22x13x6, 2x9, 32-27, 10-14, 27-23, 14-17, 21x14x5, 12-16, 24-19, 7-10, 19x12, 10-14, 25-22, 14-18, 23x14, 1-6, 14-10, 6x15, 22-17, 15-18, 5-1, 18-23, 26x19"
37,1,37,1,0,"10-15, 22-18, 15x22, 26x17, 11-15, 17-13, 12-16, 24-19, 15x24, 27x20x11, 7x16, 30-26, 3-7, 28-24, 6-10, 13x6, 2x9, 24-20, 8-12, 20x11x2, 1-6, 2-7, 4-8, 7x14, 9x18x27, 32x23, 12-16, 23-19, 16x23x30, 25-22, 5-9, 22-18, 8-12, 31-27, 12-16, 29-25, 16-19, 21-17, 30x21x14x23x32"
38,1,38,0,0,"12-16, 22-17, 10-15, 23-19, 16x23, 26x19x10, 7x14, 17x10, 6x15, 31-26, 1-6, 25-22, 2-7, 30-25, 7-10, 22-18, 15x22x31, 27-23, 3-7, 32-27, 8-12, 23-18, 9-14, 18x9x2, 5-9, 24-19, 31x24x15, 28-24, 11-16, 2x11x18, 9-14, 18x9, 10-14, 9x18, 4-8, 24-19, 16x23, 18x27, 8-11, 27-24, 11-15, 24-19, 15x24, 25-22, 12-16, 21-17, 16-20, 17-14, 24-27, 22-17, 20-24, 29-25, 24-28, 14-9, 27-31, 9-5, 28-32, 5-1, 31-26, 1-5, 26-22, 25x18, 32-27, 17-14, 27-24, 14-9, 24-28, 9-6, 28-32, 5-1, 32-27, 18-14, 27-24, 1-5, 24-19, 6-1, 19-24, 14-9, 24-27, 1-6, 27-23, 6-2, 23-19, 9-6, 19-15, 5-9, 15-10, 2-7, 10x1, 9-13, 1-6, 7-2, 6-1, 2-6, 1x10, 13-9, 10-15, 9-13, 15-18, 13-9, 18-23, 9-13, 23-19"
39,1,39,1,0,"9-13, 23-18, 6-9, 24-20, 12-16, 18-15, 11x18, 20x11, 8x15, 27-24, 4-8, 24-20, 1-6, 26-23, 18x27, 32x23, 9-14, 22-18, 15x22, 25x18x9, 5x14, 31-26, 7-11, 23-19, 11-16, 19x12, 8-11, 28-24, 3-7, 26-22, 11-16, 20x11, 7x16, 24-20, 14-18, 22x15, 10x19, 20x11, 19-23, 29-25, 23-27, 21-17, 13x22x29, 30-26, 27-32, 11-7, 2x11, 26-22, 32-27, 22-18, 29-25, 18-14, 25-22, 14-10, 6x15, 12-8, 22-25, 8-4, 25-29, 4-8, 27-32, 8-4, 32-28, 4-8, 15-19, 8x15x24, 28x19"
40,1,40,0,1,"11-16, 22-17, 10-15, 17-13, 16-20, 25-22, 7-10, 22-17, 12-16, 23-18, 15x22, 24-19, 16x23, 26x19, 22-26, 31x22, 3-7, 19-15, 10x19, 30-25, 20-24, 27x20, 19-24, 28x19, 7-11, 22-18, 9-14, 17x10, 6x15x22, 25x18, 5-9, 13x6, 2x9, 19-16, 1-5, 16x7, 9-13, 29-25, 8-12, 20-16, 12x19, 32-28, 5-9, 18-14, 9x18, 7-2, 18-22, 25x18, 19-24, 28x19, 13-17, 21x14, 4-8, 19-15, 8-11, 15x8"
41,1,41,0,1,"10-15, 21-17, 15-19, 24x15, 11x18, 23x14, 9x18, 22x15, 7-10, 25-22, 10x19, 26-23, 19x26, 30x23, 2-7, 22-18, 7-10, 23-19, 6-9, 27-24, 8-11, 32-27, 3-8, 29-25, 10-14, 17x10, 11-15, 18x11, 8x15, 10-7, 15-18, 31-26, 18-23, 27x18, 4-8, 26-23, 8-11, 18-15, 11x18x27, 25-22, 27-32, 24-20, 9-14, 28-24, 32-28, 22-18, 14x23, 19-16, 28x19, 16-11, 19-15, 11-8, 1-6, 8-3, 23-26, 3-8, 6-10, 8-3, 15-19, 3-8, 26-31, 8-3, 19-16, 20x11, 31-26, 11-8, 10-14, 8-4, 5-9, 3-8, 26-31, 7-2, 9-13, 2-7, 31-27, 7-10, 27-24, 10x17, 13x22, 8-11, 12-16, 11x20x27, 22-26, 27-32, 26-30, 32-28, 30-25, 4-8, 25-22, 28-32, 22-18, 8-11, 18-14, 11-15, 14-17, 32-27, 17-21, 27-31, 21-25, 31-26, 25-22, 26x17"
42,1,42,0,1,"11-15, 22-18, 15x22, 25x18, 7-11, 24-20, 12-16, 27-24, 10-14, 26-22, 14-17, 22x13, 2-7, 30-26, 11-15, 18x11x2, 9-14, 20x11, 8x15, 2x9x18x11, 5-9, 13x6, 1x10, 24-20, 10-15, 11x18, 3-8, 31-27, 8-11, 26-22, 11-16, 20x11, 4-8, 11x4"
43,1,43,1,0,"10-15, 21-17, 15-19, 23x16, 11x20, 25-21, 9-14, 17x10, 6x15, 30-25, 7-10, 22-17, 12-16, 17-13, 8-11, 21-17, 5-9, 13x6, 2x9, 26-23, 3-8, 31-26, 8-12, 24-19, 15x24x31x22x13, 32-27, 13-17, 25-21, 9-13, 21x14x7, 16-19, 23x16, 12x19, 7-3, 11-16, 3-8, 4x11, 27-24, 20x27, 29-25, 27-31, 28-24, 19x28, 25-21, 31-26, 21-17, 13x22"
44,1,44,0,1,"10-14, 22-17, 9-13, 17x10, 6x15, 24-19, 15x24, 27x20, 11-15, 21-17, 13x22, 26x17, 5-9, 28-24, 7-10, 25-21, 1-5, 23-19, 3-7, 30-26, 9-13, 26-23, 13x22, 31-26, 22x31, 21-17, 10-14, 17x10x3, 2-7, 3x10, 31-26, 32-27, 8-11, 29-25, 4-8, 10-14, 11-16, 19x10, 26x19x28, 20x11x4, 28-24, 27x20, 5-9, 14x5, 12-16, 20x11"
45,1,45,1,0,"11-16, 22-17, 7-11, 17-13, 9-14, 13-9, 6x13, 26-22, 2-7, 21-17, 14x21, 23-18, 5-9, 18-15, 10x19, 24x15, 11x18, 22x15, 9-14, 25-22, 7-10, 15x6, 1x10, 27-24, 8-11, 30-26, 16-20, 29-25, 20x27, 31x24, 21x30x23, 24-20, 12-16, 32-27, 23x32, 28-24, 3-7, 22-18, 14x23, 24-19, 13-17, 19x12, 10-15, 12-8, 15-18, 20-16, 11x20, 8-3, 18-22, 3x10, 23-26, 10-15, 26-31, 15-18, 4-8, 18x25, 8-11, 25-29, 31-27, 29-25, 11-15, 25-30, 27-24, 30-26, 17-22, 26x17, 24-19, 17-22, 20-24, 22-18, 15x22"
46,1,46,1,0,"10-15, 22-18, 15x22, 25x18, 12-16, 26-22, 16-19, 23x16, 11x20, 27-23, 20x27, 31x24, 9-13, 24-19, 13-17, 22x13, 8-12, 13-9, 6x13, 19-16, 12x19x26, 30x23, 4-8, 18-15, 7-11, 28-24, 11x18x27, 32x23, 8-12, 29-25, 5-9, 21-17, 13x22x29, 24-19, 3-8, 23-18, 29-25, 19-16, 12x19, 18-15, 25-22, 15-11, 8x15"
47,1,47,0,1,"9-13, 22-18, 10-15, 24-19, 15x24, 27x20, 5-9, 21-17, 13x22, 26x17, 1-5, 17-13, 6-10, 13x6, 2x9, 23-19, 10-14, 31-26, 14x23, 26-22, 12-16, 19x12, 11-15, 25-21, 23-27, 32x23, 15-18, 22x15, 7-10, 15x6, 3-7, 12x3x10, 9-13, 10-15, 13-17, 21x14, 4-8, 15-18, 5-9, 14x5, 8-11, 18-15, 11x18x27, 29-25, 27-31, 25-21, 31-26, 30x23"
48,1,48,0,0,"11-16, 22-18, 7-11, 21-17, 16-19, 24x15, 10x19, 23x16x7, 3x10, 18-15, 10x19, 17-13, 9-14, 27-23, 12-16, 26-22, 19x26, 30x23, 14-18, 23x14, 6-9, 13x6, 1x10x17x26, 31x22, 16-20, 25-21, 20-24, 28x19, 5-9, 21-17, 2-7, 17-14, 9x18x25, 29x22, 7-10, 32-27, 8-12, 22-18, 10-15, 19x10, 12-16, 10-7, 4-8, 27-24, 8-11, 24-19, 16x23, 7-3, 11-16, 18-15, 16-20, 3-8, 20-24, 8-12, 24-27, 12-8, 27-31, 8-3, 31-27, 3-8"
49,1,49,1,0,"9-14, 21-17, 14x21, 23-18, 12-16, 27-23, 16-20, 23-19, 20x27, 31x24, 8-12, 22-17, 11-16, 32-27, 16x23x32, 18-15, 10x19, 24x15, 32-27, 25-22, 21-25, 30x21, 7-10, 17-14, 10x17, 22x13, 5-9, 28-24, 27x20, 15-11, 3-7, 26-23, 7x16, 23-18, 20-24, 18-14, 9x18, 13-9, 6x13, 21-17, 13x22, 29-25, 22x29"
50,1,50,0,1,"10-14, 22-17, 12-16, 17x10, 6x15, 23-18, 15x22, 26x17, 16-20, 31-26, 11-15, 17-13, 15-18, 13x6, 2x9, 24-19, 18-23, 27x18, 8-11, 25-22, 7-10, 21-17, 4-8, 32-27, 1-6, 19-16, 8-12, 16x7, 3-8, 7-2, 10-15, 18x11x4, 9-13, 2x9, 5x14x21, 28-24, 13-17, 22x13, 12-16, 26-22, 16-19, 24x15, 20-24, 27x20, 21-25, 30x21"
51,1,51,0,0,"9-13, 23-19, 10-14, 19-16, 12x19, 24x15, 11x18, 22x15, 14-18, 25-22, 18x25, 29x22, 8-12, 21-17, 5-9, 28-24, 9-14, 17x10, 7x14, 15-11, 4-8, 11x4, 3-7, 24-19, 7-11, 32-28, 6-9, 19-16, 12x19, 28-24, 19x28, 26-23, 14-18, 22x15x8, 28-32, 30-25, 32-28, 23-18, 28-24, 27x20, 9-14, 18x9, 1-5, 31-27, 5x14, 8-3, 2-7, 3x10x17, 13x22x29, 4-8, 29-25, 27-24, 25-29, 8-11, 29-25, 11-7, 25-22, 7-2, 22-25, 2-7"
52,1,52,0,0,"12-16, 23-18, 9-14, 18x9, 5x14, 22-17, 10-15, 17x10, 7x14, 25-22, 3-7, 21-17, 14x21, 29-25, 16-20, 24-19, 15x24, 28x19, 20-24, 27x20, 8-12, 19-15, 11x18, 22x15, 6-10, 15x6, 1x10, 26-23, 12-16, 20x11, 7x16, 31-27, 16-19, 23x16, 2-7, 30-26, 21x30x23, 27x18, 7-11, 16x7, 10-14, 18x9, 4-8, 32-28, 8-11, 28-24, 11-15, 9-6, 15-18, 6-2, 18-23, 7-3, 23-26, 3-8, 26-31, 24-20, 31-26, 2-7, 26-23, 20-16, 23-26, 7-3, 26-22, 8-12, 22-18, 3-8, 18-14, 8-11, 14-10, 12-8, 10-14, 8-4, 14-9, 16-12, 9-5, 12-8, 5-9, 11-15, 9-13, 15-11, 13-17, 11-16, 17-13, 16-11"
53,1,53,1,0,"11-15, 24-20, 15-19, 23x16, 12x19, 26-23, 19x26, 30x23, 7-11, 27-24, 10-15, 22-18, 15x22, 25x18, 3-7, 20-16, 11x20x27, 31x24, 7-10, 32-27, 9-13, 18-15, 10x19x26, 29-25, 26-31, 27-23, 6-10, 23-19, 10-14, 19-16, 8-11, 16x7, 2x11, 25-22, 13-17, 22x13, 31-27, 13-9, 27x20, 9-6, 1x10, 28-24, 20x27, 21-17, 14x21"
54,1,54,0,1,"10-14, 22-18, 7-10, 26-22, 11-15, 18x11, 8x15, 23-18, 14x23, 27x18x11, 4-8, 11x4, 9-13, 32-27, 2-7, 22-18, 13-17, 21x14, 10x17, 30-26, 6-10, 18-15, 10x19, 24x15, 5-9, 25-22, 12-16, 22x13x6, 1x10x19, 27-23, 7-10, 31-27, 19-24, 28x19x12, 10-14, 27-24, 3-7, 12-8, 7-10, 29-25, 14-18, 23x14x7"
55,1,55,0,0,"11-16, 21-17, 7-11, 23-19, 16x23, 27x18, 12-16, 24-19, 16x23, 26x19, 10-14, 17x10, 6x15x24, 28x19, 9-14, 18x9, 5x14, 19-15, 11x18, 22x15, 2-7, 15-10, 1-6, 10x1, 7-10, 31-27, 8-11, 25-22, 4-8, 1-6, 11-16, 6x15, 8-11, 15x8, 3x12, 27-23, 14-17, 22x13, 16-19, 23x16, 12x19, 30-25, 19-24, 25-21, 24-28, 21-17"
56,1,56,0,1,"10-15, 24-19, 15x24, 28x19, 12-16, 19x12, 9-13, 21-17, 11-15, 23-19, 15x24, 27x20, 6-10, 32-28, 5-9, 22-18, 13x22, 26x17, 7-11, 18-14, 9x18, 17-14, 10x17, 25-22, 17x26, 31x22x15, 11x18, 29-25, 18-22, 25x18, 1-6, 30-25, 2-7, 20-16, 6-10, 25-21, 10-15, 18x11x2, 8-11, 16x7, 3x10, 12-8, 4x11, 2-7, 11-15, 7x14, 15-18, 14x23"
57,1,57,1,0,"9-13, 24-20, 11-15, 21-17, 10-14, 17x10, 7x14, 25-21, 6-9, 28-24, 2-7, 23-18, 14x23, 27x18x11x2, 12-16, 20x11, 8x15, 24-19, 15x24, 2-6, 1x10, 22-18, 24-27, 32x23, 10-15, 18x11, 3-8, 30-25, 8x15, 25-22, 9-14, 23-19, 15x24, 29-25, 24-27, 31x24, 14-18, 22x15, 13-17, 21x14, 4-8, 14-9, 5x14, 24-19, 14-18, 25-22, 18x25, 15-11, 8x15x24, 26-23, 25-30, 23-18, 30-26, 18-14, 24-28, 14-9, 28-32, 9-5, 32-27, 5-1, 26-23, 1-6, 27-31, 6-2, 31-26, 2-7, 26-30, 7-3, 23-26, 3-7, 30-25, 7-11, 25-30, 11-15, 30-25, 15-19, 25-21, 19-15, 26-31, 15-19, 31-27, 19-16, 21-17, 16-20, 17-14, 20-24, 27x20"
58,1,58,0,0,"10-15, 24-20, 11-16, 20x11, 7x16, 22-18, 15x22, 25x18, 9-13, 23-19, 16x23, 26x19, 12-16, 19x12, 8-11, 28-24, 4-8, 21-17, 13x22, 18-15, 11x18, 31-26, 22x31, 30-25, 6-10, 24-20, 31x24, 20-16, 5-9, 32-27, 24x31, 25-21, 31-27, 16-11, 8x15, 21-17, 27-24, 17-14, 10x17, 29-25, 9-14, 12-8, 3x12, 25-21, 24-28"
59,1,59,1,0,"9-13, 24-20, 12-16, 28-24, 6-9, 23-18, 1-6, 18-14, 9x18, 22x15, 10x19x28, 25-22, 6-9, 27-23, 8-12, 30-25, 9-14, 32-27, 5-9, 22-17, 13x22, 26x17x10, 7x14, 21-17, 14x21x30, 23-19, 16x23x32, 31-27, 32x23, 20-16, 11x20, 29-25, 30x21"
60,1,60,0,1,"12-16, 24-19, 10-15, 19x12, 6-10, 23-19, 15x24, 27x20, 1-6, 32-27, 9-13, 27-23, 10-14, 20-16, 11x20, 21-17, 14x21, 22-17, 13x22, 25x18, 5-9, 26-22, 7-10, 22-17, 10-14, 17x10x1, 9-13, 23-19, 20-24, 19-15, 3-7, 12x3x10, 21-25, 29x22, 13-17, 28x19, 17x26, 31x22, 2-6, 30-25, 6-9, 1-5, 9-13, 18-14, 13-17, 22x13, 4-8, 10-7, 8-11, 15x8"
61,1,61,0,0,"10-15, 24-19, 15x24, 27x20, 9-14, 28-24, 11-16, 20x11, 8x15, 22-17, 15-18, 17x10, 7x14, 23-19, 3-8, 25-22, 18x25, 29x22, 6-10, 30-25, 2-6, 32-28, 6-9, 22-18, 14x23x30, 19-16, 12x19, 24x15x6, 1x10, 25-22, 9-14, 22-17, 30-26, 31x22, 8-12, 28-24, 14-18, 22x15x6, 4-8, 6-2, 12-16, 24-19, 16x23, 17-13, 23-26, 2-7, 26-30, 13-9, 5x14, 7-10, 8-11, 10x17, 30-26, 17-14, 26-31, 14-18, 11-16, 18-14, 31-26"
62,1,62,1,0,"10-15, 22-17, 9-13, 25-22, 15-18, 23x14, 11-16, 30-25, 6-9, 22-18, 13x22, 26x17, 8-11, 24-20, 7-10, 14x7, 3x10, 18-15, 10x19, 28-24, 19x28, 27-23, 9-13, 17-14, 1-6, 14-10, 6x15, 21-17, 13x22, 25x18, 15x22, 32-27, 5-9, 29-25, 22x29, 31-26, 29-25, 27-24, 9-14, 23-19, 16x23x30, 24-19, 11-15, 19x10, 25-29, 10-6, 2x9, 20-16, 12x19"
63,1,63,0,1,"9-13, 23-19, 10-14, 22-18, 14x23, 27x18, 6-10, 24-20, 11-15, 18x11, 7x16x23, 26x19, 1-6, 30-26, 10-14, 28-24, 6-9, 32-28, 2-7, 21-17, 13x22, 26x17x10, 7x14, 31-27, 3-7, 25-22, 9-13, 19-16, 12x19, 24x15, 7-10, 15x6, 14-18, 22x15, 8-11, 15x8, 4x11, 20-16, 11x20, 27-23, 13-17, 23-19, 17-22, 28-24, 20x27, 19-15, 22-26, 15-10, 27-31, 6-2, 26-30, 2-6, 31-26, 6-2, 26-22, 10-7, 22-18, 7-3, 5-9, 3-8, 18-23, 8-11, 23-19, 11-7, 19-23, 2-6, 30-25, 29x22, 23-26, 6x13, 26x17, 13x22"
64,1,64,0,1,"11-15, 23-18, 9-14, 18x11, 7x16, 24-19, 16x23, 27x18x9, 5x14, 22-18, 14x23, 26x19, 12-16, 19x12, 3-7, 12x3, 1-5, 21-17, 5-9, 25-21, 4-8, 3x12, 10-14, 17x10x1, 9-13, 1-5, 7-11, 30-25, 11-16, 12x19, 2-7, 31-26, 7-11, 19-16, 11x20, 26-22, 20-24, 28x19, 13-17, 22x13"
65,1,65,0,1,"12-16, 22-18, 8-12, 21-17, 10-15, 17-13, 15x22, 25x18, 7-10, 29-25, 2-7, 25-22, 4-8, 30-25, 10-14, 22-17, 14x21x30, 24-19, 30-25, 26-22, 11-15, 19x10, 6x15, 18x11x2, 25x18, 13x6, 1x10, 23x14x7, 3x10, 31-26, 8-11, 28-24, 11-15, 26-23, 15-19, 24x15x6, 5-9, 6-1, 16-20, 1-5, 20-24, 5x14, 24x31, 2-6, 31-26, 14-18, 26x19, 18-22, 19-15, 6-1, 12-16, 1-5, 16-20, 32-28, 15-10, 22-25, 10-15, 5-1, 15-18, 25-30, 20-24, 28x19, 18-15, 19x10"
66,1,66,0,1,"11-16, 22-18, 9-13, 24-19, 13-17, 21x14, 10x17, 19-15, 8-11, 15x8, 4x11, 27-24, 5-9, 32-27, 17-22, 26x17, 7-10, 18-15, 10x19x26, 30x23, 16-20, 24-19, 20-24, 27x20, 9-14, 17x10, 6x15x24, 28x19, 2-6, 31-27, 11-15, 19x10, 6x15, 23-18, 15x22, 25x18, 1-5, 27-23, 12-16, 20x11, 3-8, 11x4, 5-9, 29-25, 9-13, 18-14, 13-17, 23-19, 17-21, 19-16, 21x30, 14-10, 30-25, 4-8, 25-22, 8-12, 22-17, 16-11, 17-13, 10-7, 13-9, 7-2, 9-6, 2x9"
67,1,67,0,1,"9-13, 21-17, 10-14, 17x10, 7x14, 23-19, 13-17, 22x13, 3-7, 13-9, 6x13, 25-22, 12-16, 19x12x3x10x17, 2-7, 17-21, 4-8, 24-19, 1-6, 29-25, 6-9, 21-17, 9-14, 17x10x3x12, 13-17, 22x13, 11-16, 26-22, 16x23, 27x18, 5-9, 13x6"
68,1,68,1,0,"10-15, 24-20, 11-16, 20x11, 7x16, 22-18, 15x22, 26x17, 9-13, 27-24, 13x22, 25x18, 6-9, 30-25, 1-6, 31-26, 9-13, 24-19, 6-10, 32-27, 5-9, 27-24, 8-11, 24-20, 11-15, 18x11, 13-17, 21x14x7, 3x10, 11-7, 2x11, 23-18, 16x23x30x21, 18-14, 9x18, 20-16, 11x20, 28-24, 20x27, 29-25, 21x30"
69,1,69,1,0,"10-15, 23-18, 9-13, 24-19, 15x24, 27x20, 6-9, 21-17, 2-6, 18-14, 9x18, 22x15, 11x18, 31-27, 13x22x31x24, 28x19, 12-16, 19x12, 18-22, 25x18, 7-11, 18-15, 11x18, 30-26, 18-23, 26x19, 5-9, 29-25, 8-11, 25-22, 4-8, 22-18, 3-7, 12x3x10, 6x15x22, 19-15, 11x18, 32-28, 18-23, 28-24, 9-13, 24-19, 22-25, 20-16, 13-17, 16-12, 25-30, 19-15, 1-6, 12-8, 30-25, 15-10, 6x15, 8-4, 23-27, 4-8, 15-18, 8-11, 25-22, 11-7, 17-21, 7-2, 22-25, 2-7, 18-22, 7-10, 27-31, 10-15, 31-26, 15-10, 25-29, 10-7, 29-25, 7-3, 25-30, 3-8, 22-25, 8-11, 26-23, 11-16, 30-26, 16-12, 23-27, 12-16, 27-32, 16-12, 32-28, 12-8, 25-29, 8-12, 26-23, 12-8, 21-25, 8-4, 23-19, 4-8, 19-15, 8-3, 15-19, 3-7, 28-24, 7-11, 24-20, 11-15, 19x10"
70,1,70,0,1,"11-15, 22-17, 8-11, 17-13, 12-16, 24-20, 4-8, 28-24, 16-19, 23x16, 15-18, 32-28, 10-14, 25-22, 18x25, 29x22, 6-10, 13x6, 2x9, 22-17, 11-15, 17-13, 15-19, 24x15x6, 1x10, 13x6, 8-12, 26-22, 12x19, 27-24, 19-23, 30-26, 23x30, 31-26, 30x23, 24-19, 23x16, 20x11x2, 14-17, 21x14x7, 3x10, 22-17, 10-15, 28-24, 5-9, 6-1, 9-14, 17x10, 15-19, 24x15"
71,1,71,0,1,"10-15, 24-20, 15-18, 23x14, 9x18, 22x15, 11x18, 25-22, 18x25, 29x22, 12-16, 20x11, 7x16, 30-25, 16-20, 22-17, 2-7, 25-22, 8-12, 26-23, 3-8, 17-14, 20-24, 28x19, 12-16, 19x12x3x10, 6x15, 21-17, 5-9, 14x5, 15-18, 23x14, 4-8, 14-10, 8-12, 27-24, 1-6, 10x1, 12-16, 32-27, 16-19, 24x15"
72,1,72,0,0,"9-13, 22-17, 13x22, 26x17, 11-15, 24-20, 7-11, 30-26, 11-16, 20x11, 15-18, 23x14x7, 3x10, 27-24, 8x15, 32-27, 2-7, 17-14, 10x17, 21x14, 12-16, 14-9, 6x13, 26-23, 13-17, 25-21, 15-19, 21x14, 19x26, 31x22, 16-20, 14-9, 5x14, 29-25, 7-11, 24-19, 1-6, 27-24, 20x27, 28-24, 6-10, 24-20, 10-15, 19x10, 27-31, 25-21, 31-26, 10-7, 26x17, 7-2, 4-8, 2-6, 11-16, 20x11x4, 14-18, 21x14, 18-22, 6-2, 22-25, 2-7, 25-29, 7-3, 29-25, 14-10, 25-22, 3-8, 22-26, 10-7, 26-30, 7-3, 30-26, 8-12, 26-22, 12-8, 22-26"
73,1,73,1,0,"9-14, 22-18, 6-9, 18-15, 11x18, 26-22, 1-6, 22x15, 10x19x26, 31x22, 14-17, 21x14, 9x18, 22x15, 6-10, 15x6, 2x9, 27-23, 12-16, 32-27, 8-11, 24-20, 3-8, 28-24, 16-19, 23x16, 11-15, 16-11, 7x16, 20x11, 15-18, 24-19, 8x15x24x31, 30-26, 31x22, 25-21, 22-26, 21-17, 26-23, 17-14, 23-19, 29-25, 19-23, 25-21, 18-22, 21-17, 9x18, 17-13, 23-27, 13-9, 5x14"
74,1,74,0,1,"11-15, 22-17, 8-11, 26-22, 3-8, 17-13, 11-16, 22-17, 9-14, 30-26, 15-19, 24x15, 10x19, 17x10x3, 5-9, 21-17, 19-24, 28x19, 1-5, 32-28, 2-7, 3x10x1, 9-14, 17x10, 5-9, 13x6, 8-11, 1-5, 16-20, 5-9, 4-8, 26-22, 11-15, 9-13, 15x24, 28x19, 12-16, 19x12x3, 20-24, 27x20"
75,1,75,0,0,"10-14, 23-19, 6-10, 21-17, 14x21, 19-16, 11x20, 24-19, 12-16, 19x12, 7-11, 28-24, 3-7, 12x3, 11-16, 22-17, 9-14, 26-23, 2-6, 25-22, 7-11, 30-25, 21x30, 23-18, 14x21, 29-25, 10-15, 27-23, 20x27, 31x24, 6-10, 18-14, 10x17x26, 24-20, 4-8, 3x12x19x10, 11-15, 10x19, 5-9, 19-24, 1-6, 24-27, 9-14, 25-22, 6-10, 23-18, 14x23, 27x18, 10-15, 18x11, 26-31, 22-18, 30-25, 20-16, 31-26, 18-14, 25-30, 11-15, 26-22, 15-11, 22-17, 14-9, 17-14, 16-12, 14x5, 11-16, 5-9, 16-11, 9-13, 11-15, 30-26, 15-11, 26-22, 11-8, 22-17, 8-4, 17-22, 12-8, 13-9, 32-27, 22-18, 8-3, 18-14, 27-24, 14-17, 24-19, 17-13, 3-7, 21-25, 19-15, 9-5, 7-3, 13-17, 4-8, 17-21, 15-11, 5-1, 11-7, 25-30, 8-4, 21-17, 7-2, 30-25, 2-6, 1x10, 4-8, 17-21, 8-4, 25-22, 4-8, 21-25"
76,1,76,0,1,"11-15, 23-18, 10-14, 18x11, 7x16, 26-23, 14-18, 23x14, 9x18, 22x15, 6-10, 15x6, 2x9, 31-26, 9-14, 21-17, 14x21, 24-19, 16x23, 26x19, 1-6, 30-26, 21x30x23x16, 29-25, 16-11, 27-24, 5-9, 24-20, 12-16, 32-27, 8-12, 25-21, 4-8, 28-24, 11-7, 20x11x2, 9-14, 2x9x18, 12-16, 24-20, 16-19, 21-17, 8-12, 20-16, 3-7, 27-23, 19x26, 18-14, 12x19, 14-18, 19-23, 18x27, 26-30, 27-23, 30-26, 23x30, 7-10, 30-26, 10-14, 17x10"
77,1,77,0,1,"9-14, 22-17, 5-9, 17-13, 12-16, 24-19, 10-15, 19x12, 14-17, 21x14x5, 15-19, 23x16, 11x20, 25-21, 6-9, 13x6, 1x10, 26-22, 8-11, 27-24, 20x27, 32x23, 4-8, 22-17, 11-15, 30-26, 10-14, 17x10, 7x14, 29-25, 3-7, 12x3x10x19, 14-18, 23x14, 2-6, 19-16, 6-9, 26-22, 9x18, 22x15"
78,1,78,1,0,"9-14, 24-19, 11-16, 23-18, 16x23, 18x9, 6x13, 27x18, 10-15, 18x11, 8x15, 31-27, 15-19, 22-17, 13x22x31x24, 21-17, 3-8, 32-27, 24x31, 17-13, 19-23, 28-24, 31-27, 25-22, 27x20, 30-26, 23x30, 13-9, 5x14, 29-25, 30x21, 22-17, 1-6, 17x10x1, 7-10, 1-6, 2x9"
79,1,79,0,0,"12-16, 22-18, 16-20, 25-22, 9-14, 18x9, 6x13, 24-19, 11-15, 21-17, 15x24, 28x19, 2-6, 19-16, 8-11, 29-25, 10-15, 23-18, 6-10, 16-12, 10-14, 18x9, 5x14x21, 32-28, 13-17, 22x13, 1-5, 25-22, 15-18, 22x15x8, 4x11, 28-24, 11-15, 24-19, 15x24, 27-23, 3-8, 12x3x10, 24-28, 10-7, 20-24, 7-3, 5-9, 13x6, 24-27, 31x24, 28-32, 26-22, 32-27, 24-20, 27x18x25, 20-16, 25-29, 6-2, 21-25, 30x21, 29-25, 2-6, 25-30, 6-2, 30-26, 2-6, 26-31, 6-9, 31-27, 9-6, 27-32, 6-10, 32-27, 21-17, 27-23, 10-14, 23-26, 3-8, 26-31, 8-3, 31-26"
80,1,80,0,1,"9-14, 24-20, 14-17, 21x14, 10x17, 22x13, 12-16, 23-18, 5-9, 27-24, 7-10, 26-22, 3-7, 25-21, 10-15, 31-27, 16-19, 30-25, 19-23, 24-19, 15x24x31, 22-17, 31-26, 17-14, 23-27, 32x23, 26x19, 14x5, 11-16, 20x11, 7x16, 18-14, 19-24, 28x19x12x3, 6-9, 13x6, 1x10x17, 21x14, 2-6, 25-22, 6-10, 14x7, 4-8, 3x12"
81,1,81,0,0,"10-14, 24-20, 14-17, 22x13, 11-15, 27-24, 12-16, 20x11, 7x16, 23-18, 15x22, 25x18, 16-20, 24-19, 9-14, 18x9, 5x14, 19-16, 14-18, 21-17, 6-9, 13x6, 2x9, 32-27, 9-13, 16-11, 8x15, 27-24, 20x27, 31x24, 13x22x31, 24-19, 15x24, 28x19, 31-27, 30-25, 27-24, 19-16, 3-7, 16-12, 1-6, 25-21, 6-10, 12-8, 4x11, 29-25, 10-15, 21-17, 24-20, 17-14, 18-22, 25x18, 15x22, 14-9, 20-16, 9-5, 7-10, 5-1, 22-25, 1-6, 16-20, 6x15x8, 20-16, 8-3, 25-30, 3-7, 30-25, 7-2, 25-30, 2-7"
82,1,82,1,0,"10-14, 24-19, 7-10, 19-16, 12x19, 23x16x7, 2x11, 28-24, 11-15, 24-20, 14-18, 21-17, 18-23, 26x19, 15x24, 17-14, 9x18, 22x15, 10x19, 30-26, 8-11, 26-23, 19x26, 31x22, 24x31, 20-16, 11x20, 22-17, 3-8, 17-14, 6-10, 14x7, 5-9, 25-21, 9-14, 29-25, 31-26, 32-27, 1-5, 21-17, 14x21x30, 27-24, 20x27, 7-2, 8-12, 2-7, 26-31, 7-11, 30-26, 11-8, 4x11"
83,1,83,1,0,"10-15, 23-19, 11-16, 19x10, 7x14, 24-19, 16x23, 27x18, 14x23, 26x19, 9-14, 19-16, 12x19, 22-18, 14x23, 21-17, 23-27, 31x24x15, 3-7, 17-13, 7-11, 32-27, 11x18, 27-24, 6-9, 13x6, 2x9, 24-20, 8-11, 25-22, 18x25, 29x22, 1-6, 28-24, 9-13, 20-16, 11x20x27, 22-18, 13-17, 18-14, 27-32, 14-9, 5x14, 30-26, 6-9, 26-23, 17-22, 23-18, 14x23"
84,1,84,0,1,"12-16, 23-18, 9-14, 18x9, 6x13, 27-23, 5-9, 23-18, 16-20, 18-14, 20x27, 14x5, 11-15, 32x23, 1-6, 28-24, 15-18, 23x14, 10x17, 21x14, 13-17, 22x13, 7-10, 14x7, 2x11, 31-27, 11-16, 27-23, 8-11, 23-19, 16x23, 26x19, 11-15, 19x10x1, 3-8, 24-19, 8-11, 25-21, 11-16, 19x12, 4-8, 12x3"
85,1,85,1,0,"10-14, 22-17, 7-10, 25-22, 9-13, 23-19, 5-9, 19-16, 11x20, 22-18, 13x22, 26x17, 14x23, 27x18, 20x27, 32x23, 1-5, 31-27, 9-14, 18x9, 5x14, 17-13, 6-9, 13x6, 2x9, 27-24, 12-16, 29-25, 3-7, 23-19, 16x23, 30-26, 23x30, 24-19, 8-12, 28-24, 4-8, 19-15, 10x19x28, 21-17, 14x21, 25-22, 21-25, 22-17, 28-32, 17-13, 9-14, 13-9, 7-10, 9-5, 32-28, 5-1, 30-26, 1-6, 8-11, 6x15x8, 26-30, 8-3, 28-24, 3-8, 25-29, 8-11, 30-25, 11-16, 12x19"
86,1,86,1,0,"11-15, 24-20, 7-11, 23-18, 3-7, 22-17, 15x22, 25x18, 9-14, 18x9, 6x13x22, 26x17, 5-9, 17-14, 9x18, 20-16, 11x20, 21-17, 20-24, 28x19, 1-5, 27-24, 10-14, 17x10x3, 18-22, 3-7, 2x11, 29-25, 22x29, 32-28, 11-16, 24-20, 16x23, 31-26, 29-25, 30x21, 23x30, 21-17, 30-25, 28-24, 25-29, 20-16, 12x19x28, 17-13, 8-11, 13-9, 5x14"
87,1,87,0,1,"11-15, 23-19, 12-16, 19x12, 15-18, 22x15, 10x19, 24x15, 8-11, 15x8, 4x11, 28-24, 3-8, 12x3x10, 6x15, 27-23, 15-18, 23x14, 9x18, 24-19, 2-7, 31-27, 1-6, 26-22, 5-9, 22x15x8, 6-10, 8-3, 10-14, 3x10x17, 9-14, 17x10"
88,1,88,1,0,"10-15, 23-18, 7-10, 26-23, 15-19, 24x15, 10x19x26, 30x23, 11-15, 18x11, 8x15, 21-17, 6-10, 23-19, 15x24, 27x20, 9-13, 31-27, 2-7, 25-21, 1-6, 27-23, 4-8, 29-25, 8-11, 22-18, 13x22x29, 20-16, 12x19x26, 18-15, 10x19, 32-27, 5-9, 27-24, 11-15, 21-17, 29-25, 24-20, 25-22, 28-24, 19x28, 17-13, 7-10, 20-16, 22-17, 16-11, 17-14, 11-7, 28-32, 7-2, 32-27, 2-7, 14-18, 7x14x5, 18-14, 5-9, 14x5, 13-9, 6x13"
89,1,89,1,0,"10-14, 21-17, 14x21, 23-19, 9-14, 27-23, 14-18, 23x14, 6-10, 19-16, 11x20x27, 32x23, 10x17, 22x13, 5-9, 13x6, 2x9, 23-19, 12-16, 19x12, 9-14, 26-23, 1-5, 28-24, 14-18, 23x14, 8-11, 25-22, 11-15, 30-26, 7-11, 24-19, 15x24, 14-9, 5x14, 31-27, 24x31, 22-18, 31x22x15, 29-25, 21x30, 12-8, 3x12"
90,1,90,0,0,"9-14, 23-18, 14x23, 26x19, 10-14, 30-26, 5-9, 24-20, 14-17, 22x13, 11-16, 20x11, 8x15x24, 27x20, 7-10, 32-27, 1-5, 26-23, 4-8, 23-18, 10-14, 31-26, 14x23x32, 26-22, 3-7, 20-16, 12x19, 22-17, 9-14, 17x10x3x12, 32-27, 12-8, 27-24, 8-4, 2-7, 25-22, 24-27, 22-18, 7-11, 29-25, 11-16, 21-17, 16-20, 25-22, 27-32, 17-14, 32-27, 4-8, 20-24, 8-11, 6-9, 13x6, 27-32, 22-17, 19-23, 28x19, 23-26, 19-16, 32-27, 11-8, 27-24, 6-2, 26-30, 2-6, 24-19, 8-4, 19x12, 14-9, 5x14x23, 6-10, 23-26, 10-15, 12-8, 4x11, 30-25, 15-19, 26-30, 17-13, 25-22, 13-9, 30-25, 19-24, 22-26, 11-15, 26-30, 24-27, 25-22, 27-24, 22-17, 15-19, 30-26, 19-23, 26x19x28, 9-6, 28-24, 6-2, 17-13, 2-6, 13-9, 6x13, 24-20, 13-17, 20-24, 17-22, 24-28, 22-18, 28-32, 18-15, 32-27, 15-18, 27-24"
91,1,91,0,1,"10-14, 22-18, 7-10, 18-15, 11x18, 23-19, 9-13, 19-15, 10x19, 24x15, 12-16, 25-22, 18x25, 29x22, 16-19, 15-11, 8x15, 22-18, 14x23, 27x18x11, 2-7, 11x2x9, 5x14, 30-25, 4-8, 25-22, 19-23, 26x19, 13-17, 22x13, 8-11, 13-9, 11-15, 19x10, 3-8, 31-27, 1-6, 9x2, 8-12, 21-17, 14x21, 28-24, 21-25, 24-20, 25-30, 2-6, 12-16, 20x11, 30-25, 11-7, 25-30, 7-3, 30-26, 27-24, 26-23, 32-28, 23-26, 6-2, 26-22, 2-7, 22-18, 3-8, 18-15, 8-3, 15x6, 24-20, 6-1, 7-10, 1-5, 3-7, 5-1, 7-11, 1-6, 10x1"
92,1,92,0,0,"12-16, 24-19, 8-12, 22-18, 4-8, 18-14, 10x17, 21x14, 9x18, 23x14, 16x23, 27x18, 12-16, 28-24, 16-19, 24x15, 6-9, 14-10, 7x14x23, 26x19, 11x18, 30-26, 9-14, 32-27, 1-6, 27-24, 14-17, 19-16, 2-7, 24-19, 7-10, 26-23, 18x27, 31x24, 6-9, 16-12, 10-14, 25-22, 17x26, 19-15, 8-11, 15x8, 9-13, 24-20, 13-17, 8-4, 17-21, 20-16, 14-17, 12-8, 3x12x19, 29-25, 21x30, 4-8, 30-25, 8-11, 25-29, 11-8, 17-21, 8-4, 21-25, 4-8, 26-31, 8-3, 19-24, 3-8, 31-26"
93,1,93,0,0,"9-14, 23-19, 11-15, 27-23, 5-9, 22-18, 15x22, 25x18, 1-5, 24-20, 9-13, 18x9, 5x14, 23-18, 14x23, 31-27, 10-15, 19x10x1, 2-6, 26x19, 13-17, 21x14, 7-10, 14x7, 3x10, 29-25, 10-15, 19x10, 6x15, 27-23, 12-16, 20x11, 15-18, 23x14, 8x15, 28-24, 4-8, 25-21, 8-12, 1-5, 15-19, 24x15, 12-16, 21-17, 16-20, 14-10, 20-24, 5-1, 24-28, 10-6"
94,1,94,0,0,"9-14, 23-18, 14x23, 27x18, 11-16, 18-14, 10x17, 21x14, 16-19, 24x15, 6-9, 15-11, 9x18, 22x15, 7x16, 28-24, 8-11, 15x8, 4x11, 26-23, 11-15, 24-19, 15x24, 30-26, 16-19, 23x16, 12x19, 26-23, 19x26, 31x22, 24-27, 32x23, 5-9, 23-18, 1-6, 25-21, 2-7, 18-15, 7-11, 15x8, 3x12, 22-18, 9-14, 18x9x2, 12-16, 21-17, 16-20, 2-6, 20-24, 17-13, 24-28, 6-10, 28-32, 10-7, 32-27, 13-9, 27-24, 9-5, 24-28, 7-10, 28-24, 10-15, 24-28, 15-10"
95,1,95,0,0,"11-15, 24-20, 15-19, 23x16, 12x19, 22-18, 9-14, 18x9, 5x14, 26-22, 14-18, 22x15, 1-5, 28-24, 19x28, 25-22, 10x19, 27-24, 19-23, 20-16, 23-26, 30x23, 7-10, 23-19, 8-12, 22-18, 5-9, 19-15, 12x19, 21-17, 9-13, 29-25, 13x22x29, 32-27, 10-14, 18x9, 6x13, 15-11, 3-7, 24x15, 7x16, 31-26, 2-6, 27-23, 4-8, 15-11, 8x15, 26-22, 15-18, 23x14, 6-10, 14x7, 16-19, 7-2, 29-25, 2-7, 25x18, 7-2, 19-24, 2-6, 24-27, 6-1, 18-15, 1-5, 27-31, 5-1, 15-10, 1-5, 31-27"
96,1,96,0,1,"11-16, 21-17, 9-13, 23-18, 5-9, 26-23, 16-20, 31-26, 10-14, 17x10, 7x14, 24-19, 8-11, 19-16, 12x19, 23x16x7, 3x10, 27-24, 14x23, 26x19, 20x27, 32x23, 13-17, 22x13, 9-14, 25-21, 4-8, 19-15, 10x19x26, 30x23, 14-17, 21x14, 8-11, 28-24, 6-10, 14x7, 1-5, 29-25, 11-15, 24-19, 2x11, 19x10, 11-15, 13-9, 5x14, 25-22, 14-17, 22x13, 15-19, 23x16"
97,1,97,0,1,"10-14, 23-19, 11-15, 19x10, 6x15, 24-20, 2-6, 27-23, 15-18, 22x15, 7-10, 25-22, 10x19, 23x16, 12x19, 22-17, 8-12, 17x10, 6x15, 26-23, 19x26, 30x23, 9-13, 23-18, 15x22, 32-27, 13-17, 21x14, 22-25, 29x22, 5-9, 14x5, 4-8, 22-17, 8-11, 17-13, 11-16, 20x11, 3-7, 11x2, 1-6, 2x9, 12-16, 28-24, 16-20, 24-19, 20-24, 27x20"
98,1,98,1,0,"9-13, 22-17, 13x22, 26x17, 11-16, 31-26, 6-9, 23-18, 2-6, 27-23, 10-15, 18x11x2, 6-10, 26-22, 16-20, 2-7, 20x27, 7x14, 9x18, 22x15, 1-6, 15-10, 6x15, 30-26, 5-9, 28-24, 27-31, 23-18, 31x22x13, 18x11, 8x15, 21-17, 13x22, 25x18x11, 9-13, 24-19, 3-8, 32-27, 8x15x24x31, 29-25, 12-16, 25-21, 13-17, 21x14, 16-19, 14-10, 19-24, 10-6, 31-27, 6-2, 4-8, 2-7, 8-12, 7-3, 27-31, 3-7, 24-27, 7-10, 27-32, 10-15, 12-16, 15-19, 16x23"
99,1,99,0,1,"11-15, 23-18, 7-11, 22-17, 15x22, 25x18, 2-7, 26-22, 9-14, 18x9x2, 10-15, 17-14, 15-19, 24x15, 11x18x25, 29x22, 12-16, 2x11x20, 3-7, 14-9, 5x14, 28-24, 14-18, 22x15, 7-10, 15x6, 1x10, 31-26, 10-15, 27-23, 15-19, 23x16, 8-12, 24-19, 4-8, 26-22, 8-11, 16x7, 12-16, 20x11"
100,1,100,0,0,"12-16, 22-18, 16-19, 23x16, 11x20, 18-15, 10x19, 24x15, 9-13, 15-11, 8x15, 27-23, 4-8, 23-19, 15x24, 28x19, 6-10, 31-27, 1-6, 27-23, 5-9, 19-16, 10-14, 23-18, 14x23, 26x19, 20-24, 19-15, 24-28, 16-11, 7x16, 25-22, 8-12, 32-27, 16-19, 15-11, 13-17, 21x14x5, 6-9, 30-25, 9-14, 22-17, 14x21x30, 5-1, 30-26, 27-23, 28-32, 23x16, 12x19, 1-5, 2-7, 11x2, 26-30, 2-7, 3x10, 5-9, 32-28, 9-6, 30-25, 29x22, 19-24, 6x15, 28-32, 15-19, 24-27, 22-17, 32-28, 19-15, 28-32, 15-18, 27-31, 18-15, 32-27, 15-11, 27-24, 11-8, 31-26, 8-11, 26-23, 11-7, 23-19, 7-10, 19-23, 17-14, 24-19, 14-9, 19-24, 9-5, 24-28, 10-6, 23-18, 6-9, 18-23, 9-6"
101,1,101,0,0,"9-13, 22-17, 13x22, 26x17, 10-14, 17x10, 7x14, 31-26, 6-10, 23-19, 5-9, 24-20, 10-15, 19x10, 11-16, 20x11, 8x15, 25-22, 2-7, 22-17, 7-11, 28-24, 12-16, 24-20, 15-18, 27-23, 18x27, 32x23, 4-8, 23-19, 16x23, 26x19, 1-5, 30-26, 8-12, 10-7, 3x10, 19-16, 12x19, 20-16, 11x20, 29-25, 14-18, 17-13, 19-23, 13x6, 23x30, 6-1, 30-26, 21-17, 20-24, 1-6, 24-27, 6x15x22x31x24, 5-9, 24-28, 9-13, 25-22"
102,1,102,0,0,"11-16, 24-20, 10-14, 20x11, 8x15, 28-24, 14-17, 22x13, 15-19, 23x16, 12x19x28, 21-17, 6-10, 13x6, 2x9, 26-22, 9-13, 17-14, 10x17x26, 31x22, 4-8, 27-23, 5-9, 25-21, 7-11, 23-19, 13-17, 21x14x5, 1-6, 22-17, 8-12, 19-15, 11x18, 29-25, 3-7, 25-21, 7-11, 30-25, 6-9, 5-1, 9-13, 25-22, 18x25, 17-14, 25-29, 1-5, 29-25, 5-9, 11-16, 21-17, 13x22, 32-27, 25-21, 27-23, 22-25, 14-10, 16-20, 23-18, 21-17, 9-13, 25-30, 13x22, 30-25, 22x29, 28-32, 18-14, 12-16, 10-7, 32-27, 7-2, 27-24, 14-9, 24-19, 2-6, 20-24, 9-5, 19-23, 29-25, 23-18, 25-21, 24-27, 5-1, 16-19, 1-5, 18-15, 5-1, 15-11, 6-9, 11-16, 21-25, 27-31, 25-22, 31-27, 9-14, 27-32, 14-18, 19-24, 1-5, 32-28, 22-25, 16-11, 18-15, 11x18, 25-30, 18-23, 5-1, 23-27, 1-5, 28-32, 30-25, 27-23, 25-30, 32-27, 30-26, 23x30, 5-9, 24-28, 9-6, 27-31, 6-2, 31-27, 2-7, 27-24, 7-11, 24-19, 11-7, 19-16, 7-10, 16-12, 10-15, 30-25, 15-10, 12-16"
103,1,103,0,0,"11-15, 24-20, 7-11, 22-17, 10-14, 17x10, 11-16, 20x11, 9-14, 21-17, 14x21, 23-19, 15x24, 27x20, 8x15, 20-16, 12x19, 10-7, 2x11, 26-23, 19x26, 31x22, 6-9, 22-18, 15x22, 25x18, 11-16, 28-24, 16-19, 24x15, 4-8, 32-28, 21-25, 30x21, 9-13, 29-25, 8-11, 15x8, 3x12, 21-17, 13x22x29, 18-14, 12-16, 28-24, 1-6, 24-20, 5-9, 14x5, 6-9, 20x11, 29-25, 11-8, 25-22, 8-3, 22-25, 5-1, 25-22, 3-8"
104,1,104,0,0,"9-13, 23-18, 6-9, 24-19, 1-6, 27-23, 13-17, 22x13, 9-14, 18x9, 5x14, 28-24, 12-16, 19x12, 6-9, 13x6, 2x9, 24-19, 11-16, 23-18, 16x23, 26x19, 14x23, 25-22, 9-13, 22-18, 23-26, 31x22, 10-15, 18x11x2, 3-7, 12x3x10, 13-17, 21x14, 4-8, 19-16, 8-12, 16-11, 12-16, 10-7, 16-19, 14-9, 19-24, 22-18, 24-28, 18-15"
105,1,105,0,1,"11-15, 24-20, 9-13, 28-24, 15-19, 24x15, 10x19, 23x16, 12x19, 27-23, 6-9, 23x16, 8-11, 16-12, 2-6, 32-28, 11-15, 26-23, 7-10, 23-18, 3-8, 12x3, 10-14, 18x11, 14-17, 21x14, 9x18, 22x15, 5-9, 30-26, 6-10, 15x6, 1x10, 3-7, 4-8, 7x14x5, 8x15, 25-21, 15-18, 26-22, 18x25, 29x22, 13-17, 22x13"
106,1,106,1,0,"10-14, 23-19, 11-16, 22-17, 16x23, 17x10, 7x14, 27x18, 14x23, 26x19, 9-13, 30-26, 2-7, 19-15, 7-11, 26-23, 11x18x27, 32x23, 6-10, 21-17, 13x22, 25x18, 5-9, 18-14, 10x17, 31-26, 1-5, 29-25, 17-21, 24-20, 21x30, 23-18, 30x23x14, 20-16, 12x19, 28-24, 19x28"
107,1,107,0,1,"10-15, 23-19, 9-14, 19x10, 6x15, 24-20, 15-19, 27-24, 1-6, 24x15, 11x18, 22x15, 5-9, 26-22, 9-13, 22-17, 13x22, 25x18x9, 6x13, 29-25, 2-6, 32-27, 6-10, 15x6, 12-16, 20x11x2, 3-7, 2x11, 8x15, 27-23, 15-19, 23x16, 13-17, 21x14, 4-8, 16-11, 8x15, 31-27, 15-19, 14-10, 19-23, 27x18"
108,1,108,0,0,"11-15, 24-19, 15x24, 28x19, 7-11, 23-18, 10-15, 19x10, 6x15, 27-24, 12-16, 32-27, 8-12, 24-20, 2-6, 27-23, 9-14, 18x9x2, 4-8, 2-7, 3x10, 23-19, 15x24, 22-18, 24-28, 26-22, 10-15, 18-14, 1-6, 21-17, 28-32, 31-27, 32x23, 14-10, 23-26, 30x23, 15-18, 23x14, 6x15, 14-10, 5-9, 17-14, 9x18, 10-6, 16-19, 6-2, 18-23, 22-17, 23-27, 25-21, 27-31, 2-7, 12-16, 17-14, 31-26, 7-2, 26-30, 21-17, 19-23, 29-25, 30x21, 2-6, 23-27, 6-1, 15-18, 14-9, 21x14x5, 1-6, 5-9, 6x13, 27-32, 13-9, 18-22, 9-13, 16-19, 13-17, 19-24, 17x26, 11-16, 20x11x4, 32-28, 26-23, 28-32, 23-19, 32-27, 19x28, 27-23, 28-24, 23-18, 24-20, 18-15, 4-8, 15-19, 8-4, 19-15"
109,1,109,0,1,"11-15, 22-18, 15x22, 26x17, 10-15, 24-20, 9-14, 17x10, 7x14, 23-19, 15x24, 28x19, 12-16, 19x12, 14-17, 21x14, 5-9, 14x5, 6-10, 25-21, 2-7, 31-26, 10-15, 29-25, 1-6, 27-24, 7-11, 24-19, 15x24, 25-22, 3-7, 12x3x10x1, 11-15, 30-25, 15-19, 20-16, 4-8, 16-11, 8x15, 21-17, 24-28, 1-6, 19-24, 6-1, 15-19, 22-18, 19-23, 26x19, 24-27, 32x23, 28-32, 18-14, 32-27, 14-10, 27x18, 19-16, 18-23, 25-21, 23-26, 16-12, 26-23, 17-14, 23-18, 10-6, 18x9x2, 21-17, 2-6, 1x10"
110,1,110,0,0,"9-14, 24-19, 11-15, 22-18, 15x24, 27x20, 10-15, 18x9, 5x14, 28-24, 14-17, 21x14, 1-5, 14-9, 6x13, 23-19, 12-16, 20x11, 7x16x23, 26x19x10, 5-9, 10-7, 3x10, 25-22, 2-6, 30-25, 8-11, 24-20, 11-16, 20x11, 10-15, 11-8, 4x11, 32-27, 13-17, 22x13, 9-14, 27-23, 6-10, 13-9, 15-19, 23x16x7, 14-17, 31-26, 10-14, 9-5, 14-18, 26-23, 18x27, 7-2, 17-22, 25x18, 27-32, 2-7, 32-27, 18-14, 27-24, 14-10, 24-27, 7-3, 27-31, 5-1, 31-26, 3-8, 26-31, 10-7, 31-26, 8-12, 26-23, 1-5, 23-19, 12-16, 19x12, 7-2, 12-8, 2-6, 8-4, 5-9, 4-8, 9-14, 8-11, 14-18, 11-8, 6-10, 8-12, 10-6, 12-16"
111,1,111,0,0,"12-16, 23-19, 16x23, 27x18, 9-14, 18x9, 5x14, 24-19, 11-15, 32-27, 15x24, 27x20, 8-12, 31-27, 12-16, 20x11, 7x16, 22-17, 3-8, 25-22, 8-11, 30-25, 14-18, 22x15x8, 4x11, 25-22, 16-20, 17-13, 20-24, 28x19, 6-9, 13x6, 2x9, 21-17, 10-14, 17x10, 1-5, 29-25, 11-15, 22-18, 15x24x31x22x29, 18-14, 9x18, 10-7, 29-25, 7-3, 5-9, 3-7, 25-22, 7-10, 22-26, 10-7, 26-22"
112,1,112,0,0,"10-14, 22-17, 11-15, 17x10, 7x14, 26-22, 14-17, 21x14, 9x18, 23x14, 6-9, 31-26, 9x18, 26-23, 8-11, 23x14, 15-18, 22x15x8, 4x11, 27-23, 2-6, 32-27, 11-15, 25-22, 6-9, 14-10, 3-8, 22-18, 15x22, 10-7, 12-16, 23-18, 22-26, 30x23, 8-12, 29-25, 9-13, 25-22, 5-9, 24-19, 16-20, 19-15, 1-5, 7-2, 20-24, 28x19, 12-16, 19x12, 9-14, 18x9, 5x14, 27-24, 13-17, 22x13, 14-17, 2-7, 17-22, 7-2, 22-26, 2-7, 26-30, 23-18, 30-25, 7-2, 25-22, 13-9, 22-25, 9-6, 25-30, 12-8, 30-25, 24-19, 25-21, 18-14, 21-17, 14-9, 17-13, 15-10, 13-17, 8-3, 17-14, 3-7, 14x5, 19-15, 5-1, 7-3, 1-5, 2-7, 5-9, 7-2, 9-5"
113,1,113,0,1,"10-15, 22-18, 15x22, 25x18, 7-10, 21-17, 12-16, 24-19, 10-14, 17x10, 6x15x22, 19x12, 11-16, 26x17, 16-19, 23x16, 3-7, 12x3x10, 2-6, 27-23, 6x15, 17-14, 9x18x27, 31x24, 5-9, 24-20, 9-13, 30-25, 1-6, 16-11, 6-10, 11-8, 4x11, 20-16, 11x20, 25-21, 15-18, 32-27, 20-24, 27x20, 13-17, 21x14x7, 18-22, 20-16, 22-26, 7-2, 26-30, 29-25, 30x21, 28-24, 21-17, 24-20, 17-22, 2-6, 22-18, 6-1, 18-15, 1-6, 15-10, 6x15"
114,1,114,0,0,"9-14, 22-17, 11-15, 23-18, 14x23, 26x19, 5-9, 24-20, 15x24, 28x19, 9-13, 32-28, 13x22, 25x18, 10-14, 18x9, 6x13, 20-16, 2-6, 29-25, 8-11, 27-23, 11x20, 23-18, 7-10, 19-15, 10x19, 25-22, 19-24, 28x19, 13-17, 22x13, 6-10, 30-25, 3-8, 31-26, 10-15, 19x10, 1-5, 10-7, 5-9, 13x6, 12-16, 26-22, 16-19, 7-3, 19-24, 3x12, 24-28, 21-17, 28-32, 18-15, 32-27, 12-8, 4x11x18, 22x15, 27-31, 6-1, 31-27, 15-10, 20-24, 1-5, 24-28, 25-22, 27-23, 5-1, 23-26, 17-14, 26x17, 14-9, 28-32, 1-6, 17-13, 6-1, 13x6x15, 1-5, 15-18, 5-1, 32-27, 1-6, 27-23, 6-1, 23-27"
115,1,115,0,1,"12-16, 23-18, 9-14, 18x9, 5x14, 22-17, 6-9, 17-13, 1-5, 13x6, 2x9, 21-17, 14x21, 27-23, 16-19, 23x16, 11x20x27, 31x24, 8-11, 25-22, 10-15, 22-17, 9-14, 17x10, 7x14, 26-22, 15-18, 22x15x8, 4x11, 29-25, 3-8, 24-19, 11-16, 19x12x3, 14-17, 3-7, 17-22, 25x18, 21-25, 30x21, 5-9, 7-2, 9-14, 18x9"
116,1,116,0,0,"10-14, 21-17, 14x21, 24-20, 6-10, 22-18, 10-15, 20-16, 12x19, 23x16, 11x20, 18x11, 7x16, 26-23, 8-12, 31-26, 1-6, 28-24, 3-8, 23-18, 16-19, 24x15, 9-13, 26-22, 6-10, 15x6, 2x9, 18-14, 9x18, 22x15, 12-16, 27-23, 20-24, 32-28, 24-27, 23-19, 16x23, 15-10, 27-31, 10-6, 5-9, 6-2, 31-26, 2-6, 8-11, 6-2, 11-16, 25-22, 26x17, 2-6, 23-27, 6-10, 9-14, 30-25, 21x30, 10-7, 17-22, 7-10, 22-26, 10x17, 13x22, 28-24, 26-23, 29-25, 30x21, 24-20, 4-8, 20x11x4, 23-26, 4-8, 27-31, 8-11, 22-25, 11-8, 26-22, 8-11, 21-17, 11-7, 31-26, 7-10, 26-30, 10-7, 17-21, 7-2, 22-17, 2-7, 17-14, 7-11, 30-26, 11-15, 14-9, 15-11, 26-30"
117,1,117,0,0,"11-15, 24-20, 15-19, 23x16, 12x19, 20-16, 8-12, 28-24, 19x28, 22-17, 12x19, 27-24, 10-14, 17x10, 7x14, 24x15, 2-7, 32-27, 28-32, 27-24, 32-28, 15-11, 7x16, 24-19, 16x23, 26x19, 14-17, 21x14, 9x18, 25-22, 18x25, 30x21, 28-32, 31-27, 32x23x16, 29-25, 16-20, 25-22, 6-9, 21-17, 4-8, 17-13, 8-12, 13x6, 1x10, 22-17, 10-14, 17x10, 3-7, 10x3, 12-16, 3-8, 20-24, 8-3, 24-27, 3-7, 27-23, 7-11, 23-18, 11x20, 18-22, 20-24, 5-9, 24-28, 22-18, 28-32, 18-22, 32-28"
118,1,118,0,1,"12-16, 23-18, 9-14, 18x9, 6x13, 24-20, 5-9, 27-24, 8-12, 21-17, 1-6, 24-19, 16x23, 26x19, 10-14, 17x10x1, 13-17, 22x13x6, 2x9, 25-21, 9-13, 29-25, 7-10, 32-27, 3-7, 25-22, 11-15, 20-16, 15x24, 28x19, 10-15, 19x10x3, 12x19, 1-5, 19-24, 27x20, 13-17, 22x13, 4-8, 3x12"
119,1,119,0,0,"9-14, 23-18, 14x23, 26x19, 6-9, 24-20, 11-16, 20x11, 7x16x23, 27x18, 2-6, 31-26, 10-15, 18x11, 8x15, 22-17, 12-16, 17-14, 9x18, 25-22, 18x25, 29x22, 6-10, 28-24, 16-20, 32-28, 20x27, 26-23, 3-8, 23-19, 15x24, 28x19, 5-9, 19-15, 10x19, 21-17, 19-23, 22-18, 1-6, 17-13, 9-14, 18x9x2, 8-11, 2-6, 11-16, 6-1, 16-19, 30-25, 23-26, 1-5, 27-31, 13-9, 26-30, 25-21, 4-8, 21-17, 31-26, 5-1, 26-31, 1-5"
120,1,120,0,0,"9-13, 24-20, 11-15, 27-24, 13-17, 21x14, 10x17, 22x13, 8-11, 25-22, 5-9, 23-19, 4-8, 19x10, 7x14, 32-27, 14-18, 22x15, 11x18, 24-19, 8-11, 19-15, 2-7, 15x8, 1-5, 20-16, 12x19, 27-23, 3x12, 23x16, 12x19, 26-22, 18x25, 30x21, 19-24, 28x19, 7-10, 19-15, 10x19, 29-25, 19-24, 31-26, 6-10, 13x6, 5-9, 21-17, 24-27, 25-21, 27-32, 26-22, 32-28, 17-14, 9x18x25, 6-1, 10-14, 21-17, 14x21, 1-6, 25-30, 6-1, 30-25"
121,1,121,0,0,"12-16, 23-19, 16x23, 26x19, 9-14, 27-23, 14-17, 22x13, 5-9, 31-26, 10-15, 19x10, 6x15, 13x6, 2x9, 23-19, 1-5, 19x10, 7x14, 21-17, 14x21, 26-23, 11-16, 32-27, 9-13, 24-19, 16-20, 23-18, 8-11, 27-23, 13-17, 18-14, 11-16, 19x12, 20-24, 28x19, 5-9, 14x5, 4-8, 30-26, 21x30, 19-15, 3-7, 12x3x10, 17-22, 26x17, 30-26, 23-18, 26-30, 17-14, 30-26, 10-6, 26-30, 6-2, 30-26, 2-6"
122,1,122,0,1,"9-14, 24-19, 12-16, 19x12, 14-17, 21x14, 10x17, 22x13, 11-16, 25-22, 5-9, 30-25, 1-5, 22-17, 16-19, 23x16, 7-10, 28-24, 8-11, 16x7, 2x11, 32-28, 3-7, 25-22, 10-14, 17x10x1, 11-15, 13x6, 15-18, 22x15, 7-10, 24-19, 10-14, 28-24, 14-18, 12-8, 4x11, 15x8, 18-23, 27x18, 5-9, 8-4, 9-13, 31-27, 13-17, 18-14, 17-21, 26-23, 21-25, 29x22"
123,1,123,0,0,"12-16, 23-18, 16-20, 18-14, 9x18, 22x15, 11x18, 25-22, 18x25, 29x22, 8-12, 21-17, 7-11, 26-23, 12-16, 23-18, 5-9, 30-26, 3-7, 26-23, 9-13, 17-14, 10x17x26, 31x22, 16-19, 23x16, 4-8, 22-17, 13x22, 18-15, 11x18, 24-19, 6-9, 27-23, 18x27, 32x23, 20-24, 16-11, 8x15, 19x10x3, 22-26, 28x19, 2-6, 19-15, 1-5, 3-7, 9-14, 7-10, 6-9, 10x17, 26-30, 23-19, 30-26, 17-22, 26x17, 15-11, 17-21, 19-15, 9-14, 11-8, 21-25, 15-10, 25-21, 10-7, 21-17, 8-4, 14-18, 4-8, 18-23, 8-12, 17-14, 12-8, 5-9, 8-3, 14-18, 7-2, 23-27, 3-7, 27-31, 2-6, 18-14, 6x13, 31-27, 7-10, 14x7, 13-9, 27-32, 9-14, 7-3, 14-9, 3-8, 9-5, 32-28, 5-9, 8-12, 9-5, 28-24, 5-9, 12-8"
124,1,124,1,0,"12-16, 21-17, 16-19, 23x16, 11x20, 27-23, 20x27, 31x24, 8-11, 17-13, 3-8, 22-17, 10-15, 17-14, 9x18x27, 32x23, 6-10, 23-18, 15x22x31, 30-26, 31x22, 25x18, 11-15, 18x11, 7x16, 24-20, 2-6, 20x11, 8x15, 13-9, 6x13, 28-24, 5-9, 24-19, 15x24, 29-25, 10-15, 25-22, 24-27, 22-17, 13x22"
125,1,125,0,1,"12-16, 24-19, 9-13, 19x12, 5-9, 28-24, 11-15, 23-18, 1-5, 18x11, 7x16, 24-20, 10-15, 20x11, 15-18, 22x15, 3-7, 12x3x10x1, 2-7, 11x2, 13-17, 21x14, 9x18, 15-11, 18-23, 27x18, 4-8, 11x4, 5-9, 25-22, 9-14, 18x9"
126,1,126,0,1,"10-14, 24-20, 11-16, 20x11, 8x15, 27-24, 15-18, 22x15, 9-13, 26-22, 3-8, 22-18, 5-9, 31-26, 6-10, 15x6, 1x10, 32-27, 13-17, 24-20, 17-22, 26x17, 7-11, 25-22, 9-13, 18x9, 10-15, 30-25, 11-16, 20x11, 15-18, 23x14, 8x15, 9-5, 2-7, 14-10, 7x14, 17x10, 12-16, 28-24, 16-20, 10-6, 15-18, 22x15, 13-17, 21x14, 4-8, 25-21, 8-12, 14-9, 12-16, 27-23, 20x27, 5-1, 16-19, 23x16, 27-32, 9-5, 32-27, 21-17, 27-31, 15-10, 31-26, 16-11, 26-23, 11-8, 23-27, 6-2, 27-23, 10-7, 23-19, 17-13, 19-16, 29-25, 16-19, 8-4, 19-15, 2-6, 15-10, 6x15"
127,1,127,0,1,"10-15, 22-18, 15x22, 26x17, 7-10, 24-19, 10-14, 17x10, 6x15x24, 28x19, 1-6, 19-15, 11x18, 23x14, 9x18, 27-23, 18x27, 32x23, 12-16, 31-26, 3-7, 23-19, 16x23, 26x19, 6-10, 30-26, 10-15, 19x10x3x12, 4-8, 12x3, 2-6, 25-22, 6-9, 22-17, 9-14, 17x10, 5-9, 26-22, 9-14, 22-17, 14-18, 17-13, 18-22, 13-9, 22-25, 29x22"
128,1,128,0,0,"10-14, 22-18, 12-16, 18-15, 11x18, 24-19, 7-11, 19x12, 6-10, 28-24, 2-7, 26-22, 9-13, 22x15x6, 1x10, 24-19, 13-17, 32-28, 5-9, 30-26, 14-18, 21x14x5, 18-22, 26x17, 11-15, 28-24, 10-14, 19x10, 14x21x30, 29-25, 7x14, 5-1, 30x21, 24-20, 14-18, 23x14, 8-11, 27-23, 11-15, 1-6, 21-25, 6-9, 15-18, 20-16, 18x27, 31x24, 25-21, 12-8, 4x11x20x27, 9-5, 3-8, 5-1, 27-31, 1-6, 21-17, 14-10, 8-12, 6-9, 31-27, 9-6, 27-24, 6-1, 17-21, 1-5, 12-16, 10-6, 16-20, 5-1, 24-27, 1-5, 27-24"
129,1,129,1,0,"9-14, 21-17, 14x21, 22-17, 10-14, 17x10, 6x15, 24-19, 15x24, 27x20, 5-9, 32-27, 7-10, 27-24, 1-6, 20-16, 12x19, 23x16x7, 2x11, 24-20, 9-13, 20-16, 11x20, 31-27, 6-9, 26-23, 8-11, 25-22, 10-15, 27-24, 20x27, 23-18, 3-8, 30-26, 8-12, 22-17, 15x22x31, 28-24, 13x22, 24-19, 31-26, 29-25, 21x30, 19-15, 11x18"
130,1,130,0,0,"10-14, 23-19, 12-16, 19x12, 9-13, 21-17, 14x21, 22-18, 11-15, 18x11, 7x16, 24-19, 16x23, 26x19, 5-9, 28-24, 13-17, 25-22, 17x26, 30x23, 2-7, 24-20, 8-11, 29-25, 21x30, 20-16, 11x20, 31-26, 9-13, 19-16, 7-10, 12-8, 3x12x19, 23x16, 30x23, 27x18, 4-8, 32-28, 10-14, 18x9x2, 8-12, 16-11, 1-6, 2x9, 12-16, 9-5, 13-17, 28-24, 20x27, 5-1, 16-19, 1-6, 17-21, 11-8, 19-23, 6-1, 27-32, 8-3, 23-27, 1-5, 27-31, 5-1, 31-26"
131,1,131,1,0,"9-13, 24-20, 13-17, 21x14, 10x17, 22x13, 5-9, 25-21, 12-16, 28-24, 11-15, 20x11, 7x16, 32-28, 8-12, 26-22, 3-8, 23-19, 16x23x32, 29-25, 8-11, 24-19, 15x24, 28x19, 11-15, 19x10, 6x15, 13x6, 1x10, 31-26, 2-7, 22-18, 15x22x29, 26-22, 10-14, 30-25, 12-16, 21-17, 14x21x30, 22-17, 7-11, 17-14, 16-19, 14-10, 32-28, 10-6, 29-25, 6-2, 19-24, 2-7, 25-29, 7x16, 24-27, 16-19, 27-31, 19-23, 29-25, 23-18, 28-32, 18-22, 25x18"
132,1,132,1,0,"9-14, 22-18, 11-16, 18x9, 5x14, 24-19, 16-20, 28-24, 6-9, 21-17, 14x21, 19-16, 12x19x28, 26-22, 10-15, 27-24, 20x27, 31x24, 9-14, 24-20, 7-11, 23-19, 15x24, 22-18, 14x23, 20-16, 11x20, 25-22, 1-6, 29-25, 24-27, 22-17, 20-24, 17-14, 2-7, 14-10, 6x15, 25-22, 15-19, 22-17, 23-26, 30x23x16, 8-12, 32x23, 12x19x26, 17-14, 4-8, 14-10, 7x14"
133,1,133,0,1,"10-15, 24-20, 12-16, 23-19, 15x24, 28x19x12, 7-10, 32-28, 3-7, 12x3, 4-8, 3x12, 9-14, 22-17, 6-9, 26-23, 9-13, 20-16, 11x20, 12-16, 13x22, 25x18x9, 5x14, 16-19, 10-15, 19x10x17, 1-6, 29-25, 7-11, 25-22, 11-16, 30-26, 6-10, 17-14, 10x17, 22x13, 16-19, 23x16, 2-7, 16-12, 7-11, 12-8, 11-15, 8-4, 20-24, 28x19x10"
134,1,134,0,1,"10-15, 22-17, 7-10, 26-22, 3-7, 17-14, 10x17x26, 31x22, 6-10, 23-19, 15-18, 22x15x6, 1x10, 27-23, 10-15, 19x10x3, 12-16, 3x12x19, 2-7, 32-27, 11-15, 19x10x3, 4-8, 3x12, 9-13, 21-17, 13x22, 25x18, 5-9, 12-8, 9-13, 18-15, 13-17, 8-12, 17-21, 30-25, 21x30, 23-18, 30-26, 27-23, 26x19x10, 29-25, 10-6, 12-8, 6-10, 24-20, 10-15, 18x11"
135,1,135,0,0,"11-16, 21-17, 16-19, 24x15, 10x19, 23x16, 12x19, 27-24, 7-10, 24x15, 10x19, 31-27, 2-7, 22-18, 7-10, 17-13, 3-7, 26-23, 19x26, 30x23, 10-14, 25-21, 14-17, 21x14, 6-10, 13x6, 10x17, 18-15, 1x10x19x26, 27-23, 17-22, 32-27, 8-11, 29-25, 22x29, 28-24, 5-9, 23-19, 9-14, 19-16, 11x20, 24-19, 4-8, 19-15, 26-30, 27-24, 20x27, 15-10, 7-11, 10-7, 11-16, 7-3, 30-26, 3x12x19, 26-31, 19-24, 27-32, 24-19, 32-27"
136,1,136,0,0,"10-15, 23-19, 9-14, 19x10, 6x15, 27-23, 15-19, 23x16, 12x19, 24x15, 11x18, 22x15, 14-17, 21x14, 8-12, 25-21, 3-8, 29-25, 5-9, 14x5, 7-11, 15-10, 12-16, 32-27, 8-12, 27-24, 16-20, 10-6, 1x10, 21-17, 20x27, 31x24, 11-16, 25-21, 16-20, 26-23, 20x27, 30-26, 27-32, 23-18, 12-16, 28-24, 16-20, 26-22, 20x27, 17-14, 10x17x26, 18-14, 2-6, 5-1, 32-28, 1x10, 28-32, 14-9, 27-31, 10-14, 32-27, 9-6, 27-32, 14-18, 26-30, 18-22, 30-25, 22x29, 31-27, 6-2, 27-24, 21-17, 24-20, 2-7, 4-8, 17-13, 32-28, 13-9, 20-24, 9-6, 8-12, 7-2, 24-20, 29-25, 28-24, 25-21, 20-16, 6-1, 24-27, 1-6, 27-32, 6-1, 16-20, 1-6, 32-27"
137,1,137,0,0,"9-14, 24-19, 14-18, 22x15, 11x18, 23x14, 10x17, 21x14, 7-10, 14x7, 3x10, 19-16, 12x19, 25-22, 19-23, 27x18, 10-15, 18x11, 8x15, 30-25, 2-7, 25-21, 7-10, 22-17, 4-8, 29-25, 15-18, 28-24, 18-22, 25x18, 10-14, 17x10, 6x15x22, 26x17, 8-12, 24-20, 5-9, 32-28, 1-6, 20-16, 12x19, 31-27, 6-10, 28-24, 19x28, 27-24, 10-15, 24-20, 9-14, 17x10, 15-18, 10-7, 18-23, 20-16, 23-27, 7-3, 27-32, 16-12, 32-27, 12-8, 27-23, 8-4, 23-18, 3-7, 18-23, 7-11, 23-18, 11-7"
138,1,138,1,0,"12-16, 24-19, 10-14, 19x12, 7-10, 21-17, 14x21, 23-18, 10-14, 28-24, 14x23, 27x18, 9-13, 24-19, 13-17, 22x13, 5-9, 26-22, 1-5, 30-26, 21x30x23x14, 19-15, 11x18x25, 29x22, 14-18, 22x15, 8-11, 15x8, 4x11, 31-26, 11-15, 32-28, 15-19, 12-8, 3x12, 26-22, 9-14, 22-17, 14x21, 13-9, 5x14, 28-24, 19x28"
139,1,139,0,0,"10-14, 24-20, 11-15, 28-24, 14-18, 23x14, 9x18, 27-23, 18x27, 32x23, 8-11, 23-19, 11-16, 20x11, 7x16x23, 26x19x10, 6x15, 30-26, 2-6, 24-19, 15x24, 21-17, 24-27, 31x24, 3-8, 24-20, 8-11, 26-23, 4-8, 20-16, 12x19x26, 25-21, 6-9, 29-25, 9-13, 17-14, 13-17, 22x13, 11-16, 14-10, 16-20, 25-22, 20-24, 13-9, 5x14, 10-6, 1x10, 22-18, 14x23, 21-17, 24-28, 17-13, 8-12, 13-9, 23-27, 9-5, 12-16, 5-1, 26-30, 1-5, 16-19, 5-1, 19-23, 1-5, 27-32, 5-1, 10-14, 1-5, 14-18, 5-1, 32-27, 1-5, 27-31, 5-1, 30-25, 1-5, 25-21, 5-9, 23-26, 9-5, 26-30, 5-9, 31-26, 9-13, 26-23, 13-9, 23-19, 9-14, 18-22, 14-10, 22-25, 10-7, 30-26, 7-3, 19-16, 3-8, 21-17, 8-4, 26-23, 4-8, 17-13, 8-4, 23-26"
140,1,140,0,1,"9-14, 23-19, 14-18, 22x15, 11x18, 21-17, 18-22, 25x18, 8-11, 18-14, 6-9, 26-22, 9x18x25, 30x21, 1-6, 19-15, 10x19, 24x15x8, 4x11, 28-24, 6-9, 27-23, 2-6, 17-14, 9x18x27, 32x23, 6-10, 29-25, 10-15, 31-27, 15-18, 23x14, 3-8, 24-20, 11-16, 20x11x4, 5-9, 14x5, 7-11, 4-8, 12-16, 8x15, 16-20, 27-24, 20x27, 21-17, 27-32, 5-1, 32-28, 17-14, 28-32, 15-11, 32-27, 1-6, 27-23, 14-9, 23-27, 11-15, 27-24, 9-5, 24-19, 15x24"
141,1,141,0,0,"11-16, 22-18, 8-11, 25-22, 9-14, 18x9, 5x14, 29-25, 14-18, 22x15x8, 4x11, 23-19, 16x23, 26x19, 1-5, 24-20, 3-8, 27-23, 5-9, 31-27, 9-14, 23-18, 14x23, 27x18, 11-16, 20x11x4, 12-16, 19x12, 10-15, 18x11, 7x16, 25-22, 6-9, 22-18, 2-6, 30-25, 16-20, 12-8, 20-24, 28x19, 6-10, 19-15, 10x19, 18-14, 9x18, 25-22, 18x25, 32-28, 19-24, 28x19, 25-30, 19-15, 30-25, 8-3, 25-29, 3-7, 29-25, 7-10, 25-29, 10-14, 29-25, 14-9, 25-22, 9-14, 22-25"
142,1,142,0,1,"9-13, 22-18, 6-9, 18-14, 10x17, 21x14, 9x18, 23x14, 7-10, 14x7, 3x10, 24-19, 10-14, 26-22, 1-6, 22-18, 14x23, 27x18, 6-9, 30-26, 13-17, 25-22, 17-21, 19-15, 9-13, 22-17, 13x22, 26x17, 12-16, 15-10, 2-6, 10x1, 16-19, 17-14, 19-24, 28x19, 11-16, 19x12x3, 21-25, 29x22, 4-8, 3x12, 5-9, 14x5"
143,1,143,1,0,"11-15, 24-19, 15x24, 28x19, 8-11, 19-16, 11x20, 23-18, 20-24, 27x20, 10-15, 18x11, 7x16, 20x11, 6-10, 11-8, 4x11, 32-27, 2-6, 22-17, 3-8, 27-23, 11-16, 25-22, 16-19, 23x16, 12x19, 17-14, 10x17, 21x14, 9x18x25, 29x22, 8-12, 26-23, 19x26, 30x23, 6-10, 22-17, 5-9, 31-27, 10-14, 17x10, 9-14, 23-19, 14-17, 10-6, 1x10, 27-23, 12-16, 19x12, 17-22, 23-19, 22-25, 19-16, 10-14, 16-11, 25-29, 11-8, 14-18, 8-4, 18-22, 12-8, 22-25, 8-3, 25-30, 3-8, 29-25, 8-3, 30-26, 4-8, 25-30, 3-7, 26-22, 7-2, 30-26, 8-11, 26-31, 2-6, 22-17, 11-15, 31-26, 6-9, 17-13, 15-10, 13x6x15"
144,1,144,0,0,"10-14, 23-18, 14x23, 26x19, 9-14, 27-23, 14-17, 22x13, 7-10, 30-26, 10-15, 19x10, 6x15, 23-19, 5-9, 13x6, 2x9, 19x10, 12-16, 21-17, 1-5, 17-13, 9-14, 24-20, 14-18, 25-21, 5-9, 13x6, 18-23, 26x19x12, 11-15, 21-17, 15-18, 28-24, 8-11, 31-26, 3-8, 12x3, 18-22, 32-28, 22x31, 20-16, 11x20x27, 3-7, 4-8, 7-11, 8x15, 17-13, 31-26, 13-9, 26-22, 6-1, 15-18, 10-6, 18-23, 9-5, 23-26, 28-24, 27-32, 24-19, 32-28, 19-15, 22-18, 15-10, 18-15, 29-25, 26-30, 25-22, 28-32, 22-17, 32-28, 6-2, 15x6, 2x9, 30-26, 1-6, 26-31, 9-13, 31-27, 13-9, 27-24, 9-14, 24-27, 6-1, 28-24, 1-6, 24-20, 14-18, 27-32, 5-1, 32-27, 18-22, 20-16, 17-14, 16-12, 6-9, 27-32, 9-5, 32-28, 5-9, 12-8, 1-5, 8-3, 5-1, 3-8"
145,1,145,0,1,"11-15, 23-18, 9-13, 18x11, 8x15, 24-19, 15x24, 28x19, 3-8, 27-24, 8-11, 31-27, 10-14, 26-23, 14-17, 21x14, 12-16, 19x12, 11-16, 12-8, 4x11, 24-19, 5-9, 14x5, 6-10, 19x12, 11-15, 30-26, 2-6, 12-8, 15-19, 23x16, 6-9, 26-23, 9-14, 25-21, 7-11, 16x7, 10-15, 7-2, 13-17, 22x13, 15-18, 8-4, 14-17, 23x14, 1-6, 2x9, 17-22, 5-1, 22-25, 29x22"
146,1,146,0,0,"10-15, 24-19, 15x24, 28x19, 6-10, 19-15, 10x19, 23x16, 12x19, 21-17, 2-6, 22-18, 19-24, 27x20, 11-16, 20x11x2, 9-14, 2x9, 14x21, 26-22, 5x14x23, 31-26, 1-6, 26x19, 6-9, 30-26, 21x30x23x16, 29-25, 16-19, 32-28, 9-13, 28-24, 19x28, 25-21, 13-17, 22x13, 8-12, 21-17, 3-8, 13-9, 28-32, 17-13, 32-28, 9-5, 12-16, 5-1, 8-11, 1-5, 28-32, 13-9, 16-19, 5-1, 11-16, 9-5, 32-28, 1-6, 4-8, 6-2, 19-23, 2-7, 28-24, 7-11, 8x15, 5-1, 15-19, 1-6, 24-20, 6-10, 23-27, 10-15, 19-23, 15-10, 27-31, 10-6, 31-27, 6-10"
147,1,147,1,0,"10-15, 24-20, 15-18, 23x14, 9x18, 22x15, 11x18, 26-22, 7-10, 22x15, 10x19, 25-22, 8-11, 22-18, 3-8, 27-24, 5-9, 24x15, 9-14, 18x9, 11x18, 9-5, 2-7, 21-17, 6-10, 30-26, 7-11, 32-27, 1-6, 28-24, 11-15, 20-16, 12x19x28, 26-23, 8-12, 23x14x7, 28-32, 17-14, 32x23, 7-3, 23-19, 31-26, 19-16, 26-23, 6-10, 14x7, 16-11, 29-25, 11x2, 23-18, 15x22x29, 3-8, 4x11, 5-1, 11-15, 1-5, 15-19, 5-1, 12-16, 1-6, 2x9"
148,1,148,0,0,"10-14, 22-18, 9-13, 18x9, 5x14, 21-17, 13x22, 25x18x9, 6x13, 24-19, 2-6, 23-18, 13-17, 29-25, 6-10, 18-14, 12-16, 19x12, 11-16, 25-22, 1-5, 22x13, 10x17, 30-25, 7-11, 27-24, 16-20, 31-27, 17-22, 25x18, 11-16, 26-22, 8-11, 27-23, 20x27, 23-19, 16x23, 18-15, 11x18x25, 28-24, 5-9, 13x6, 27-31, 32-27, 23x32, 6-2, 32-28, 2-6, 28x19, 12-8, 4x11, 6-2, 31-27, 2-6, 27-24, 6-2, 24-27"
149,1,149,0,0,"10-15, 22-17, 9-13, 24-20, 13x22, 25x18, 15x22, 26x17, 6-9, 28-24, 7-10, 31-26, 11-16, 20x11, 8x15, 17-14, 10x17, 21x14, 9x18, 23x14, 2-7, 24-19, 15x24x31x22, 30-25, 4-8, 25x18, 1-6, 18-15, 12-16, 32-28, 7-11, 28-24, 11x18, 14-9, 5x14, 24-20, 18-23, 20x11x4, 3-8, 4x11, 14-18, 29-25, 6-9, 11-7, 23-26, 25-21, 26-31, 7-3, 31-27, 3-8, 27-31, 8-12, 18-23, 12-8, 9-13, 8-3, 23-27, 21-17, 13x22, 3-7, 31-26, 7-3, 27-32, 3-8, 26-30, 8-12, 32-27, 12-8, 30-25, 8-3, 27-31, 3-8, 25-21, 8-4, 31-26, 4-8, 26-23, 8-12, 21-25, 12-8, 25-30"
150,1,150,0,1,"11-15, 24-19, 15x24, 28x19, 8-11, 27-24, 10-14, 31-27, 14-18, 23x14, 9x18, 22x15x8, 4x11, 25-22, 7-10, 19-15, 11x18x25, 29x22, 5-9, 32-28, 9-14, 24-20, 14-17, 22x13, 12-16, 20x11, 6-9, 13x6, 2x9, 26-23, 10-14, 23-19, 3-7, 11x2, 14-17, 21x14x5, 1-6, 2x9"
151,1,151,0,1,"12-16, 22-17, 9-14, 24-19, 5-9, 19x12, 14-18, 23x14x5, 11-15, 17-14, 10x17, 21x14, 15-19, 14-9, 6x13, 26-22, 19-24, 27x20, 2-6, 28-24, 8-11, 22-17, 13x22, 25x18, 11-15, 18x11x2x9, 1-6, 9x2, 4-8, 30-26, 8-11, 32-27, 3-8, 12x3, 11-16, 20x11"
152,1,152,0,0,"10-15, 23-18, 6-10, 24-19, 15x24, 27x20, 12-16, 32-27, 10-14, 28-24, 14x23x32, 24-19, 16x23, 26x19, 32-28, 19-15, 11x18, 22x15, 28-24, 15-10, 7x14, 20-16, 1-6, 16-12, 14-17, 21x14, 9x18, 25-21, 3-7, 12x3x10x1, 24-19, 29-25, 19-15, 1-6, 2x9, 31-27, 4-8, 27-23, 18x27, 30-26, 8-11, 21-17, 27-31, 25-22, 31-27, 26-23, 27x18x25, 17-13, 25-30, 13x6, 15-19, 6-2, 30-26, 2-6, 11-15, 6-1, 26-30, 1-6, 30-26"
153,1,153,0,1,"10-15, 22-18, 15x22, 25x18, 9-13, 18-14, 7-10, 14x7, 3x10, 26-22, 2-7, 22-17, 13x22, 24-20, 6-9, 21-17, 22-26, 31x22, 10-14, 17x10x3, 1-6, 27-24, 9-14, 23-19, 6-10, 29-25, 5-9, 3-7, 9-13, 7x16, 8-11, 16x7, 4-8, 25-21, 12-16, 20x11x4, 13-17, 22x13, 10-15, 19x10, 14-18, 24-20, 18-23, 20-16, 23-26, 30x23"
154,1,154,1,0,"9-14, 24-20, 5-9, 28-24, 12-16, 23-19, 16x23, 26x19, 1-5, 19-15, 11x18, 22x15, 10x19x28, 31-26, 6-10, 26-22, 10-15, 20-16, 2-6, 21-17, 14x21, 27-23, 7-11, 16x7, 3x10, 22-17, 15-18, 23x14x7, 9-14, 17x10x1, 5-9, 32-27, 9-14, 25-22, 8-12, 30-25, 21x30, 22-17, 14x21, 27-24, 30-26, 7-3, 26-23, 1-5, 12-16, 29-25, 21x30, 5-9, 16-20, 3-7, 20x27, 9-6, 30-26, 7-3, 26-30, 6-1, 23-26, 3-8, 4x11, 1-6, 27-31, 6-1, 26-22, 1-6, 11-16, 6-10, 16-20, 10-14, 31-27, 14-18, 22x15"
155,1,155,1,0,"9-13, 21-17, 5-9, 24-20, 11-16, 20x11, 7x16, 22-18, 13x22, 26x17, 16-20, 23-19, 10-14, 17x10, 6x15x22, 25x18, 9-13, 28-24, 2-6, 18-15, 6-9, 15-11, 8x15, 19x10, 4-8, 31-26, 8-11, 32-28, 3-8, 10-6, 1x10, 29-25, 9-14, 27-23, 20x27, 23-19, 14-17, 26-23, 10-15, 19x10, 17-21, 28-24, 27-32, 10-7, 32-27, 7-2, 27x18, 24-20, 13-17, 2-6, 18-14, 6-9, 14x5, 30-26, 21x30x23, 20-16, 12x19"
156,1,156,0,1,"10-14, 22-17, 11-16, 17x10, 6x15, 25-22, 1-6, 23-18, 15-19, 24x15, 9-14, 18x9, 6x13, 27-24, 7-11, 22-18, 2-7, 32-27, 16-19, 26-23, 19x26, 30x23, 13-17, 21x14, 11-16, 14-10, 7x14, 18x9, 5x14, 24-20, 3-7, 20x11x2, 8-11, 15x8, 4x11, 2-6, 12-16, 6-10, 16-19, 10x17, 19x26, 31x22, 11-15, 29-25, 15-18, 22x15"
157,1,157,0,0,"9-13, 24-19, 11-15, 21-17, 15x24, 27x20, 10-15, 22-18, 13x22, 18x11, 7x16, 20x11, 8x15, 26x17, 12-16, 25-22, 16-20, 32-27, 3-8, 31-26, 6-9, 28-24, 8-12, 29-25, 15-18, 22x15, 9-14, 17x10, 2-7, 10x3, 1-6, 25-21, 6-9, 3-8, 4x11x18, 23x14, 9x18, 24-19, 18-23, 27x18, 20-24, 18-14, 5-9, 14x5, 24-27, 19-15, 27-31, 15-11, 31x22, 30-25, 22x29, 11-7, 12-16, 7-2, 16-20, 21-17, 29-25, 2-6, 25-21, 6-9, 21x14, 9x18, 20-24, 18-22, 24-28, 22-17, 28-32, 5-1, 32-28, 17-21, 28-32, 21-17"
158,1,158,0,1,"11-16, 22-17, 10-15, 23-19, 16x23, 26x19x10, 7x14, 17x10, 6x15, 24-19, 15x24, 27x20, 12-16, 20x11, 8x15, 28-24, 3-7, 21-17, 9-14, 17x10x3, 15-19, 24x15, 4-8, 3x12, 2-7, 31-27, 5-9, 12-8, 7-10, 15x6, 1x10, 25-22, 10-14, 8-12, 9-13, 27-23, 13-17, 22x13, 14-17, 32-28, 17-22, 28-24, 22-26, 12-16, 26-31, 24-19, 31-27, 30-26, 27x18, 29-25, 18-15, 19x10"
159,1,159,0,0,"9-14, 23-18, 14x23, 26x19, 10-14, 19-15, 11x18, 22x15, 14-17, 21x14, 8-11, 15x8, 4x11, 31-26, 11-15, 14-9, 6x13, 25-21, 1-6, 30-25, 15-18, 24-19, 6-9, 26-23, 9-14, 25-22, 18x25, 29x22, 12-16, 19x12, 2-6, 28-24, 6-10, 12-8, 3x12, 21-17, 14x21, 22-17, 13x22, 23-18, 10-15, 18x11x2, 21-25, 24-19, 25-29, 27-24, 5-9, 19-15, 9-13, 24-19, 22-25, 2-7, 13-17, 15-10, 17-21, 19-16, 12x19, 10-6, 19-23, 32-27, 23x32, 7-2, 25-30, 2-7, 29-25, 7-11, 32-27, 11-7, 30-26, 7-3, 27-24, 6-1, 26-30, 1-5, 24-19, 5-1, 25-22, 1-6, 19-23, 6-10, 21-25, 3-8, 22-26, 10-14, 25-29, 8-11, 23-27, 11-8, 30-25, 8-3, 26-23, 14-9, 23-19, 3-8, 19-24, 8-4, 27-23, 9-13, 25-21, 13-9, 24-28, 9-5, 23-18, 5-9, 18-23"
160,1,160,0,1,"11-15, 21-17, 8-11, 17-14, 10x17, 22x13, 15-19, 23x16, 11x20, 24-19, 3-8, 25-22, 6-10, 13x6, 2x9, 22-18, 8-11, 30-25, 10-15, 19x10x3, 4-8, 18-14, 9x18, 26-22, 1-6, 22x15, 11x18, 27-24, 20x27, 32x23x14, 5-9, 14x5, 6-10, 31-27, 10-15, 5-1, 15-19, 25-22, 12-16, 3x12, 19-24, 28x19, 16x23x32, 22-17, 32-28, 12-16, 28-32, 16-19, 32-27, 19-16, 27-23, 1-5, 23-26, 5-1, 26-22, 17-14, 22-17, 16-12, 17x10, 29-25, 10-15, 12-16, 15-11, 16x7"
161,1,161,1,0,"9-13, 23-18, 10-14, 18x9, 5x14, 26-23, 6-9, 23-19, 11-15, 19x10, 7-11, 22-17, 13x22, 25x18, 14x23, 27x18, 12-16, 30-25, 16-20, 18-14, 9x18, 10-7, 3x10, 21-17, 20x27, 32x23x14x7, 11-15, 31-26, 2x11, 25-22, 11-16, 17-14, 8-11, 22-17, 16-19, 29-25, 1-6, 26-23, 19x26, 25-22, 4-8, 14-10, 11-16, 10x1, 16-20, 28-24, 20x27, 1-6, 8-12, 6-1, 27-32, 22-18, 15x22, 17-13, 32-28, 1-6, 28-24, 6-10, 24-20, 10-14, 20-24, 14-18, 22-25, 18-15, 24-28, 15-19, 12-16, 19x12, 25-30, 13-9, 26-31, 12-16, 28-24, 16-19, 24x15, 9-6, 15-11, 6-1, 31-27, 1-5, 27-24, 5-1, 24-20, 1-6, 11-15, 6-2, 15-10, 2-7, 10x3"
162,1,162,0,0,"10-15, 24-19, 15x24, 27x20, 11-15, 28-24, 6-10, 22-18, 15x22, 26x17, 9-13, 23-19, 13x22, 25x18, 5-9, 32-27, 7-11, 18-15, 11x18, 29-25, 1-6, 31-26, 9-13, 19-16, 12x19x28, 26-23, 28-32, 23x14x7, 2x11, 27-23, 32-28, 25-22, 11-16, 20x11, 8x15, 21-17, 3-8, 17-14, 28-24, 22-17, 13x22, 30-25, 22x29, 14-10, 6-9, 10-6, 24-28, 6-1, 15-19, 23x16, 8-12, 1-5, 12x19, 5x14, 28-32, 14-18, 29-25, 18-14, 25-29"
163,1,163,0,1,"9-14, 22-18, 6-9, 24-19, 12-16, 19x12, 11-15, 18x11, 7x16, 28-24, 14-18, 23x14x7, 2x11, 24-20, 9-13, 25-22, 16-19, 20-16, 11x20, 27-24, 20x27, 32x23x16, 5-9, 22-17, 13x22, 26x17, 8-11, 16x7, 3x10, 31-26, 1-5, 30-25, 10-15, 17-14, 9x18, 12-8, 4x11, 21-17, 11-16, 26-22, 15-19, 22x15, 19-23, 15-11, 23-27, 17-14, 16-20, 25-21, 5-9, 14x5, 27-32, 29-25, 32-27, 5-1, 20-24, 11-8, 27-23, 25-22, 23-26, 8-4, 26x17, 21x14, 24-28, 1-5, 28-32, 14-9, 32-27, 5-1, 27-31, 1-5, 31-26, 4-8, 26-30, 8-11, 30-25, 11-15, 25-22, 9-6, 22-18, 15x22"
164,1,164,1,0,"11-15, 23-18, 15-19, 24x15, 10x19, 27-23, 12-16, 21-17, 9-14, 17x10, 6x15, 18x11, 8x15, 22-18, 15x22, 26x17, 19x26, 31x22, 1-6, 28-24, 6-9, 17-13, 3-8, 13x6, 2x9, 24-19, 16x23, 30-26, 23x30x21, 32-27, 8-11, 27-23, 7-10, 23-18, 11-16, 29-25, 21x30, 18-14, 10x17x26"
165,1,165,0,1,"9-13, 24-19, 12-16, 19x12, 5-9, 27-24, 10-15, 22-17, 13x22, 26x17, 15-18, 23x14x5, 6-9, 17-13, 9-14, 21-17, 14x21, 32-27, 7-10, 13-9, 1-6, 24-20, 6x13, 27-23, 2-6, 23-19, 10-15, 19x10x1, 3-7, 12x3x10, 13-17, 31-27, 11-16, 20x11, 4-8, 11x4, 17-22, 25x18, 21-25, 30x21"
166,1,166,0,0,"10-15, 21-17, 12-16, 24-20, 9-13, 25-21, 15-18, 22x15, 11x18, 23x14, 13x22, 26x17, 6-10, 20x11, 8x15, 27-24, 15-18, 31-26, 5-9, 14x5, 10-14, 17x10, 7x14, 26-23, 18x27, 32x23, 3-8, 30-25, 2-6, 21-17, 14x21x30, 23-18, 30-25, 29x22, 8-12, 18-14, 12-16, 22-17, 6-9, 24-20, 9x18, 20x11, 4-8, 11x4, 18-23, 4-8, 1-6, 17-14, 6-10, 14x7, 23-27, 8-3, 27-31, 7-2, 31-27, 5-1, 27-23, 1-5, 23-18, 2-6, 18-22, 3-8, 22-26, 5-9, 26-22, 8-3"
167,1,167,0,0,"12-16, 22-17, 9-14, 24-20, 8-12, 23-19, 16x23, 26x19, 12-16, 19x12, 4-8, 28-24, 10-15, 17x10, 7x14, 25-22, 2-7, 22-17, 11-16, 20x11x4, 3-8, 12x3x10x19, 6-10, 19-15, 10x19x28, 17x10, 5-9, 27-24, 9-14, 24-19, 14-17, 21x14, 1-6, 10x1"
168,1,168,0,0,"9-14, 22-18, 10-15, 18x9, 6x13, 26-22, 15-19, 24x15, 11x18, 23x14, 7-11, 21-17, 3-7, 25-21, 7-10, 14x7, 11-16, 22-18, 13x22, 21-17, 2x11, 30-26, 16-19, 18-15, 11x18, 27-23, 18x27, 32x23x16, 12x19, 29-25, 22x29, 26-22, 19-24, 28x19, 5-9, 19-16, 1-5, 22-18, 9-13, 31-26, 13x22x31, 18-14, 8-12, 14-9, 12x19, 9-6, 19-24, 6-2, 5-9, 2-6, 29-25, 6x13, 25-30, 13-9, 4-8, 9-13, 31-27, 13-9, 24-28, 9-14, 8-12, 14-9, 27-32, 9-5, 30-25, 5-1, 25-21, 1-6, 32-27, 6-1, 21-17, 1-5, 17-21, 5-9"
169,1,169,0,1,"10-14, 23-19, 14-18, 22x15, 11x18, 27-23, 18x27, 32x23, 12-16, 19x12, 9-13, 31-27, 8-11, 24-19, 11-15, 19x10, 7x14, 21-17, 14x21, 23-19, 5-9, 19-15, 3-8, 12x3, 2-7, 3x10, 1-5, 10x1, 9-14, 26-23, 5-9, 1-6, 14-18, 23x14x5, 13-17, 6-9, 17-22, 25x18, 21-25, 29x22, 4-8, 30-25, 8-11, 15x8"
170,1,170,0,0,"11-15, 22-17, 7-11, 26-22, 15-19, 24x15, 11x18, 22x15, 10x19x26, 30x23, 8-11, 23-18, 11-15, 18x11, 4-8, 11x4, 3-7, 17-13, 7-11, 21-17, 2-7, 31-26, 7-10, 25-21, 10-14, 17x10, 6x15, 13x6, 1x10, 26-22, 11-16, 27-24, 16-20, 22-18, 15x22, 29-25, 20x27, 32x23, 22x29, 21-17, 10-15, 23-19, 15x24, 28x19, 5-9, 17-13, 12-16, 13x6, 16x23, 6-1, 23-27, 1-6, 27-31, 6-9, 31-26, 9-6, 26-30, 4-8, 30-25, 6-9, 25-22, 8-3, 22-25, 9-5, 25-22, 3-8"
171,1,171,0,1,"9-14, 23-19, 11-16, 21-17, 14x21, 27-23, 7-11, 23-18, 16x23, 26x19, 2-7, 19-15, 10x19, 24x15, 6-9, 18-14, 11x18, 22x15, 9x18, 25-22, 18x25, 29x22, 1-6, 32-27, 6-10, 15x6, 7-11, 22-18, 12-16, 27-24, 21-25, 30x21, 5-9, 31-26, 16-20, 24-19, 20-24, 19-15, 11-16, 28x19x12, 3-7, 12x3x10, 9-14, 18x9, 4-8, 26-22, 8-11, 15x8"
172,1,172,0,0,"10-15, 23-19, 12-16, 19x12, 15-19, 24x15, 11x18, 22x15, 6-10, 15x6, 1x10, 27-23, 9-13, 32-27, 13-17, 21x14, 10x17, 23-18, 7-10, 26-22, 17x26, 31x22, 2-7, 30-26, 10-14, 18x9, 5x14, 25-21, 14-17, 22x13, 7-10, 21-17, 8-11, 17-14, 10x17, 29-25, 3-8, 12x3, 11-15, 26-22, 17x26, 27-24, 4-8, 3x12, 26-30, 25-21, 30-26, 13-9, 26-30, 12-8, 15-18, 24-19, 18-22, 9-5, 30-25, 21-17, 25-21, 8-3, 21x14, 19-15, 22-25, 15-11, 14-9, 3-7, 9-14, 28-24, 25-29, 24-20, 14-18, 7-3, 18-23, 3-7, 23-26, 5-1, 26-23, 1-5"
173,1,173,1,0,"9-13, 23-18, 11-16, 24-20, 8-11, 27-23, 10-14, 18x9, 5x14, 31-27, 13-17, 22x13, 1-5, 13-9, 6x13, 25-22, 7-10, 30-25, 14-18, 23x14x7, 3x10, 22-17, 13x22x31x24, 28x19, 16x23, 32-28, 2-7, 20-16, 11x20, 21-17, 10-15, 25-22, 23-26, 17-14, 5-9, 14x5, 7-11, 22-18, 15x22, 5-1, 12-16, 1-6, 11-15, 6-10, 15-19, 29-25, 22x29, 10-14, 19-24, 28x19x12, 29-25, 12-8, 4x11, 14-17, 25-29, 17-14, 20-24, 14-17, 26-30, 17-21, 30-25, 21x30, 24-27, 30-25, 29x22"
174,1,174,0,1,"12-16, 22-18, 16-20, 21-17, 11-15, 18x11, 7x16, 23-18, 9-14, 18x9, 6x13x22, 25x18, 2-6, 18-14, 10x17, 26-22, 17x26, 31x22, 16-19, 24x15, 6-9, 30-26, 20-24, 28x19, 1-6, 27-24, 6-10, 15x6, 8-12, 29-25, 12-16, 19x12, 9-13, 24-19, 4-8, 25-21, 3-7, 12x3x10, 13-17, 22x13, 5-9, 10-14, 9x18, 26-23, 18x27, 32x23"
175,1,175,0,1,"11-15, 23-18, 9-14, 18x9, 6x13, 22-18, 15x22, 25x18, 2-6, 29-25, 7-11, 24-19, 13-17, 21x14x7, 3x10, 18-14, 10x17, 19-15, 11x18, 25-22, 18x25, 30x21x14, 12-16, 26-22, 5-9, 14x5, 16-19, 27-24, 8-11, 24x15x8, 4x11, 32-27, 11-16, 31-26, 16-19, 27-23, 19-24, 28x19, 6-10, 22-18, 10-14, 18x9, 1-6, 9x2"
176,1,176,0,0,"11-16, 24-20, 9-13, 20x11, 8x15, 22-17, 13x22, 25x18x11, 7x16, 21-17, 10-14, 17x10, 6x15, 23-19, 16x23, 27x18x11, 2-7, 11x2, 3-7, 2x11, 4-8, 11x4, 5-9, 28-24, 1-6, 31-27, 9-14, 29-25, 6-10, 4-8, 14-17, 25-21, 10-15, 21x14, 15-18, 26-22, 18x25, 30x21, 12-16, 8-12, 16-20, 32-28"
177,1,177,1,0,"11-15, 24-20, 10-14, 21-17, 14x21, 22-18, 15x22, 26x17, 8-11, 17-14, 9x18, 23x14, 4-8, 28-24, 6-10, 32-28, 10x17, 24-19, 12-16, 19x12, 11-15, 31-26, 1-6, 28-24, 8-11, 20-16, 11x20, 25-22, 15-19, 22x13, 19x28, 27-24, 20x27, 29-25, 6-9, 13x6, 2x9, 12-8, 3x12, 26-23, 12-16, 23-18, 9-14, 18x9, 5x14, 25-22, 27-31, 30-26, 16-20, 22-17, 31x22x13"
178,1,178,0,0,"9-14, 22-17, 11-15, 17-13, 7-11, 21-17, 14x21, 24-20, 2-7, 20-16, 12x19, 23x16, 11x20, 25-22, 8-11, 22-18, 15x22, 26x17, 6-9, 13x6, 11-16, 30-26, 10-15, 29-25, 21x30x23, 27x18x11x2, 1x10, 31-27, 10-15, 2-7, 3x10, 27-24, 20x27, 32x23, 4-8, 17-13, 15-18, 23x14x7, 8-11, 13-9, 5x14, 28-24, 11-15, 24-19, 15x24, 7-3, 16-20, 3-8, 14-18, 8-4, 18-22, 4-8, 22-25, 8-4, 25-29, 4-8, 29-25"
179,1,179,1,0,"11-16, 22-17, 8-11, 17-13, 3-8, 24-19, 16-20, 26-22, 11-15, 30-26, 15x24, 28x19, 7-11, 21-17, 11-15, 27-24, 20x27, 31x24, 10-14, 19x10, 14x21x30, 32-28, 6x15, 13x6, 2x9, 29-25, 30x21, 22-18, 15x22x31, 23-19, 21-25, 19-15, 9-14, 24-20, 1-6, 15-11, 8x15, 20-16, 12x19, 28-24, 19x28"
180,1,180,1,0,"9-14, 22-17, 14-18, 23x14, 10-15, 25-22, 7-10, 14x7, 3x10, 24-19, 15x24, 28x19, 5-9, 17-13, 9-14, 13-9, 6x13, 22-18, 14x23, 27x18, 1-5, 19-16, 11x20, 32-27, 10-14, 18x9, 5x14, 26-22, 14-17, 21x14, 2-7, 14-10, 7x14, 22-18, 14x23x32, 31-27, 32x23, 30-26, 23x30, 29-25, 30x21"
181,1,181,0,1,"11-15, 24-20, 12-16, 20x11, 7x16, 21-17, 16-20, 17-14, 9x18, 23x14x7, 3x10, 22-17, 15-18, 27-24, 20x27, 32x23x14x7, 2x11, 17-14, 5-9, 14x5, 6-10, 31-27, 11-15, 27-24, 8-12, 24-19, 15x24, 28x19, 4-8, 26-23, 1-6, 25-22, 12-16, 19x12x3, 6-9, 5-1, 10-14, 23-18, 14x23, 22-17, 9-14, 17x10, 23-26, 30x23"
182,1,182,0,0,"11-15, 22-18, 15x22, 25x18, 12-16, 18-14, 9x18, 23x14, 10x17, 21x14, 6-10, 26-23, 10x17, 31-26, 16-19, 24x15, 2-6, 23-19, 17-22, 26x17, 7-11, 19-16, 11x18, 17-13, 6-10, 16-11, 8x15, 13-9, 5x14, 27-23, 18x27, 32x23, 3-8, 29-25, 14-17, 28-24, 15-18, 23x14x7, 17-22, 25x18, 1-6, 18-14, 6-10, 7-3, 10x17, 3x12, 17-21, 12-8, 4x11, 30-26, 11-15, 26-22, 15-18, 22x15, 21-25, 15-10, 25-29, 24-20, 29-25, 10-6, 25-29, 6-1, 29-25, 1-6"
183,1,183,0,0,"12-16, 23-18, 8-12, 24-19, 16x23, 26x19, 9-14, 18x9, 5x14, 22-18, 14x23, 27x18, 11-16, 31-27, 16x23, 25-22, 12-16, 29-25, 7-11, 28-24, 10-14, 18x9, 6x13, 27x18, 1-6, 24-20, 3-7, 32-28, 13-17, 22x13, 16-19, 21-17, 4-8, 28-24, 19x28, 25-22, 28-32, 13-9, 6x13, 17-14, 7-10, 14x7, 32-28, 18-14, 2-6, 22-18, 28-24, 14-10, 6x15x22, 30-26, 22x31, 7-3, 11-16, 20x11x4, 24-20, 3-8, 20-24, 8-3"
184,1,184,0,0,"12-16, 24-19, 8-12, 27-24, 11-15, 22-18, 15x22, 25x18, 9-14, 18x9, 5x14, 23-18, 16x23, 18x9, 6x13, 26x19, 4-8, 29-25, 13-17, 21x14, 10x17, 25-21, 1-5, 21x14, 5-9, 14x5, 7-11, 30-25, 2-6, 25-21, 11-16, 24-20, 16x23, 21-17, 6-9, 32-27, 23x32, 17-13, 9-14, 28-24, 14-18, 20-16, 12x19x28, 31-27, 32x23, 13-9, 3-7, 9-6, 28-32, 6-1, 32-28, 1-6"
185,1,185,0,1,"11-16, 23-19, 16x23, 27x18, 12-16, 24-19, 16x23, 26x19, 7-11, 31-26, 3-7, 18-15, 11x18, 22x15, 8-12, 26-23, 12-16, 19x12, 10x19x26, 30x23, 4-8, 12x3x10, 6x15, 23-19, 15x24, 28x19, 1-6, 32-28, 9-13, 21-17, 13x22, 25x18, 6-10, 19-16, 5-9, 18-15, 10x19, 16-11, 2-6, 29-25, 9-13, 11-8, 19-23, 25-22, 23-26, 8-4, 13-17, 22x13, 6-10, 4-8, 26-31, 8-11, 31-27, 11-8, 27-24, 28x19, 10-15, 19x10"
186,1,186,1,0,"9-13, 22-18, 11-16, 21-17, 13x22, 26x17, 8-11, 25-21, 16-20, 17-13, 11-16, 30-25, 7-11, 13-9, 5x14, 18x9, 6x13, 25-22, 1-6, 23-18, 2-7, 29-25, 3-8, 22-17, 13x22x29, 18-14, 10x17, 21x14, 11-15, 27-23, 20x27, 31x24, 7-10, 14x7, 16-20, 7-2, 20x27, 2x9, 12-16, 23-18, 15x22, 32x23, 16-19, 23x16, 22-26, 16-11, 8x15, 9-6, 15-19, 6-2, 29-25, 2-7, 26-31, 7-3, 25-30, 28-24, 19x28, 3-8, 4x11"
187,1,187,0,0,"11-15, 21-17, 15-18, 22x15, 10x19, 24x15, 6-10, 15x6, 1x10, 23-19, 9-13, 19-16, 12x19, 25-22, 2-6, 17-14, 10x17, 30-25, 6-9, 22-18, 7-10, 25-21, 19-24, 21x14x7, 3x10, 27x20, 8-11, 18-15, 11x18, 20-16, 18-22, 26x17, 13x22, 28-24, 10-15, 24-20, 9-14, 29-25, 22x29, 16-11, 14-17, 11-8, 4x11, 20-16, 11x20, 32-28, 15-19, 31-26, 17-22, 26x17, 19-23, 17-13, 5-9, 13x6, 20-24, 28x19, 23-26, 19-16, 26-30, 16-12, 30-25, 6-1, 25-30, 1-5, 30-25, 5-1"
188,1,188,0,1,"10-14, 23-18, 14x23, 27x18, 9-14, 18x9, 5x14, 31-27, 11-15, 24-20, 6-10, 26-23, 14-17, 22x13, 7-11, 21-17, 12-16, 25-21, 2-7, 27-24, 15-19, 24x15x6, 1x10, 30-25, 11-15, 20x11x2, 15-18, 23x14x7, 3x10, 13-9, 10-14, 17x10, 8-11, 2-7, 11-15, 9-6, 4-8, 7-2, 15-19, 21-17, 8-11, 17-13, 11-15, 6-1, 15-18, 1-5, 19-23, 5-9, 18-22, 25x18, 23-26, 2-7, 26-31, 18-14, 31-27, 32x23"
189,1,189,0,0,"10-14, 24-19, 14-17, 21x14, 9x18, 22x15, 11x18, 23x14, 6-9, 14-10, 7x14, 26-23, 8-11, 19-15, 11x18, 25-22, 18x25, 29x22, 1-6, 30-25, 4-8, 22-18, 8-11, 23-19, 14x23, 27x18, 9-13, 25-22, 3-7, 28-24, 12-16, 19x12, 13-17, 22x13, 7-10, 31-27, 10-14, 18x9, 5x14, 24-19, 11-16, 27-24, 16x23, 24-19, 23-26, 32-27, 14-18, 13-9, 6x13, 27-24, 2-7, 19-15, 26-30, 15-11, 7x16, 24-19, 16x23, 12-8, 18-22, 8-4, 13-17, 4-8, 22-25, 8-3, 30-26, 3-8, 26-31, 8-12, 17-22, 12-16, 25-30, 16-11, 31-26, 11-16, 30-25"
190,1,190,0,0,"12-16, 23-18, 16-19, 24x15, 10x19, 18-14, 9x18, 22x15, 11x18, 21-17, 18-23, 27x18, 5-9, 18-14, 9x18, 31-27, 7-11, 17-14, 2-7, 14-9, 6x13, 25-21, 7-10, 27-23, 18x27, 32x23x16x7, 1-6, 26-22, 8-11, 28-24, 13-17, 22x13, 11-16, 30-25, 4-8, 24-20, 8-11, 7-2, 10-15, 2x9, 3-8, 9-5, 8-12, 13-9, 15-18, 5-1, 16-19, 9-6, 19-23, 6-2, 12-16, 2-6, 23-27, 21-17, 27-32, 6-9, 32-28, 17-14, 16-19, 25-22, 18x25, 29x22, 19-24, 1-5, 24-27, 14-10, 11-15, 20-16, 27-31, 9-6, 28-24, 5-9, 24-20, 9-14, 20x11, 6-2, 11-7, 2x11x18, 31-26, 10-6, 26x17x10x1, 18-15, 1-5, 15-18, 5-1"
191,1,191,0,0,"11-15, 24-19, 15x24, 27x20, 9-13, 23-19, 6-9, 32-27, 12-16, 20x11, 7x16x23x32, 22-18, 8-12, 26-23, 32-27, 31x24, 10-14, 30-26, 3-8, 25-22, 2-6, 18-15, 6-10, 15x6, 1x10, 22-17, 13x22x31, 21-17, 14x21, 24-19, 10-14, 19-16, 12x19x26, 28-24, 8-11, 24-19, 11-15, 19x10, 14-17, 10-7, 17-22, 29-25, 21x30, 7-3, 4-8, 3x12, 9-13, 12-8, 30-25, 8-12, 13-17, 12-16, 25-30, 16-19, 17-21, 19-16, 30-25"
192,1,192,0,0,"11-16, 21-17, 10-14, 17x10, 6x15, 24-19, 15x24, 27x20x11, 8x15, 23-19, 15x24, 28x19, 12-16, 19x12, 7-11, 31-27, 9-14, 26-23, 5-9, 23-18, 14x23, 27x18, 3-7, 18-15, 11x18, 22x15, 9-13, 25-21, 13-17, 21x14, 1-6, 29-25, 6-10, 15x6, 2x9x18, 12-8, 4x11, 25-21, 18-23, 32-28, 11-16, 21-17, 23-27, 30-26, 16-20, 26-22, 27-31, 17-14, 7-11, 14-10, 20-24, 28x19, 11-15, 22-17, 15x24, 17-13, 24-27, 10-6, 27-32, 13-9, 31-26, 6-2, 26-31, 9-6, 31-27, 6-1, 27-23, 1-6, 32-28, 2-7, 28-24, 7-10, 23-19, 10-14, 24-28, 14-18, 19-16, 18-22, 16-12, 22-25, 12-16, 6-2, 16-20, 25-30, 20-24, 30-26, 24-20, 26-30"
193,1,193,1,0,"11-15, 24-20, 9-13, 23-18, 8-11, 20-16, 11x20, 18x11, 7x16, 26-23, 16-19, 23x16, 12x19, 27-23, 19x26, 30x23, 13-17, 22x13, 5-9, 31-26, 3-7, 23-19, 4-8, 21-17, 1-5, 32-27, 8-11, 27-23, 9-14, 19-15, 11x18x27, 28-24, 14x21x30x23, 13-9, 6x13, 24-19, 23x16, 29-25, 7-11, 25-22, 5-9, 22-18, 16-12, 18-14, 9x18"
194,1,194,0,1,"12-16, 23-19, 16x23, 26x19, 10-14, 22-17, 9-13, 17x10, 7x14, 30-26, 6-10, 25-22, 8-12, 26-23, 2-6, 21-17, 14x21, 24-20, 11-16, 20x11, 3-7, 11x2x9, 5x14, 31-26, 14-17, 22-18, 10-14, 18x9, 12-16, 19x12, 1-6, 9x2, 4-8, 12x3, 21-25, 29x22, 17-21, 27-24, 21-25, 24-19, 25-29, 32-27, 13-17, 22x13, 29-25, 28-24, 25-30, 19-16, 30-25, 23-19, 25-22, 26x17"
195,1,195,0,1,"10-14, 23-18, 14x23, 26x19, 7-10, 31-26, 2-7, 22-17, 11-15, 25-22, 15-18, 22x15, 10-14, 17x10, 7x14, 21-17, 14x21, 26-23, 3-7, 30-25, 21x30, 24-20, 12-16, 20x11x2, 30-25, 29x22, 6-10, 15x6, 1x10, 19-16, 9-13, 23-18, 13-17, 22x13, 8-11, 16x7, 4-8, 27-23, 5-9, 13x6, 10-15, 18x11x4"
196,1,196,0,0,"11-15, 22-18, 15x22, 25x18, 9-13, 18-15, 10x19, 23x16, 12x19, 24x15, 5-9, 21-17, 13x22, 26x17, 8-12, 30-26, 9-13, 17-14, 6-10, 15x6, 1x10x17, 26-23, 2-6, 28-24, 17-22, 24-20, 6-9, 27-24, 13-17, 24-19, 4-8, 19-15, 9-14, 32-28, 22-25, 29x22x13, 8-11, 15x8, 7-10, 20-16, 12x19x26, 31x22, 3x12, 22-18, 14x23, 13-9, 10-15, 9-5, 15-18, 5-1, 23-26, 28-24, 12-16, 1-5, 26-30, 24-19, 16x23, 5-1, 30-26, 1-6, 18-22, 6-9, 26-30, 9-6, 22-26, 6-10, 23-27, 10-7, 30-25, 7-2, 25-22, 2-6, 26-31, 6-10, 22-25, 10-7, 25-29, 7-2, 31-26"
197,1,197,1,0,"9-13, 23-19, 10-14, 22-17, 13x22, 25x18x9, 5x14, 26-22, 1-5, 27-23, 6-9, 32-27, 12-16, 19x12, 14-17, 22x13x6, 2x9, 30-25, 9-14, 23-18, 14x23x32, 31-27, 32x23, 25-22, 7-10, 21-17, 3-7, 12x3, 11-15, 24-20, 23-19, 20-16, 19x12, 3-8, 4x11, 17-14, 10x17x26, 28-24, 12-8, 29-25, 8-3, 24-19, 15x24, 25-21, 5-9, 21-17, 24-28, 17-13, 11-15, 13x6, 15-19, 6-1, 7-10, 1-5, 19-24, 5-9, 26-31, 9-14, 10x17"
198,1,198,1,0,"12-16, 22-18, 16-20, 24-19, 9-13, 28-24, 10-15, 19x10, 6x15x22, 26x17, 13x22, 25x18, 11-16, 30-25, 16-19, 24x15, 5-9, 18-14, 9x18, 23x14, 7-10, 14x7, 2x11x18, 21-17, 20-24, 27x20, 1-5, 17-14, 8-12, 20-16, 12x19, 32-27, 19-23, 25-21, 23x32, 21-17, 4-8, 14-10, 8-11, 29-25, 32-27, 31x24, 3-7, 10x3, 18-23, 3-8, 11-15, 17-14, 5-9, 14x5, 15-19, 24x15, 23-26, 5-1, 26-31, 15-10, 31-26, 10-7, 26-30, 8-3, 30x21, 1-6, 21-17, 7-2, 17-22, 6-9, 22-17, 9-14, 17x10, 3-7, 10x3, 2-6, 3-7, 6-10, 7x14"
199,1,199,0,0,"11-15, 21-17, 12-16, 25-21, 9-14, 23-19, 16x23, 26x19, 15-18, 22x15, 8-12, 17-13, 4-8, 24-20, 7-11, 31-26, 11x18, 27-24, 14-17, 21x14x7, 3x10, 30-25, 18-23, 32-27, 23x32, 20-16, 8-11, 16x7, 2x11, 26-22, 11-16, 19-15, 10x19, 24x15, 6-9, 13x6, 1x10x19, 28-24, 19x28, 22-18, 5-9, 18-15, 9-13, 25-21, 16-19, 21-17, 13x22, 15-10, 19-23, 10-7, 23-26, 7-3, 26-30, 29-25, 22x29, 3-7, 32-27, 7-10, 27-23, 10-7, 12-16, 7-2, 30-26, 2-7, 16-19, 7-3, 26-31, 3-8, 23-26, 8-12, 19-23, 12-8, 23-27, 8-3, 29-25, 3-7, 25-29, 7-2, 26-22, 2-6, 29-25, 6-9, 25-29, 9-13, 22-25, 13-9, 25-30, 9-14, 28-32, 14-18, 30-26, 18-15, 26-30, 15-11, 31-26, 11-8, 26-31, 8-4, 29-25, 4-8, 25-21, 8-12, 30-26, 12-16, 26-23, 16-12, 23-19, 12-8, 19-15, 8-12, 31-26, 12-8, 15-19"
200,1,200,0,0,"9-13, 23-18, 11-16, 26-23, 10-14, 18x9, 5x14, 24-19, 16-20, 21-17, 14x21, 22-18, 13-17, 18-14, 7-10, 14x7, 3x10, 23-18, 8-11, 18-15, 11x18, 28-24, 10-14, 31-26, 6-10, 32-28, 2-7, 27-23, 18x27, 25-22, 14-18, 22x13, 27-32, 26-22, 20x27, 22x15x6, 1x10, 30-25, 21x30, 13-9, 30-25, 29x22, 27-31, 9-5, 10-14, 28-24, 31-26, 5-1, 26x17, 19-15, 14-18, 24-20, 17-14, 20-16, 12x19, 1-5, 18-23, 15-10, 23-27, 10x3, 4-8, 3x12, 14-9, 5x14, 19-23, 12-16, 27-31, 14-9, 23-26, 9-13, 32-28, 16-11, 28-32, 11-7, 32-28, 13-17, 28-24, 7-3, 24-20, 17-14, 20-16, 14-18, 16-19, 3-7, 19-15, 18x11, 31-27, 11-8, 26-30, 8-3, 30-25, 3-8, 27-31, 7-11, 25-30, 8-4, 31-26, 11-7, 26-31, 7-2, 31-27, 2-6, 27-32, 6-2, 30-26, 2-6, 32-27"
201,1,201,0,0,"10-14, 23-18, 14x23, 27x18, 9-13, 21-17, 6-10, 24-20, 12-16, 18-14, 1-6, 22-18, 13x22, 26x17, 5-9, 14x5, 16-19, 20-16, 11x20, 28-24, 19x28, 30-26, 6-9, 17-13, 10-14, 13x6, 2x9, 25-22, 14x23x30, 31-26, 30x23, 22-18, 23x14, 29-25, 20-24, 5-1, 14-10, 1-5, 7-11, 5x14x7x16, 3-7, 32-27, 24x31, 16-12, 28-32, 12x3x10, 4-8, 10-15, 32-28, 25-21, 31-26, 15-18, 26-31, 18-22, 31-26, 22x31, 28-24, 31-26, 24-27, 21-17, 27-32, 17-14, 8-12, 14-9, 32-28, 26-30, 28-32, 9-5, 32-28, 30-25, 28-32, 25-21, 32-28, 21-17, 28-24, 17-14, 24-20, 14-9, 12-16, 9-13, 16-19, 13-9, 19-23, 9-13, 23-26, 5-1, 26-31, 1-6, 31-27, 13-17, 27-32, 6-9, 20-24, 9-5, 24-20, 17-21, 20-16"
202,1,202,0,0,"9-14, 21-17, 14x21, 23-19, 11-15, 24-20, 15x24, 28x19, 8-11, 27-24, 10-15, 19x10, 7x14, 31-27, 3-8, 22-18, 14x23, 27x18, 11-16, 20x11, 8x15x22x31, 30-26, 31x22, 25x18, 21-25, 29x22, 6-9, 22-17, 9-14, 17x10, 5-9, 10-6, 1x10, 24-19, 9-13, 32-28, 10-15, 19x10, 2-7, 10x3, 13-17, 18-15, 17-21, 28-24, 4-8, 15-11, 8x15, 24-19, 15x24, 3-8, 21-25, 8-4, 24-28, 4-8, 25-29, 8-4, 29-25"
203,1,203,1,0,"9-13, 23-18, 10-14, 18x9, 5x14, 24-20, 12-16, 27-24, 13-17, 22x13, 7-10, 31-27, 11-15, 20x11, 6-9, 13x6, 2x9, 27-23, 1-5, 23-18, 14x23, 26x19, 10-14, 19x10, 8x15, 24-19, 15x24, 28x19, 3-7, 10x3, 9-13, 21-17, 14x21, 3-8, 4x11, 19-16, 11x20, 30-26, 21x30x23, 32-27, 23x32, 29-25, 20-24, 25-21, 32-27, 21-17, 13x22"
204,1,204,0,1,"10-15, 23-18, 9-13, 24-20, 12-16, 28-24, 6-9, 24-19, 15x24, 26-23, 1-6, 32-28, 8-12, 28x19, 11-15, 20x11, 7x16, 19x10x1, 2-6, 1x10, 16-20, 27-24, 20x27, 31x24, 3-7, 10x3, 4-8, 30-26, 13-17, 22x13x6, 12-16, 3x12x19, 5-9, 19-15, 9-14, 18x9"
205,1,205,0,1,"9-14, 22-18, 14-17, 21x14, 10x17, 18-15, 11x18, 23x14, 6-9, 26-23, 9x18, 23x14, 8-11, 25-22, 17x26, 30x23, 11-16, 23-19, 16x23, 27x18, 1-6, 32-27, 5-9, 14x5, 6-10, 24-20, 3-8, 18-15, 10x19, 29-25, 12-16, 20x11, 8x15, 25-21, 19-24, 28x19x10x3, 2-6, 3-8, 4x11, 5-1, 11-16, 1x10, 16-19, 21-17, 19-24, 27x20"
206,1,206,0,0,"11-15, 22-17, 9-13, 23-18, 15x22, 25x18, 13x22, 26x17, 12-16, 30-26, 10-14, 17x10, 6x15x22, 26x17, 8-12, 17-14, 1-6, 27-23, 3-8, 31-27, 16-19, 23x16, 12x19, 24x15, 5-9, 14x5, 7-11, 21-17, 11x18, 17-13, 6-9, 13x6, 2x9, 28-24, 8-12, 32-28, 4-8, 27-23, 18x27, 24-20, 27-32, 20-16, 12x19, 28-24, 19x28, 29-25, 9-13, 25-21, 8-12, 5-1, 12-16, 1-6, 16-20, 6-2, 20-24, 2-7, 32-27, 7-2, 28-32, 2-7, 27-31, 21-17, 13x22, 7-11, 32-28, 11-7, 22-26, 7-2, 28-32, 2-6, 31-27, 6-9, 26-31, 9-6, 31-26"
207,1,207,0,0,"9-13, 24-20, 13-17, 21x14, 10x17, 22x13, 12-16, 23-19, 16x23, 27x18, 6-10, 25-21, 10-15, 28-24, 15x22, 26x17, 2-6, 30-25, 7-10, 31-27, 11-15, 24-19, 15x24x31, 32-28, 31-27, 17-14, 10x17, 21x14, 3-7, 25-22, 7-10, 14x7, 27-24, 28x19, 8-12, 19-16, 12x19, 13-9, 5x14, 7-3, 6-9, 3-7, 19-24, 7-3, 14-17, 22x13x6, 1x10, 29-25, 24-28, 25-22, 10-15, 22-17, 4-8, 3x12, 28-32, 20-16, 15-19, 17-14, 32-27, 14-9, 27-24, 9-6, 24-27, 6-1, 27-31, 1-6, 31-26, 6-1, 26-22, 12-8, 22-17, 1-5, 19-24, 8-3, 17-21, 3-8, 24-28, 16-11, 21-25, 11-7, 25-30, 8-4, 30-25, 5-9, 25-22, 4-8, 28-32, 7-2, 22-18, 2-6, 18-22, 9-13, 22-18, 8-12, 18-22, 13-9"
208,1,208,0,0,"9-14, 23-19, 12-16, 19x12, 5-9, 21-17, 14x21, 24-19, 11-16, 27-23, 7-11, 32-27, 10-15, 19x10, 6x15, 27-24, 9-13, 22-17, 13x22, 26x17, 1-6, 17-13, 3-7, 12x3x10x19x12, 4-8, 12x3, 6-10, 31-26, 10-15, 23-19, 2-7, 3x10, 11-16, 19x12, 15-19, 24x15"
209,1,209,1,0,"10-15, 23-19, 9-13, 19x10, 6x15, 21-17, 5-9, 27-23, 1-5, 25-21, 15-18, 22x15, 13x22, 26x17, 11x18x27, 32x23, 9-14, 17x10, 7x14, 23-18, 14x23, 21-17, 2-6, 30-25, 3-7, 24-20, 8-11, 17-13, 7-10, 31-26, 23x30x21, 20-16, 11x20, 13-9, 6x13, 29-25, 21x30, 28-24, 20x27"
210,1,210,0,1,"9-14, 24-20, 11-15, 22-18, 15x22, 26x17, 5-9, 28-24, 1-5, 32-28, 12-16, 20x11, 7x16, 30-26, 10-15, 17x10x1, 8-12, 25-22, 3-8, 29-25, 8-11, 24-19, 15x24, 27x20, 4-8, 28-24, 9-13, 24-19, 2-6, 1x10, 13-17, 21x14, 11-15, 20x11x4, 15x24, 4-8, 24-27, 31x24, 12-16, 22-17, 5-9, 14x5, 16-20, 26-22, 20x27, 5-1, 27-31, 10-7, 31-27, 8-11, 27x18, 22x15"
211,1,211,0,1,"11-16, 22-17, 9-14, 25-22, 14-18, 23x14, 7-11, 14x7, 3x10, 27-23, 5-9, 24-19, 9-13, 29-25, 2-7, 31-27, 10-14, 17x10x3, 6-9, 23-18, 16x23, 26x19, 9-14, 18x9, 11-16, 9-6, 1x10, 3-7, 16x23, 7x14, 12-16, 27x18, 8-12, 14-17, 16-20, 18-14, 4-8, 28-24, 20x27, 32x23, 8-11, 14-9, 11-16, 9-5, 16-20, 23-18, 12-16, 17-14, 13-17, 22x13, 20-24, 14-10, 16-20, 25-22, 24-27, 10-7, 27-31, 7-10, 31-26, 30x23, 20-24, 22-17, 24-27, 10-6, 27-32, 23-19, 32-27, 5-1, 27-31, 19-15, 31-27, 18-14, 27-23, 6-2, 23-19, 2-6, 19x10, 6x15"
212,1,212,1,0,"11-16, 22-17, 7-11, 17-14, 9x18, 23x14x7, 3x10, 24-19, 16x23, 26x19, 2-7, 31-26, 5-9, 27-23, 11-15, 19-16, 12x19, 23x16, 9-14, 26-23, 1-5, 25-22, 8-12, 28-24, 12x19x26, 30x23, 15-18, 22x15, 10x19x26, 24-19, 6-9, 21-17, 14x21, 19-16, 26-30, 29-25, 30-26, 16-11, 7x16, 25-22, 26x17, 32-28, 9-13, 28-24, 4-8, 24-19, 16x23"
213,1,213,0,1,"11-16, 22-17, 8-11, 24-20, 16-19, 23x16, 12x19, 27-24, 10-14, 24x15x8, 3x12, 17x10x3, 12-16, 20x11, 9-14, 28-24, 14-18, 26-22, 5-9, 22x15, 9-13, 11-7, 2x11x18, 24-19, 6-9, 3-8, 4x11, 31-26, 1-6, 32-27, 9-14, 26-22, 18-23, 27x18x9x2, 11-16, 19x12, 13-17, 21x14"
214,1,214,0,0,"12-16, 22-18, 16-20, 18-14, 9x18, 23x14, 10x17, 21x14, 6-10, 24-19, 10x17, 19-15, 11x18, 25-21, 18-22, 21x14, 2-6, 26x17, 20-24, 28x19, 6-10, 29-25, 5-9, 14x5, 8-11, 32-28, 4-8, 25-22, 11-15, 28-24, 10-14, 19x10, 14x21, 22-18, 7x14x23x32, 31-27, 32x23, 24-19, 23x16, 30-26, 21-25, 26-23, 3-7, 23-18, 7-10, 18-14, 10x17"
215,1,215,1,0,"9-14, 22-17, 11-15, 17-13, 14-17, 21x14, 10x17, 13-9, 5x14, 24-20, 8-11, 25-22, 1-5, 22x13, 15-18, 23-19, 6-10, 26-22, 18x25, 29x22, 10-15, 19x10, 4-8, 27-24, 2-6, 10x1, 11-15, 31-27, 7-11, 24-19, 15x24x31, 30-25, 31-27, 32x23, 14-17, 25-21, 17x26, 21-17, 3-7, 1-6, 26-30, 23-18, 5-9, 6-1, 7-10, 13x6, 10-14, 17x10, 30-26, 18-15, 11x18, 20-16, 12x19, 10-7, 18-23, 1-5, 19-24, 28x19, 26-22, 5-9, 8-12, 19-16, 12x19, 6-1, 23-26, 9-6, 19-23, 6-10, 22-25, 1-6, 25-21, 7-2, 26-30, 2-7, 30-25, 6-1, 21-17, 10-14, 17x10x3, 1-6, 25-22, 6-10, 22-17, 10-7, 3x10"
216,1,216,0,0,"10-14, 21-17, 14x21, 24-20, 9-13, 28-24, 6-9, 24-19, 9-14, 19-15, 11x18, 22x15, 14-17, 23-18, 7-11, 20-16, 11x20, 15-10, 2-6, 26-22, 6x15, 18x11, 17x26, 31x22, 8x15, 27-24, 20x27, 32x23, 3-8, 23-19, 15x24, 22-18, 12-16, 30-26, 21x30x23x14, 29-25, 1-6, 25-22, 13-17, 22x13, 14-9"
217,1,217,1,0,"12-16, 22-17, 11-15, 17-13, 15-19, 24x15, 10x19, 23-18, 19-24, 28x19x12, 9-14, 18x9, 5x14, 32-28, 6-10, 28-24, 7-11, 25-22, 1-6, 29-25, 14-18, 22x15, 10x19x28, 13-9, 6x13, 27-24, 2-7, 31-27, 28-32, 24-19, 32x23x16, 26-22, 11-15, 22-17, 13x22x29, 21-17, 7-10, 17-13, 16-11, 30-25, 29x22, 13-9, 22-17, 9-6, 17-22, 6-2, 3-7, 12x3, 10-14, 3x10x19, 22-18, 19-23, 18x27, 2-7, 11x2"
218,1,218,0,1,"9-13, 24-19, 12-16, 19x12, 13-17, 22x13, 6-9, 13x6, 2x9, 26-22, 9-13, 28-24, 11-16, 31-26, 10-14, 23-19, 16x23, 27x18x9, 5x14, 24-20, 13-17, 22x13, 8-11, 26-22, 3-8, 12x3x10x17, 4-8, 30-26, 1-6, 22-18, 11-16, 20x11x4, 6-9, 13x6"
219,1,219,0,0,"12-16, 24-20, 16-19, 23x16, 11-15, 21-17, 9-13, 27-23, 8-11, 31-27, 4-8, 23-19, 15x24x31, 16-12, 10-15, 17-14, 15-19, 14-10, 7x14, 25-21, 5-9, 22-18, 14x23, 29-25, 31x22x29, 30-26, 23x30, 20-16, 11x20, 21-17, 13x22, 32-27, 2-7, 27-23, 19x26, 28-24, 20x27"
220,1,220,0,0,"10-14, 22-18, 6-10, 25-22, 14-17, 22x13x6, 2x9, 24-19, 12-16, 19x12, 11-15, 18x11x2, 10-15, 28-24, 9-13, 23-19, 8-11, 19x10, 11-15, 2-6, 4-8, 26-23, 15-19, 23x16, 13-17, 21x14, 8-11, 16x7, 3-8, 12x3, 5-9, 14x5"
221,1,221,1,0,"11-16, 24-20, 9-14, 20x11, 7x16, 23-19, 16x23, 27x18x9, 5x14, 21-17, 14x21, 22-17, 3-7, 26-23, 8-11, 23-18, 11-16, 18-14, 6-9, 14x5, 1-6, 17-14, 10x17, 5-1, 6-10, 32-27, 16-19, 27-24, 19-23, 25-22, 17x26, 31x22, 2-6, 24-20, 4-8, 20-16, 12x19, 28-24, 19x28, 30-25, 21x30, 1-5, 23-26, 22-17, 8-11, 5-9, 6x13x22, 29-25, 30x21"
222,1,222,0,1,"9-14, 24-19, 11-15, 28-24, 14-18, 23x14, 10x17, 21x14, 6-9, 19x10, 9x18, 22x15, 7x14, 32-28, 1-6, 24-20, 14-17, 28-24, 6-10, 15x6, 2x9, 24-19, 9-13, 19-15, 17-21, 15-11, 8x15, 27-23, 15-19, 23x16, 12x19, 26-23, 19x26, 30x23, 21x30, 23-19, 4-8, 19-15, 3-7, 20-16, 30-25, 29x22, 8-11, 15x8, 7-10, 22-17, 13x22, 31-26, 22x31, 16-11, 5-9, 8-3, 9-13, 3-7, 10-15, 7-10, 13-17, 10x19, 17-21, 11-7, 21-25, 7-3, 31-27, 19-24, 27x20, 3-8, 20-24, 8-12, 25-29, 12-16, 24-19, 16x23, 29-25, 23-26, 25-30, 26-31, 30-26, 31x22"
223,1,223,0,1,"9-13, 23-19, 6-9, 26-23, 2-6, 30-26, 10-14, 22-17, 13x22, 25x18, 9-13, 18x9x2, 12-16, 19x12, 11-15, 2x11x18, 5-9, 29-25, 8-11, 23-19, 11-15, 19x10, 1-6, 10x1, 9-14, 18x9, 4-8, 25-22, 8-11, 9-6, 11-15, 6-2, 15-19, 24x15, 3-7, 2x11, 13-17, 22x13"
224,1,224,0,1,"10-14, 23-19, 9-13, 27-23, 5-9, 31-27, 7-10, 23-18, 14x23, 27x18, 1-5, 32-27, 10-15, 19x10x1, 9-14, 18x9, 5x14, 1-6, 2x9, 24-19, 11-16, 26-23, 16-20, 19-15, 3-7, 23-19, 12-16, 19x12x3x10x17, 20-24, 27x20, 9-14, 17x10, 4-8, 10-6, 8-11, 15x8, 13-17, 22x13"
225,1,225,0,1,"9-13, 22-17, 13x22, 25x18, 6-9, 30-25, 10-14, 25-22, 14-17, 22x13x6, 1x10, 18-15, 11x18, 23x14, 10x17, 21x14, 7-11, 26-22, 5-9, 14x5, 11-16, 24-19, 16x23, 27x18, 8-11, 18-14, 11-16, 22-18, 3-8, 14-10, 16-20, 31-26, 2-7, 10x3, 8-11, 18-14, 4-8, 28-24, 20x27, 32x23, 11-15, 14-9, 15-18, 23x14, 8-11, 5-1, 11-15, 14-10, 15-19, 1-5, 19-24, 29-25, 24-28, 5-1, 28-32, 9-6, 12-16, 26-23, 16-20, 3-8, 32-27, 23-19, 27-24, 8-12, 24x15, 10-7, 20-24, 25-22, 15-19, 12-16, 19x12, 6-2, 12-16, 22-17, 24-27, 1-6, 27-31, 6-10, 16-12, 7-3, 12-16, 17-13, 16-11, 10-6, 11-16, 6-9, 31-27, 2-6, 27-23, 3-7, 23-19, 7-3, 19-15, 3-8, 16-12, 9-5, 12x3, 6-10, 15x6, 5-1, 3-8, 1x10, 8-11, 10-7, 11x2, 13-9, 2-7, 9-6, 7-3, 6-2, 3-7, 2x11"
226,1,226,0,0,"11-15, 24-20, 10-14, 27-24, 14-17, 22x13, 15-19, 23x16, 12x19, 24x15, 8-11, 15x8, 3x12, 20-16, 12x19, 25-22, 4-8, 30-25, 8-11, 31-27, 11-15, 22-17, 6-10, 13x6, 2x9, 26-22, 9-14, 28-24, 19x28, 27-23, 14-18, 23x14, 15-18, 22x15x6, 1x10, 32-27, 28-32, 27-23, 5-9, 14x5, 32-27, 5-1, 27x18, 25-22, 18x25, 29x22, 7-11, 1-6, 11-15, 17-14, 10x17x26, 6-2, 26-30, 2-6, 15-19, 21-17, 30-25, 6-10, 19-24, 10-14, 25-29, 14-18, 24-27, 17-13, 27-32, 18-14, 32-27, 14-18"
227,1,227,1,0,"11-16, 22-17, 16-19, 24x15, 10x19, 23x16, 12x19, 25-22, 7-10, 28-24, 19x28, 26-23, 8-11, 22-18, 9-13, 31-26, 13x22x31x24, 23-19, 24x15x22, 30-26, 22x31, 21-17, 3-8, 17-13, 11-15, 13-9, 6x13, 32-27, 31x24, 29-25, 5-9, 25-21, 10-14, 21-17, 14x21"
228,1,228,1,0,"9-13, 23-19, 11-15, 27-23, 5-9, 22-17, 13x22, 26x17, 7-11, 31-26, 9-14, 23-18, 15x22x31, 19-15, 11x18, 24-19, 1-5, 19-15, 10x19, 17x10x1, 8-11, 30-26, 31x22, 21-17, 22x13, 25-21, 3-8, 1-6, 2x9, 28-24, 19x28, 21-17, 13x22, 29-25, 22x29, 32-27, 11-15, 27-23, 18x27"
229,1,229,0,1,"9-14, 24-20, 12-16, 22-18, 8-12, 18x9, 5x14, 26-22, 10-15, 27-24, 16-19, 23x16, 12x19, 30-26, 14-18, 32-27, 7-10, 26-23, 19x26, 27-23, 18x27, 22-17, 4-8, 31x22, 3-7, 17-13, 8-12, 22-18, 15x22, 25x18, 27-31, 20-16, 12x19, 24x15x8, 31-27, 21-17, 27-23, 18-14, 1-5, 28-24, 7-11, 14x7, 23-26, 13-9, 6x13x22, 8-3, 11-16, 3-8, 2x11, 8x15, 16-20, 29-25, 20x27, 25x18, 26-30, 15-19, 5-9, 19-23, 30-25, 23x32, 9-14, 18x9, 25-30, 32-27, 30-25, 27-23, 25-29, 9-5, 29-25, 23-26, 25-21, 5-1, 21-25, 26-30, 25-29, 1-5, 29-25, 30x21"
230,1,230,1,0,"11-15, 23-19, 9-13, 24-20, 15x24, 28x19, 5-9, 22-17, 13x22, 25x18, 9-14, 18x9, 6x13, 20-16, 10-15, 19x10, 12x19, 21-17, 13x22, 26x17, 7x14x21, 31-26, 1-6, 27-24, 19x28, 26-23, 2-7, 29-25, 6-10, 30-26, 21x30, 23-18, 30x23x14, 32-27, 14-18, 27-24, 7-11, 24-19, 10-15, 19x10, 18-15, 10-7, 3x10"
231,1,231,0,0,"11-15, 22-17, 9-14, 23-18, 15x22, 25x18x9, 5x14, 29-25, 14-18, 25-22, 18x25, 26-22, 8-11, 24-19, 11-15, 28-24, 12-16, 19x12, 25-29, 12-8, 3x12, 17-13, 7-11, 31-26, 1-5, 27-23, 2-7, 32-27, 4-8, 23-18, 11-16, 18x11x2x9, 5x14, 30-25, 14-17, 21x14x7, 16-19, 24x15, 12-16, 25-21, 8-12, 21-17, 16-20, 27-23, 12-16, 23-18, 20-24, 7-2, 16-20, 17-14, 29-25, 2-7, 24-27, 26-23, 25-29, 14-9, 29-25, 15-11, 20-24, 22-17, 25-30, 7-3, 27-31, 18-15, 31-27, 11-7, 27x18x11x2, 17-14, 30-25, 3-7, 2x11, 14-10, 11-15, 9-5, 15x6, 13-9, 6x13, 5-1, 13-9, 1-5, 9-13"
232,1,232,0,0,"12-16, 24-20, 10-15, 22-18, 15x22, 25x18, 8-12, 23-19, 16x23, 26x19, 11-15, 19x10, 6x15x22, 21-17, 7-11, 27-23, 22-26, 31x22, 11-15, 22-18, 15x22, 23-18, 12-16, 20x11, 9-13, 30-26, 22x31, 32-27, 13x22, 18-14, 31x24, 28x19, 22-25, 29x22, 2-6, 22-18, 6-9, 11-8, 3x12, 14-10, 9-13, 19-15, 4-8, 15-11, 8x15x22, 10-7, 13-17, 7-3, 17-21, 3-7, 1-6, 7-11, 21-25, 11-15, 6-10, 15x6, 25-29, 6-10, 29-25, 10-7, 25-29, 7-10"
233,1,233,1,0,"9-14, 21-17, 14x21, 23-19, 10-15, 19x10, 6x15, 24-20, 2-6, 20-16, 12x19, 22-17, 11-16, 25-22, 15-18, 22x15, 6-10, 15x6, 1x10, 17-13, 7-11, 30-25, 21x30x23, 27x18, 8-12, 13-9, 5x14x23, 31-26, 23x30, 28-24, 19x28, 29-25, 30x21, 32-27, 16-19, 27-24, 3-8, 24x15x6, 21-17, 6-1, 17-22, 1-5, 22-17, 5-9, 17-14, 9x18, 11-15, 18x11, 8x15"
234,1,234,0,1,"10-15, 23-19, 9-14, 19x10, 6x15, 27-23, 15-18, 22x15, 11x18x27, 32x23, 14-18, 23x14, 1-6, 26-22, 6-9, 31-26, 9x18, 22x15, 12-16, 24-20, 2-6, 20x11x2x9, 5x14, 26-23, 8-12, 25-22, 14-18, 23x14, 12-16, 21-17, 16-20, 28-24, 20x27, 17-13, 27-31, 22-17, 3-8, 14-10, 8-11, 15x8, 4x11, 30-25, 31-27, 25-21, 11-16, 29-25, 16-19, 25-22, 27-23, 10-7, 23-27, 13-9, 27-24, 22-18, 24-20, 17-13, 20-16, 21-17, 19-24, 7-3, 16-20, 18-14, 20-16, 14-10, 24-27, 3-8, 16-12, 9-6, 12x3, 6-1, 3-8, 1-6, 8-12, 6-1, 27-32, 13-9, 32-28, 1-6, 28-24, 10-7, 12-8, 17-13, 8-12, 6-1, 12-16, 7-3, 16-20, 1-5, 20-16, 3-8, 24-19, 8-11, 16x7, 5-1, 19-16, 1-6, 7-10, 6x15, 16-19, 15x24"
235,1,235,1,0,"11-16, 21-17, 7-11, 24-20, 9-13, 23-18, 16-19, 17-14, 10x17, 18-15, 11x18, 22x15, 6-9, 28-24, 19x28, 27-23, 2-6, 15-10, 6x15, 25-21, 15-18, 21x14, 18x27, 31x24, 9x18, 26-23, 18x27, 32x23, 5-9, 24-19, 1-6, 30-25, 3-7, 19-15, 7-11, 23-19, 11x18, 19-16, 12x19, 25-21, 18-22, 20-16, 22-25, 29x22, 9-14, 16-11, 8x15, 22-17, 13x22, 21-17, 14x21"
236,1,236,1,0,"9-13, 22-17, 13x22, 26x17, 10-14, 17x10, 7x14, 21-17, 14x21, 24-19, 5-9, 19-15, 11x18, 23x14x5, 6-9, 27-24, 2-7, 31-27, 1-6, 24-19, 6-10, 28-24, 10-15, 19x10, 7x14, 24-20, 12-16, 20x11, 8x15, 27-23, 15-18, 23-19, 3-8, 32-27, 18-22, 25x18, 14x23x32, 29-25, 9-14, 30-26, 21x30x23x16, 5-1, 32-27, 1-6, 27-24, 6-2, 14-17, 2-6, 17-21, 6-9, 16-12, 9-14, 24-27, 14-17, 27-24, 17-22, 24-28, 22-17, 21-25, 17-22, 8-11, 22x29, 12-8, 29-25, 28-32, 25-22, 11-15, 22-18, 15x22"
237,1,237,0,0,"11-16, 23-18, 16-20, 18-15, 10x19, 24x15, 9-13, 15-10, 6x15, 26-23, 7-10, 21-17, 5-9, 31-26, 1-6, 25-21, 8-11, 17-14, 9x18x25, 29x22, 3-8, 30-25, 15-18, 23x14x7, 6-9, 22-18, 12-16, 26-23, 20-24, 28x19x12x3, 11-16, 3-8, 4x11, 21-17, 13x22x29, 18-15, 11x18, 23x14x5, 2x11, 32-28, 16-19, 28-24, 19x28, 27-23, 11-16, 23-19, 16x23, 5-1, 23-27, 1-5, 27-32, 5-1, 32-27"
238,1,238,0,1,"9-13, 23-19, 11-15, 19-16, 12x19, 22-17, 13x22, 25x18x11, 7x16, 24x15, 10x19, 21-17, 8-11, 29-25, 5-9, 27-24, 1-5, 24x15x8, 4x11, 32-27, 16-19, 26-23, 19x26, 31x22, 3-8, 17-13, 2-7, 22-18, 9-14, 18x9x2, 7-10, 2-6, 5-9, 6x15, 11x18, 13x6, 18-22, 25x18, 8-12, 28-24, 12-16, 24-20, 16-19, 30-25, 19-24, 27-23, 24-28, 25-22, 28-32, 18-15, 32-28, 23-19, 28-32, 6-1, 32-27, 1-5, 27-23, 22-18, 23x14, 19-16, 14-9, 5x14"
239,1,239,1,0,"10-14, 21-17, 14x21, 22-18, 12-16, 23-19, 16x23, 26x19, 11-16, 19x12, 8-11, 18-15, 11x18, 24-19, 6-10, 19-15, 10x19, 27-23, 19x26, 31x22x15, 9-14, 32-27, 1-6, 27-24, 5-9, 24-19, 14-17, 28-24, 17-22, 25x18, 9-13, 12-8, 3x12, 30-25, 21x30, 15-11, 7x16x23, 18-15, 30-25, 29x22, 13-17, 22x13, 23-26, 15-11, 6-9, 13x6, 2x9, 24-20, 26-30, 11-8, 4x11, 20-16, 11x20"
240,1,240,0,1,"10-14, 23-19, 11-15, 19x10, 6x15, 26-23, 7-10, 31-26, 8-11, 22-18, 15x22x31, 30-26, 31x22, 25x18, 9-13, 18x9, 5x14, 29-25, 3-8, 24-19, 2-7, 19-16, 11x20, 28-24, 12-16, 24-19, 7-11, 19x12x3, 14-18, 23x14x7, 1-6, 7-2, 13-17, 2x9, 11-16, 21x14, 16-19, 3-7, 19-23, 27x18, 20-24, 7-10, 4-8, 18-15, 8-11, 15x8, 24-27, 32x23"
241,1,241,0,0,"9-13, 22-17, 13x22, 26x17, 10-14, 17x10, 6x15, 30-26, 12-16, 24-20, 15-19, 28-24, 19x28, 25-22, 8-12, 21-17, 1-6, 23-18, 6-10, 18-14, 11-15, 20x11, 7x16, 14x7, 3x10, 26-23, 4-8, 23-18, 16-20, 18x11x4, 2-6, 17-13, 10-15, 31-26, 6-9, 13x6, 20-24, 27x20, 12-16, 20x11, 15-18, 22x15, 5-9, 15-10, 9-13, 4-8, 13-17, 8-12, 17-21, 12-8, 21-25, 29x22"
242,1,242,1,0,"12-16, 23-19, 16x23, 27x18, 8-12, 24-20, 10-14, 20-16, 14x23, 26x19, 11x20, 32-27, 9-13, 19-15, 6-9, 22-17, 13x22, 25x18, 9-13, 29-25, 7-11, 15x8, 4x11, 31-26, 3-8, 18-15, 11x18, 26-23, 2-6, 23x14, 12-16, 14-9, 5x14, 28-24, 14-18, 24-19, 16x23x32, 25-22, 18x25, 30-26, 13-17, 21x14, 1-5, 26-22, 32-27, 22-17, 6-9, 17-13, 9x18, 13-9, 5x14"
243,1,243,0,1,"10-14, 24-20, 14-18, 23x14, 9x18, 22x15, 11x18, 21-17, 12-16, 20x11, 7x16, 25-21, 18-23, 26x19x12, 3-7, 12x3x10, 6x15, 30-26, 5-9, 27-23, 1-5, 29-25, 4-8, 28-24, 15-19, 23x16, 2-7, 24-19, 8-11, 16-12, 11-15, 19x10x3, 9-14, 17x10, 5-9, 21-17, 9-14, 32-27, 14x21x30x23x32, 12-8, 32-27, 31x24"
244,1,244,1,0,"10-15, 24-19, 15x24, 27x20, 6-10, 23-19, 1-6, 21-17, 10-14, 17x10x1, 11-15, 19x10, 7x14, 32-27, 14-17, 22x13x6, 2x9, 26-22, 9-14, 22-18, 14x23x32, 31-27, 32x23, 25-21, 23-27, 20-16, 12x19, 1-6, 19-23, 6-9, 5x14, 30-26, 23x30, 28-24, 27x20, 29-25, 8-11, 21-17, 30x21, 17x10, 21-17, 10-7, 3x10"
245,1,245,0,0,"12-16, 23-18, 16-19, 24x15, 10x19, 22-17, 11-16, 26-23, 19x26, 30x23, 16-19, 23x16, 7-11, 16x7, 3x10, 28-24, 8-11, 17-13, 11-16, 18-15, 10x19x28, 25-22, 6-10, 13x6, 2x9, 22-17, 9-14, 27-23, 10-15, 17x10, 15-18, 23x14, 1-6, 10x1, 16-19, 31-26, 4-8, 14-9, 5x14, 26-22, 14-17, 22x13, 19-23, 13-9, 23-27, 32x23, 8-12, 23-18, 28-32, 9-5, 32-27, 29-25, 27-32, 18-14, 32-28, 14-10, 28-32, 21-17, 32-28, 10-6, 12-16, 17-14, 28-24, 25-21, 16-20, 6-2, 24-28, 14-10, 28-32, 10-7, 32-28, 2-6, 28-32, 6-10"
246,1,246,0,0,"10-14, 24-20, 9-13, 22-17, 13x22, 25x18x9, 6x13, 27-24, 2-6, 32-27, 6-9, 29-25, 12-16, 24-19, 7-10, 19x12, 10-14, 23-19, 14-18, 20-16, 11x20, 28-24, 18-22, 26x17, 13x22x29, 19-15, 8-11, 15x8, 4x11, 12-8, 3x12, 31-26, 9-13, 27-23, 20x27, 30-25, 29x22x31, 23-19, 11-16, 21-17, 16x23, 17-14, 5-9, 14x5, 23-26"
247,1,247,1,0,"12-16, 23-18, 10-14, 27-23, 9-13, 18x9, 5x14, 22-17, 13x22, 26x17x10, 6x15, 31-27, 15-19, 24x15, 11x18, 23x14, 16-19, 28-24, 19x28, 14-9, 2-6, 9x2x11, 8x15, 27-24, 3-7, 24-19, 15x24, 21-17, 7-11, 17-14, 1-5, 14-9, 5x14, 25-22, 11-16, 32-27, 24x31, 29-25, 28-32, 25-21, 16-20, 30-26, 32-28, 22-18, 31x22x15, 21-17, 14x21"
248,1,248,0,1,"12-16, 21-17, 9-13, 24-19, 10-14, 19x12, 14x21, 28-24, 6-9, 32-28, 9-14, 24-19, 7-10, 28-24, 10-15, 19x10, 5-9, 22-17, 13x22, 26x17, 2-7, 24-20, 1-6, 10x1, 7-10, 1-6, 9-13, 6x15, 13x22, 25x18x9, 11x18, 23x14, 21-25, 30x21, 8-11, 14-10, 11-15, 10-6, 3-7, 12-8, 4x11, 9-5, 15-18, 27-23, 18x27, 31x24, 11-16, 20x11x2"
249,1,249,0,0,"10-15, 24-19, 15x24, 27x20, 12-16, 28-24, 16-19, 23x16, 11-15, 31-27, 9-13, 21-17, 6-10, 17-14, 10x17, 24-19, 15x24x31, 16-11, 7x16, 20x11, 8x15, 32-28, 15-19, 26-23, 17x26, 23x16, 5-9, 30x23, 9-14, 25-22, 2-7, 16-11, 7x16, 22-17, 13x22, 29-25, 22x29, 23-19, 16x23, 28-24, 1-5, 24-20, 31-27, 20-16, 4-8, 16-12, 29-25"
250,1,250,1,0,"11-15, 24-19, 15x24, 28x19, 7-11, 23-18, 11-16, 18-15, 16x23, 26x19, 9-14, 19-16, 10x19, 32-28, 2-7, 30-26, 8-11, 28-24, 19x28, 27-23, 11x20, 23-18, 14x23x30, 22-18, 5-9, 25-22, 4-8, 29-25, 12-16, 18-14, 9x18, 22x15, 7-10, 25-22, 10x19, 31-26, 30x23, 22-18, 23x14, 21-17, 14x21"
251,1,251,1,0,"11-15, 23-18, 10-14, 18x11, 8x15, 22-18, 15x22, 25x18, 14x23, 27x18, 12-16, 18-14, 9x18, 24-20, 18-22, 26x17, 6-9, 20x11, 7x16, 31-27, 4-8, 30-25, 2-6, 17-13, 9-14, 13-9, 6x13, 21-17, 14x21x30, 28-24, 30-25, 29x22, 13-17, 22x13, 8-11, 24-20, 3-7, 27-24, 1-6, 32-28, 7-10, 13-9, 6x13, 24-19, 16x23, 28-24, 10-15, 24-19, 15x24, 20-16, 11x20"
252,1,252,0,1,"10-14, 22-18, 14-17, 21x14, 9-13, 25-22, 12-16, 24-20, 16-19, 23x16, 6-10, 18-15, 10x17, 29-25, 11x18, 22x15, 7-10, 15x6, 1x10, 25-21, 17-22, 26x17, 13x22, 16-12, 5-9, 30-26, 2-7, 26x17, 7-11, 17-13, 10-14, 13x6, 11-15, 31-26, 14-17, 21x14, 3-7, 12x3x10x19, 4-8, 19-24, 8-12, 26-22, 12-16, 20x11"
253,1,253,0,1,"11-15, 22-18, 15x22, 26x17, 8-11, 24-19, 3-8, 31-26, 12-16, 19x12x3, 4-8, 3x12, 11-16, 12x19, 10-14, 17x10x3, 6-10, 26-22, 2-6, 19-15, 10x19x26, 30x23, 9-14, 3-8, 6-10, 8-12, 5-9, 22-18, 9-13, 18x9, 10-14, 12-16, 14-17, 21x14, 1-6, 9x2, 13-17, 27-24, 17-22, 25x18"
254,1,254,0,1,"9-14, 23-18, 14x23, 27x18, 12-16, 18-15, 10x19, 24x15, 11x18, 22x15, 5-9, 31-27, 16-19, 15-10, 6x15, 27-24, 2-6, 25-22, 8-12, 32-27, 19-23, 26x19x10, 7x14, 24-20, 9-13, 22-17, 13x22, 27-23, 22-26, 21-17, 14x21, 23-19, 6-9, 30x23, 21-25, 29x22, 12-16, 19x12, 9-14, 28-24, 3-8, 12x3, 4-8, 3x12, 1-6, 23-18, 14x23, 24-19, 6-9, 12-16, 23-26, 16-12, 9-14, 20-16, 14-17, 22x13, 26-30, 12-8, 30-25, 8-12, 25-22, 19-15, 22-17, 13-9, 17-14, 16-11, 14x5, 12-8, 5-1, 15-10, 1-6, 10x1"
255,1,255,0,0,"9-13, 22-18, 12-16, 26-22, 10-14, 18x9, 5x14, 24-20, 14-18, 23x14, 8-12, 14-9, 1-5, 21-17, 5x14x21, 31-26, 13-17, 22x13, 7-10, 25-22, 10-14, 27-23, 11-15, 20x11, 21-25, 30x21, 15-18, 22x15, 4-8, 11x4, 12-16, 4-8, 3x12, 15-11, 16-19, 23x16, 12x19, 11-7, 2x11, 13-9, 6x13, 26-23, 19x26, 21-17, 14x21, 28-24, 11-16, 32-28, 26-31, 24-19, 16x23, 28-24, 13-17, 24-19, 31-27, 19-16, 27-31, 16-11, 23-26, 11-8, 21-25, 29x22x13, 26-30, 8-4, 31-26, 4-8, 26-23, 13-9, 23-27, 8-3, 27-32, 9-6, 30-26, 6-1, 32-27, 3-7, 26-30, 7-11, 27-24, 1-5, 24-20, 5-9, 30-26, 9-6, 20-24, 6-9, 26-31, 11-15, 31-27, 15-10, 27-23, 9-5, 24-19, 10-6, 23-26, 6-1, 19-16, 5-9, 26-30, 1-6, 30-26, 9-13, 16-12, 6-10, 26-30, 10-6, 30-25, 13-17, 25-21, 6-1, 21x14, 1-5, 14-10, 5-9, 10-15, 9-6, 12-16, 6-1, 15-19, 1-5, 16-20, 5-1, 19-23, 1-5, 23-19"
256,1,256,0,1,"10-15, 21-17, 9-14, 17x10, 7x14, 25-21, 15-19, 23x16x7, 2x11, 24-19, 14-17, 22x13, 6-10, 26-23, 3-7, 27-24, 11-16, 31-27, 1-6, 23-18, 16x23, 29-25, 10-14, 18x9x2x11, 8x15, 27x18x11, 5-9, 13x6, 4-8, 11x4, 12-16, 21-17, 16-20, 17-13, 20x27, 32x23"
257,1,257,1,0,"9-13, 22-18, 5-9, 24-20, 9-14, 18x9, 13-17, 21x14, 6x13, 20-16, 10x17, 25-22, 11x20, 28-24, 7-10, 23-18, 17-21, 18-15, 10x19x28, 27-24, 20x27, 32x23, 13-17, 22x13, 28-32, 13-9, 1-5, 29-25, 5x14, 23-18, 14x23, 26x19, 2-6, 30-26, 21x30x23x16, 31-27, 32x23"
258,1,258,0,0,"10-14, 24-19, 6-10, 19-16, 12x19, 23x16, 11x20, 27-23, 10-15, 23-19, 15x24, 28x19, 1-6, 32-27, 6-10, 27-24, 20x27, 31x24, 2-6, 19-16, 8-11, 22-18, 11x20x27, 26-22, 14x23, 22-17, 7-11, 30-26, 23x30, 17-13, 4-8, 21-17, 30x21x14, 29-25, 14-17, 25-22, 17x26"
259,1,259,0,1,"11-16, 24-20, 16-19, 23x16, 12x19, 27-23, 8-12, 23x16, 12x19, 26-23, 19x26, 30x23, 10-14, 31-27, 14-17, 21x14, 9x18, 23x14, 5-9, 14x5, 4-8, 27-24, 7-11, 20-16, 11x20x27, 32x23, 8-11, 23-18, 11-16, 22-17, 16-20, 17-13, 3-7, 18-15, 6-10, 15x6, 1x10, 5-1, 7-11, 1-6, 2x9, 13x6, 10-15, 6-1, 15-18, 1-5, 20-24, 28x19, 18-22, 25x18, 11-16, 19x12"
260,1,260,1,0,"9-14, 23-18, 14x23, 27x18, 5-9, 24-19, 10-15, 19x10, 6x15, 31-27, 15-19, 27-24, 19-23, 26x19, 11-15, 19x10, 7x14x23, 32-27, 23x32, 22-17, 2-7, 17-14, 9x18, 24-20, 7-11, 30-26, 32-27, 28-24, 27-23, 26x19, 12-16, 19x12, 18-23, 25-22, 23-26, 24-19, 1-5, 22-18, 11-16, 20x11, 8x15x22, 19-15, 3-7, 12-8, 4x11x18, 29-25, 22x29, 21-17, 26-31, 17-14, 18-23, 14-10, 7x14"
261,1,261,0,0,"10-15, 22-18, 15x22, 26x17, 11-15, 24-20, 15-18, 23x14, 9x18, 20-16, 12x19, 25-22, 18x25, 29x22, 8-12, 28-24, 19x28, 27-23, 6-10, 31-27, 7-11, 17-13, 12-16, 30-25, 16-19, 23x16x7, 2x11, 21-17, 3-8, 27-23, 8-12, 17-14, 10x17x26, 25-22, 26-31, 32-27, 31x24, 13-9, 5x14, 22-17, 14x21, 23-18, 1-6, 18-14, 11-15, 14-10, 24-19, 10x1, 21-25, 1-5, 28-32, 5-9, 12-16, 9-5, 19-23, 5-9, 23-18, 9-6, 32-28, 6-2, 16-20, 2-6, 25-29, 6-1, 18-22, 1-5, 22-26, 5-9, 4-8, 9-5, 26-23, 5-9, 8-11, 9-6, 15-18, 6-2, 11-16, 2-7, 28-24, 7-2, 23-27, 2-7, 27-31, 7-2, 31-26"
262,1,262,0,0,"11-16, 22-18, 8-11, 18-14, 9x18, 23x14, 10x17, 21x14, 11-15, 24-19, 16x23, 26x19x10, 6x15, 14-9, 5x14, 30-26, 12-16, 26-22, 2-6, 28-24, 7-11, 32-28, 3-8, 31-26, 14-17, 22x13, 8-12, 13-9, 6x13, 27-23, 16-20, 25-21, 20x27, 26-22, 1-6, 21-17, 4-8, 17-14, 6-9, 14x5, 15-19, 23x16x7, 27-32, 7-2, 32-27, 29-25, 27-32, 25-21, 13-17, 22x13, 8-11, 28-24, 32-27, 2-6, 27x20, 21-17, 11-15, 6-9, 20-16, 17-14, 15-19, 9-6, 16-20, 6-2, 19-23, 2-6, 23-26, 14-9, 20-24, 6-1, 26-31, 9-6, 24-27, 13-9, 27-24, 6-2, 31-27, 1-6, 24-19, 2-7, 19-15, 6-10, 15x6x13, 7-2, 27-23, 2-7, 23-19, 5-1, 19-16, 7-3, 16-20, 3-7, 13-9, 7-3, 9-13"
263,1,263,0,0,"9-13, 22-18, 6-9, 23-19, 2-6, 27-23, 9-14, 18x9x2, 10-15, 19x10, 7x14, 2-7, 3x10, 25-22, 5-9, 32-27, 11-16, 21-17, 14x21, 22-17, 13x22, 26x17, 10-14, 17x10, 1-5, 23-18, 8-11, 18-15, 11x18, 27-23, 18x27, 10-6, 27-32, 29-25, 9-13, 6-2, 5-9, 25-22, 13-17, 22x13x6, 16-19, 24x15, 21-25, 30x21, 32-27, 31x24, 4-8, 2-7, 12-16, 24-19, 16x23, 28-24, 8-12, 6-1, 12-16, 7-3, 16-19, 3-7, 19x28, 1-5, 23-26, 5-9, 26-30, 7-2, 30-25, 15-11, 25-29, 9-13, 29-25, 2-7, 25-29, 13-9"
264,1,264,1,0,"11-15, 24-19, 15x24, 27x20, 10-14, 31-27, 9-13, 20-16, 12x19, 23x16, 5-9, 16-11, 8x15, 27-23, 1-5, 23-19, 15x24, 28x19, 7-11, 22-17, 13x22x31, 30-26, 31x22, 25x18, 14x23, 32-28, 9-13, 19-16, 11x20, 21-17, 13x22, 29-25, 22x29, 28-24, 20x27"
265,1,265,0,0,"12-16, 24-20, 9-14, 28-24, 6-9, 23-18, 14x23, 27x18, 9-14, 18x9, 5x14, 21-17, 14x21, 22-17, 10-15, 26-22, 2-6, 30-26, 21x30x23, 32-27, 23x32, 17-13, 32-27, 24-19, 16x23, 31x24, 15-19, 24x15, 11x18x25, 29x22, 23-26, 22-17, 6-10, 17-14, 10x17, 20-16, 17-22, 16-11, 8x15, 13-9, 1-6, 9x2x11x18x25, 26-30, 25-22, 30-26, 22x31, 4-8, 31-27, 8-11, 27-24, 11-15, 24-28, 3-8, 28-32, 8-12, 32-27, 15-18, 27-32, 18-22, 32-27, 12-16, 27-24, 16-19, 24x15, 22-26, 15-10, 26-31, 10-7, 31-26, 7-10"
266,1,266,0,1,"9-14, 22-17, 12-16, 17-13, 16-20, 26-22, 6-9, 13x6, 2x9, 23-19, 10-15, 19x10, 14-18, 22x15, 11x18, 10-6, 1x10, 24-19, 7-11, 19-16, 9-14, 16x7, 18-23, 27x18x9, 5x14, 7-2, 10-15, 31-26, 14-17, 21x14, 15-18, 25-22, 18x25, 30x21, 8-11, 28-24, 20x27, 32x23, 11-15, 26-22, 15-18, 22x15, 3-7, 2x11, 4-8, 11x4"
267,1,267,0,1,"10-14, 21-17, 14x21, 24-19, 9-13, 27-24, 13-17, 22x13, 6-9, 13x6, 2x9, 24-20, 1-6, 32-27, 6-10, 25-22, 12-16, 19x12, 21-25, 30x21, 10-15, 27-24, 7-10, 29-25, 3-7, 12x3, 15-19, 24x15x6, 9-13, 3x10, 5-9, 10-15, 11x18x27, 31x24, 4-8, 20-16, 8-12, 22-18, 12x19, 24x15, 13-17, 21x14x5"
268,1,268,0,1,"11-15, 22-17, 8-11, 24-20, 4-8, 20-16, 11x20, 25-22, 20-24, 28x19, 15x24, 27x20, 9-14, 32-28, 10-15, 17x10, 7x14, 23-19, 15x24, 28x19, 14-17, 21x14, 5-9, 14x5, 2-7, 31-27, 6-10, 20-16, 10-14, 30-25, 14-18, 22x15, 8-11, 15x8, 7-10, 27-23, 1-6, 19-15, 12x19, 23x16, 3x12x19, 5-1, 19-23, 26x19, 6-9, 15x6, 9-13, 19-15, 13-17, 25-22, 17x26, 6-2, 26-30, 1-5, 30-26, 29-25, 26-23, 25-22, 23-18, 15-11, 18x25, 2-7, 25-30, 5-1, 30-25, 7-3, 25-29, 11-8, 29-25, 1-5, 25-22, 5-1, 22-18, 1-5, 18-23, 8-4, 23-19, 5-1, 19-16, 3-7, 16-19, 4-8, 19-16, 7-2, 16-11, 8x15"
269,1,269,0,1,"12-16, 22-18, 10-15, 18-14, 9x18, 23x14, 15-19, 24x15, 11x18, 25-22, 18x25, 29x22, 16-19, 27-24, 8-11, 24x15x8, 3x12, 31-27, 7-10, 14x7, 2x11, 22-18, 11-15, 18x11, 12-16, 30-25, 4-8, 11x4, 16-20, 26-23, 6-9, 25-22, 1-6, 22-17, 9-13, 23-18, 13x22, 27-24, 20x27, 32x23, 6-9, 21-17, 22-26, 18-14, 9x18x27, 17-13, 26-30, 13-9, 5x14, 28-24, 27-31, 24-20, 31-26, 20-16, 26-31, 16-11, 31-27, 11-7, 27-32, 7-3, 30-25, 4-8, 25-21, 8-12, 14-18, 3-8, 21-17, 8-3, 18-23, 12-16, 17-13, 16-19, 32-28, 19x26, 13-9, 3-7, 9-14, 26-22, 14-18, 22x15, 28-32, 15-19, 32-28, 7-11, 28-32, 11-8, 32-27, 19-24, 27x20, 8-11, 20-24, 11-15, 24-27, 15-19, 27-31, 19-23, 31-26, 23x30"
270,1,270,0,1,"12-16, 24-19, 8-12, 19-15, 10x19, 28-24, 19x28, 27-24, 9-14, 31-27, 16-19, 23x16, 12x19, 24x15x8, 4x11, 27-23, 5-9, 32-27, 9-13, 23-19, 6-10, 27-24, 28-32, 22-18, 14x23, 24-20, 11-16, 19x12, 10-14, 26x19, 32-27, 21-17, 13x22, 25x18x9, 2-6, 9x2x11, 1-6, 29-25, 6-10, 11-15, 27-31, 15x6, 3-7, 6-1, 31-26, 30x23, 7-11, 19-16, 11-15, 16-11, 15-18, 23x14"
271,1,271,0,1,"11-15, 22-17, 7-11, 26-22, 2-7, 23-19, 9-14, 31-26, 11-16, 27-23, 16-20, 19-16, 12x19, 23x16, 20x27, 32x23, 14-18, 23x14, 6-9, 22-18, 15x22x31, 28-24, 9x18, 25-22, 18x25, 29x22, 8-11, 16-12, 31-26, 30x23, 10-14, 17x10, 7x14, 24-19, 11-15, 19x10, 14-17, 21x14, 1-6, 10x1, 3-7, 23-18, 7-11, 22-17, 5-9, 14x5, 4-8, 12x3, 11-15, 18x11"
272,1,272,0,0,"11-15, 22-18, 15x22, 25x18, 9-14, 18x9, 5x14, 21-17, 14x21, 24-19, 1-5, 30-25, 21x30, 23-18, 30x23x14, 28-24, 12-16, 19x12, 5-9, 29-25, 10-15, 32-28, 14-17, 25-22, 17x26, 31x22, 15-18, 22x15, 9-14, 27-23, 14-17, 24-19, 6-9, 19-16, 9-13, 23-19, 2-6, 15-10, 7x14, 16-11, 8x15x24, 28x19, 4-8, 19-15, 3-7, 12x3x10x1, 14-18, 15-11, 18-22, 11-7, 22-26, 1-5, 17-22, 7-2, 26-30, 2-6, 30-25, 5-9, 13-17, 9-5, 25-21, 6-10, 21-25, 5-9"
273,1,273,0,0,"9-13, 24-19, 11-15, 28-24, 8-11, 23-18, 13-17, 21x14, 10x17, 19x10, 6x15, 22x13, 15x22, 26x17, 4-8, 31-26, 5-9, 13x6, 2x9, 25-21, 11-16, 26-23, 1-6, 29-25, 8-11, 23-18, 9-14, 17x10x1, 3-8, 30-26, 16-20, 24-19, 11-16, 18-14, 16x23x30, 27-24, 20x27, 32x23, 8-11, 25-22, 12-16, 22-17, 16-20, 1-5, 20-24, 5-9, 11-15, 14-10, 7x14, 17x10, 30-26, 9-6, 26x19, 6-1, 15-18, 10-7, 18-22, 21-17, 19-16, 7-3, 24-28, 17-14, 22-25, 1-6, 28-32, 3-8, 32-28, 6-2, 16-12, 8-4, 25-30, 14-10, 28-32, 10-7, 32-28, 7-3, 30-25, 2-7, 28-32, 7-2, 12-8, 4x11, 25-21, 3-8, 32-27, 11-15, 21-25, 8-3, 27-31, 2-7, 25-22, 15-10, 31-27, 7-11, 22-26, 10-15, 27-32, 11-8, 32-27, 15-11, 27-31, 11-16, 26-30, 16-11, 31-27"
274,1,274,0,1,"9-13, 23-19, 10-15, 19x10, 7x14, 22-17, 13x22, 26x17x10, 6x15, 25-22, 12-16, 31-26, 15-19, 24x15, 11x18x25, 29x22, 16-19, 27-23, 2-6, 23x16, 8-12, 26-23, 12x19x26, 30x23, 6-10, 22-17, 3-8, 23-19, 8-12, 28-24, 10-14, 17x10, 12-16, 19x12, 4-8, 12x3, 5-9, 32-28, 9-14, 3-7, 1-6, 10x1, 14-18, 7-3, 18-22, 3-7, 22-25, 1-6, 25-30, 21-17, 30-26, 7-2, 26-31, 6-1, 31-27, 1-6, 27x20, 6-9, 20-16, 17-14, 16-20, 9-5, 20-24, 28x19"
275,1,275,1,0,"10-14, 24-19, 7-10, 19-16, 11x20, 27-24, 20x27, 31x24, 2-7, 22-18, 14-17, 21x14, 10x17, 18-14, 9x18x27, 32x23, 7-11, 23-18, 5-9, 24-20, 6-10, 28-24, 17-22, 26x17, 1-5, 17-14, 10x17, 18-15, 11x18, 24-19, 17-21, 30-26, 21x30x23x16, 20x11, 8x15, 29-25, 18-22, 25x18x11, 3-8, 11-7, 9-13, 7-2, 8-11, 2-7, 11-15, 7-2, 13-17, 2-7, 5-9, 7-2, 9-14, 2-7, 15-19, 7-2, 17-22, 2-7, 14-17, 7-10, 17-21, 10-14, 21-25, 14-18, 25-30, 18x25, 30x21"
276,1,276,0,0,"10-14, 24-20, 12-16, 22-18, 16-19, 23x16, 14x23, 27x18, 7-10, 16x7, 2x11, 32-27, 8-12, 26-22, 12-16, 27-24, 10-14, 24-19, 16x23, 20-16, 11x20, 22-17, 3-8, 17x10, 6x15x22, 25x18, 8-12, 30-25, 9-13, 31-27, 23x32, 18-15, 13-17, 21x14, 5-9, 14x5, 20-24, 28x19, 12-16, 19x12, 4-8, 12x3, 32-27, 25-22, 27-23, 3-7, 23-18, 22-17, 18x11x2, 29-25, 2-7, 25-22, 7-11, 17-13, 11-7, 13-9, 7-11, 22-17, 11-16, 17-13, 16-19, 9-6, 1x10, 5-1, 10-15, 1-5, 19-16, 13-9, 16-19, 5-1"
277,1,277,0,0,"12-16, 23-18, 16-19, 24x15, 10x19, 18-14, 9x18, 22x15, 11x18, 26-23, 19x26, 30x23x14, 5-9, 14x5, 6-10, 27-23, 2-6, 25-22, 10-15, 29-25, 15-18, 23x14, 8-11, 28-24, 3-8, 31-27, 7-10, 14x7, 11-15, 22-17, 15-18, 17-14, 18-22, 25x18, 8-11, 18-15, 11x18, 7-3, 4-8, 3x12, 18-22, 21-17, 6-10, 14x7, 22-25, 12-16, 1-6, 16-11, 6-9, 11-16, 9-13, 24-20, 13x22, 7-2, 25-29, 5-1, 29-25, 2-7"
278,1,278,1,0,"10-14, 23-18, 14x23, 26x19, 9-13, 22-18, 6-9, 19-16, 11x20, 18-14, 9x18, 21-17, 13x22, 30-26, 18-23, 25x18, 23x30, 18-14, 8-11, 31-26, 30x23, 27x18, 20x27, 32x23, 2-6, 23-19, 6-9, 28-24, 4-8, 18-15, 9x18, 29-25, 7-10, 15x6, 1x10, 24-20, 18-23, 19-16, 12x19, 25-21, 10-14, 20-16, 11x20, 21-17, 14x21"
279,1,279,0,0,"10-14, 24-20, 6-10, 21-17, 14x21, 28-24, 9-14, 22-17, 2-6, 24-19, 11-15, 32-28, 15x24, 28x19, 14-18, 23x14, 7-11, 14x7, 3x10, 17-14, 10x17, 26-23, 11-15, 19x10, 6x15, 25-22, 17x26, 31x22, 15-18, 23x14, 21-25, 30x21, 8-11, 22-17, 12-16, 17-13, 11-15, 20x11, 15-19, 27-24, 19x28, 14-9, 5x14, 21-17, 14x21, 29-25, 21x30, 11-7, 4-8, 7-3, 1-6, 3x12, 28-32, 12-8, 30-25, 8-11, 32-27, 13-9, 6x13, 11-7, 27-31, 7-11, 31-26, 11-16, 26-22, 16-19, 25-29, 19-16, 22-26"
280,1,280,0,0,"10-15, 23-19, 11-16, 19x10, 7x14, 22-17, 6-10, 25-22, 16-20, 29-25, 2-6, 26-23, 3-7, 23-19, 14-18, 22x15, 12-16, 19x12x3, 10x19, 3x10, 6x15, 25-22, 4-8, 30-25, 8-12, 22-18, 15x22x29, 24x15, 9-13, 27-24, 13x22, 21-17, 20x27, 32x23, 12-16, 31-26, 22x31, 17-13, 29-25, 15-10, 5-9, 13x6, 25-22, 28-24, 31-26, 24-19, 22-17, 19x12, 26x19, 12-8, 19-24, 10-7, 1x10, 7-3, 24-28, 3-7, 28-24"
281,1,281,1,0,"12-16, 22-17, 8-12, 24-19, 4-8, 19-15, 11x18, 23x14, 9x18, 17-14, 10x17, 21x14, 16-20, 25-21, 5-9, 14x5, 18-22, 26x17, 7-10, 27-23, 10-15, 17-14, 2-7, 31-26, 8-11, 23-18, 15x22x31, 32-27, 31x24, 28x19, 11-16, 30-26, 16x23x30, 29-25, 6-10, 21-17, 30x21, 17-13, 10x17, 13-9, 17-22, 9-6, 1x10, 5-1, 10-15, 1-6, 7-11, 6-9, 15-18, 9-14, 22-25, 14x23, 20-24, 23-18, 3-7, 18-15, 11x18"
282,1,282,0,0,"10-14, 21-17, 14x21, 24-19, 6-10, 22-18, 11-15, 18x11, 7x16, 23-18, 16x23, 26x19, 10-14, 27-23, 1-6, 18-15, 12-16, 19x12, 14-17, 15-11, 8x15, 23-18, 15x22, 25x18, 9-14, 18x9, 5x14, 29-25, 4-8, 28-24, 17-22, 25x18x9, 6x13, 31-27, 2-7, 27-23, 7-10, 30-25, 21x30, 23-18, 13-17, 18-14, 10-15, 14-9, 8-11, 9-6, 30-25, 6-1, 15-19, 24x15x8, 25-30, 8-4, 30-26, 1-6, 17-22, 6-10, 22-25, 12-8, 3x12, 10-14, 25-30, 14-17, 30-25, 17-13, 25-22, 13-17, 22x13, 4-8, 26-31, 32-28, 31-27, 28-24, 27x20, 8-4, 20-16, 4-8, 16-11, 8x15, 13-9, 15-11, 9-5, 11-7, 5-9, 7-11"
283,1,283,1,0,"10-14, 21-17, 14x21, 23-19, 9-14, 19-15, 11x18, 22x15, 6-10, 15x6, 2x9, 24-19, 1-6, 26-22, 14-18, 22x15, 6-10, 15x6, 7-10, 27-23, 3-7, 19-16, 12x19x26, 30x23, 21x30, 6-1, 7-11, 23-18, 30-25, 29x22, 10-15, 28-24, 9-13, 24-20, 15-19, 32-28, 13-17, 22x13, 19-23, 28-24, 11-16, 20x11, 8x15x22, 13-9, 5x14, 1-5, 22-25, 31-27, 23x32, 24-19, 25-30, 5-1, 32-27, 19-16, 27-24, 16-11, 24-20, 11-8, 4x11, 1-5, 30-25, 5-9, 20-16, 9x18, 25-30, 18-14, 16-19, 14-10, 30-25, 10-15, 19x10"
284,1,284,0,1,"11-15, 23-18, 12-16, 18x11, 8x15, 24-20, 16-19, 22-18, 15x22, 25x18, 19-24, 28x19, 9-14, 18x9, 5x14, 19-15, 10x19, 20-16, 7-10, 16-12, 14-17, 21x14x7, 3x10, 32-28, 19-24, 28x19, 1-5, 19-16, 6-9, 26-22, 10-15, 30-25, 15-18, 22x15, 2-6, 31-26, 9-13, 15-11, 6-10, 26-22, 10-15, 11-8, 4x11x20, 25-21, 15-19, 12-8, 20-24, 27x20, 13-17, 22x13, 5-9, 13x6, 19-24, 21-17, 24-28, 8-4, 28-32, 6-2, 32-27, 17-13, 27-32, 2-7, 32-27, 13-9, 27-24, 9-6, 24-28, 7-10, 28-24, 29-25, 24-27, 4-8, 27-23, 10-15, 23-27, 8-11, 27-23, 25-22, 23-19, 15x24"
285,1,285,0,0,"11-16, 22-18, 9-13, 24-19, 7-11, 21-17, 13x22, 26x17, 6-9, 30-26, 3-7, 28-24, 9-14, 18x9, 5x14x21x30, 32-28, 10-15, 19x10x3, 1-6, 3-7, 11-15, 7-11, 16-20, 11x18, 8-11, 18-15, 11x18, 23x14, 30x23x32, 31-27, 32x23, 24-19, 23x16, 14-10, 6x15, 29-25, 16-19, 25-22, 4-8, 22-17, 12-16, 17-13, 2-7, 13-9, 7-11, 9-5, 15-18, 5-1, 8-12, 1-5, 11-15, 5-9, 20-24, 9-14, 18-23, 14-9, 23-26, 9-5, 24-27, 5-1, 15-18, 1-5, 18-23, 28-24, 19x28, 5-1, 26-30, 1-5, 28-32, 5-9, 16-20, 9-6, 30-25, 6-1, 25-30, 1-5"
286,1,286,1,0,"12-16, 24-20, 9-13, 22-17, 13x22, 25x18, 10-14, 18x9, 5x14, 30-25, 7-10, 23-18, 14x23x30, 28-24, 1-5, 31-26, 30x23, 27x18, 10-14, 18x9, 5x14, 21-17, 14x21x30, 29-25, 30x21, 24-19, 16x23, 20-16, 11x20, 32-27, 23x32"
287,1,287,0,0,"9-13, 21-17, 10-15, 17-14, 11-16, 23-19, 16x23, 27x18x11, 7x16, 22-17, 13x22, 26x17, 5-9, 14x5, 2-7, 25-22, 6-9, 22-18, 9-13, 24-19, 16x23, 31-27, 13x22, 18-15, 1-6, 27x18, 6-9, 15-10, 7x14x23, 30-25, 8-11, 25x18, 12-16, 28-24, 9-13, 18-15, 11x18, 32-28, 16-19, 24x15, 18-22, 29-25, 22x29, 15-10, 4-8, 10-7, 3x10, 5-1, 23-26, 1-6, 13-17, 6x15, 8-11, 15x8, 26-31, 8-12, 17-21, 28-24, 21-25, 24-19, 31-27, 12-16, 27-31, 16-12"
288,1,288,0,0,"10-15, 21-17, 15-18, 22x15, 11x18, 23x14, 9x18, 25-22, 18x25, 29x22, 6-10, 30-25, 12-16, 25-21, 5-9, 24-20, 2-6, 20x11x2, 8-12, 17-14, 9x18x25, 2x9, 1-6, 9x2, 10-14, 2-6, 14-17, 21x14, 25-29, 27-23, 3-7, 31-27, 4-8, 6-10, 8-11, 10x3, 11-16, 28-24, 29-25, 26-22, 25x18x9, 3-7, 9-5, 7-3, 5-1, 3-7, 16-19, 24x15, 1-5, 7-2, 5-9, 2-6, 9x2, 32-28, 2-7, 15-11, 7x16, 23-18, 16-20, 27-23, 12-16, 18-15, 16-19, 23x16, 20x11x18, 28-24, 18-15, 24-20, 15-10, 20-16, 10-15, 16-12, 15-18, 12-8, 18-23, 8-3, 23-19, 3-8, 19-24, 8-4, 24-28, 4-8, 28-24"
289,1,289,1,0,"12-16, 23-18, 9-13, 21-17, 16-20, 26-23, 10-14, 18x9, 5x14x21, 23-19, 6-10, 30-26, 21x30x23x16, 27-23, 20x27, 31x24, 1-5, 24-20, 8-12, 23-19, 16x23, 22-17, 13x22, 20-16, 11x20, 28-24, 20x27, 29-25, 22x29, 32-28, 23-19, 28-24, 19x28"
290,1,290,0,1,"10-15, 22-18, 15x22, 25x18, 11-15, 18x11, 8x15, 23-19, 4-8, 19x10, 7x14, 30-25, 9-13, 27-23, 13-17, 26-22, 17x26, 31x22, 2-7, 22-18, 7-10, 18x9x2, 3-7, 2x11x4, 12-16, 23-19, 16x23, 24-19, 10-15, 19x10, 23-26, 10-6, 1x10, 4-8, 26-31, 25-22, 31-26, 22-17, 26-31, 17-14, 10x17, 21x14, 5-9, 14x5, 31-26, 28-24, 26-31, 8-3, 31-27, 32x23"
291,1,291,0,0,"11-16, 21-17, 8-11, 25-21, 11-15, 17-13, 3-8, 24-20, 15-18, 22x15, 10x19, 20x11, 7x16, 28-24, 19x28, 30-25, 6-10, 13x6, 2x9, 27-24, 8-11, 32-27, 1-6, 23-19, 16x23x32, 25-22, 4-8, 24-20, 12-16, 21-17, 9-14, 26-23, 14x21, 29-25, 21x30, 31-26, 30-25, 23-18, 5-9, 22-17, 25-21, 18-14, 9x18, 26-22, 21x14, 22x15, 10x19"
292,1,292,1,0,"12-16, 23-19, 16x23, 27x18, 9-14, 18x9, 6x13, 22-18, 10-14, 18x9, 5x14, 21-17, 14x21, 24-19, 1-5, 19-15, 11x18, 25-22, 18x25, 29x22, 8-12, 31-27, 5-9, 26-23, 7-11, 30-26, 12-16, 23-19, 16x23x30, 22-18, 13-17, 28-24, 17-22, 24-19, 4-8, 18-15, 11x18, 19-15, 18-23, 27x18, 2-6, 18-14, 9x18, 32-28, 8-11, 15x8, 3x12, 28-24, 21-25, 24-20, 25-29, 20-16, 12x19"
293,1,293,0,1,"10-15, 22-18, 15x22, 25x18, 9-14, 18x9, 6x13, 23-18, 13-17, 21x14, 5-9, 14x5, 1-6, 24-19, 7-10, 19-15, 10x19, 27-23, 2-7, 23x16, 12x19, 31-27, 19-24, 28x19, 8-12, 26-22, 11-15, 19x10x1, 7-11, 30-25, 3-7, 18-14, 11-15, 27-24, 12-16, 32-28, 4-8, 24-19, 15x24, 28x19x12x3x10"
294,1,294,0,0,"10-15, 22-18, 15x22, 25x18, 7-10, 18-15, 11x18, 23x14x7, 3x10, 30-25, 8-11, 26-22, 9-13, 22-18, 10-14, 18x9, 5x14, 24-20, 11-16, 20x11, 14-17, 21x14, 1-5, 25-22, 6-9, 22-17, 9x18, 11-7, 13x22, 7-3, 4-8, 27-24, 2-7, 3x10, 18-23, 29-25, 22x29, 10-6, 8-11, 24-20, 12-16, 31-27, 5-9, 27x18, 9-14, 18x9, 16-19, 20-16, 11x20, 6-10, 19-23, 10-7, 23-26, 9-5, 20-24, 28x19, 29-25, 19-15, 25-29, 15-11, 26-30, 7-3, 30-25, 5-1, 25-22, 11-8, 22-18, 1-6, 18-14, 6-9, 14x5, 32-28, 29-25, 28-24, 25-21, 24-20, 5-1, 3-7, 1-6, 8-3, 6-10, 7x14, 21-25, 14-9, 25-29, 9-6, 29-25, 6-10"
295,1,295,0,0,"12-16, 23-19, 16x23, 26x19, 9-13, 22-17, 13x22, 25x18, 10-15, 19x10, 6x15x22, 21-17, 22-26, 30x23, 2-6, 29-25, 11-16, 17-13, 6-10, 23-18, 16-19, 24x15x6, 1x10, 28-24, 10-14, 18x9, 5x14, 25-21, 8-12, 24-20, 4-8, 13-9, 8-11, 32-28, 11-15, 21-17, 14x21, 27-24, 15-19, 24x15, 21-25, 9-5, 25-30, 28-24, 7-10, 15x6, 30-26, 31x22, 3-7, 6-2, 12-16, 20x11, 7x16, 2-6, 16-20, 6-1, 20x27, 22-17, 27-32, 17-13, 32-28, 1-6, 28-24, 6-9, 24-27, 9-14, 27-24, 13-9, 24-19, 14-18, 19-16, 9-6, 16-20, 5-1, 20-24, 6-2, 24-27, 18-15, 27-31, 15-10, 31-27, 10-6, 27-32, 6-10, 32-27"
296,1,296,0,0,"10-15, 21-17, 9-13, 23-18, 11-16, 18x11, 8x15, 22-18, 13x22, 18x11, 3-8, 25x18, 8x15x22, 26x17, 7-11, 30-25, 11-15, 31-26, 4-8, 26-23, 6-9, 23-19, 16x23, 27x18x11x4, 2-6, 25-21, 6-10, 32-27, 9-14, 29-25, 5-9, 25-22, 1-6, 4-8, 9-13, 8-3, 14-18, 22x15, 13x22, 27-23, 10x19x26, 3-7, 6-9, 7-2, 12-16, 2-6, 16-19, 6x13, 26-31, 24x15, 31-27, 28-24, 27x20, 13-9, 22-25, 15-11, 25-30, 9-14, 20-24, 14-9, 24-28, 9-6, 28-32, 21-17, 32-27, 6-2, 27-23, 2-6, 23-18, 6-1, 18-23, 1-6"
297,1,297,0,0,"11-16, 24-19, 9-14, 22-18, 14-17, 21x14, 10x17, 25-21, 7-11, 21x14, 2-7, 30-25, 5-9, 14x5, 6-10, 18-14, 10x17, 23-18, 16x23x30x21, 31-26, 17-22, 26x17, 21x14x23, 27x18, 7-10, 18-15, 11x18, 32-27, 10-14, 29-25, 12-16, 27-24, 8-12, 25-21, 18-22, 24-20, 14-17, 20x11, 4-8, 11x4, 3-7, 21x14, 22-26, 14-10, 7x14, 4-8, 12-16, 8-3, 14-18, 3-8, 26-31, 8-3, 16-19, 28-24, 19x28, 3-7, 31-27, 7-3, 1-6, 5-1, 28-32, 1x10, 27-24, 10-6, 24-19, 6-2, 18-22, 2-6, 19-24"
298,1,298,0,0,"11-15, 22-17, 12-16, 23-19, 16x23, 26x19, 9-14, 17-13, 14-17, 21x14, 10x17, 19x10, 7x14, 24-20, 6-10, 31-26, 17-22, 26x17, 14x21, 20-16, 10-15, 25-22, 21-25, 30x21, 15-19, 21-17, 8-11, 16x7, 2x11, 17-14, 1-6, 27-24, 4-8, 24x15, 11x18x25, 29x22, 5-9, 14x5, 6-10, 22-18, 3-7, 32-27, 10-14, 18x9, 7-10, 5-1, 8-11, 9-5, 11-15, 1-6, 10-14, 27-23, 14-18, 23x14, 15-18, 6-2, 18-22, 5-1, 22-26, 14-9, 26-30, 9-6, 30-26, 28-24, 26-22, 24-19, 22-18, 19-16, 18-15, 1-5, 15-19, 5-9, 19x12, 6-1, 12-16, 1-5, 16-12, 2-6, 12-16, 5-1"
299,1,299,0,1,"9-14, 23-19, 6-9, 27-23, 9-13, 32-27, 10-15, 19x10, 11-15, 24-19, 15x24, 28x19, 2-6, 21-17, 6x15x24, 17x10, 7x14, 27x20, 12-16, 20x11, 8x15, 22-17, 13x22, 25x18x11, 3-8, 11-7, 14-18, 23x14, 8-11, 7-3, 4-8, 3x12, 5-9, 14x5, 1-6, 26-23, 6-9, 29-25, 11-16, 12x19, 9-14, 31-27, 14-17, 5-1, 17-22, 25x18"
300,1,300,1,0,"10-15, 23-19, 9-13, 19x10, 7x14, 22-18, 14x23, 26x19, 5-9, 25-22, 13-17, 22x13, 3-7, 21-17, 7-10, 17-14, 9x18, 19-16, 12x19, 24x15, 10x19, 28-24, 19x28, 27-24, 18-22, 24-19, 22-26, 30x23, 6-10, 31-26, 10-14, 23-18, 14x23x30, 29-25, 30x21, 19-16, 11x20, 13-9, 8-11, 9-6, 2x9, 32-27, 4-8, 27-24, 20x27"
301,1,301,0,1,"9-13, 23-19, 11-15, 21-17, 7-11, 25-21, 10-14, 17x10, 5-9, 21-17, 12-16, 19x12, 11-16, 24-19, 16x23, 26x19, 15x24, 27x20, 6x15, 20-16, 2-7, 16-11, 7x16, 31-26, 3-7, 12x3x10x19x12, 4-8, 12x3, 1-5, 17-14, 9x18x25, 30x21, 5-9, 3-7, 9-14, 29-25, 14-17, 21x14, 13-17, 7-3, 17-21, 14-9, 21x30x23, 28-24, 23-26, 24-19, 26-22, 3-7, 22-18, 7-10, 18-14, 10x17"
302,1,302,1,0,"10-15, 24-19, 15x24, 28x19, 11-15, 19x10, 7x14, 23-19, 3-7, 27-24, 7-11, 24-20, 11-16, 20x11, 8x15x24, 22-17, 2-7, 17x10x3, 24-28, 26-22, 9-14, 22-17, 6-10, 3-8, 4x11, 25-22, 11-16, 32-27, 5-9, 31-26, 16-19, 27-23, 10-15, 23x16, 12x19, 17x10, 1-6, 10x1, 19-23, 26x19x10, 28-32, 10-7, 9-14, 22-18, 14x23, 29-25, 32-27, 7-2, 27-31, 30-26, 31x22x29, 1-6, 23-27, 6-10, 29-25, 21-17, 27-32, 17-14, 25-22, 10-6, 32-27, 6-1, 22-17, 1-6, 17x10x1, 2-6, 1x10"
303,1,303,1,0,"12-16, 23-19, 16x23, 27x18, 10-14, 26-23, 9-13, 18x9, 5x14, 22-17, 13x22, 25x18x9, 6x13, 29-25, 11-15, 31-26, 1-5, 23-18, 15x22x31, 30-26, 31x22x29, 21-17, 13x22, 24-19, 22-25, 32-27, 8-11, 27-23, 11-16, 19x12, 7-11, 23-18, 11-15, 18x11, 2-6, 12-8, 3x12, 28-24, 12-16, 24-19, 16x23, 11-7, 23-26, 7-2, 4-8, 2x9, 5x14"
304,1,304,0,0,"12-16, 24-19, 8-12, 21-17, 9-13, 23-18, 16x23, 26x19, 10-14, 17x10, 7x14x23, 27x18, 5-9, 25-21, 9-14, 18x9, 4-8, 32-27, 3-7, 19-16, 12x19, 31-26, 19-23, 26x19, 1-5, 30-26, 5x14, 26-23, 14-18, 23x14, 8-12, 27-23, 11-16, 23-18, 16x23, 29-25, 6-9, 14x5, 13-17, 21x14, 2-6, 28-24, 23-27, 18-15, 6-9, 22-18, 7-10, 14x7, 27-32, 25-22, 32-28, 15-11, 28x19, 7-2, 19-24, 2-7, 24-28, 18-15, 9-13, 7-10, 28-24, 22-17, 13x22, 10-14, 24-20, 14-17, 22-26, 11-8, 20-24, 5-1, 12-16, 1-6, 24-28, 17-22, 26-30, 22-25, 30x21, 15-11, 28-24, 8-3, 21-17, 11-7, 24-28, 7-2, 16-20, 3-8, 28-24, 8-11, 24-28, 11-8"
305,1,305,0,0,"9-13, 24-19, 6-9, 22-18, 11-16, 21-17, 13x22, 26x17, 2-6, 25-22, 16-20, 17-14, 10x17x26, 31x22, 20-24, 27x20, 7-10, 18-15, 12-16, 20x11, 10-14, 22-17, 14x21, 11-7, 3x10, 28-24, 9-13, 30-26, 8-12, 32-27, 21-25, 29x22, 13-17, 22x13, 12-16, 19x12, 10x19x28, 23-19, 6-10, 27-23, 10-14, 19-15, 14-17, 26-22, 17x26, 15-11, 26-30, 12-8, 5-9, 13x6, 1x10, 23-19, 10-15, 19x10, 28-32, 8-3, 32-28, 3-8"
306,1,306,0,0,"10-15, 24-20, 11-16, 20x11, 7x16, 21-17, 16-19, 23x16, 12x19, 27-23, 8-12, 23x16, 12x19, 25-21, 4-8, 28-24, 19x28, 17-13, 8-11, 26-23, 15-19, 23x16x7, 2x11, 29-25, 3-7, 22-18, 11-15, 18x11x2, 6-10, 13x6, 5-9, 25-22, 10-15, 21-17, 1x10, 30-26, 9-14, 2-7, 14x21, 7x14, 21-25, 26-23, 15-18, 22x15, 25-29, 15-10, 29-25, 14-9, 25-30, 10-6, 30-26, 31x22"
307,1,307,0,1,"10-14, 22-18, 7-10, 26-22, 2-7, 24-20, 10-15, 21-17, 14x21, 18-14, 9x18, 23x14, 11-16, 20x11x2x9, 8-11, 9-13, 3-8, 22-17, 5-9, 13x6, 1x10, 14x7, 11-16, 7-2, 16-19, 30-26, 21x30x23, 27x18x11, 8x15, 2-7, 4-8, 7-3, 19-23, 29-25, 23-27, 32x23, 8-11, 17-14, 15-19, 23x16x7, 12-16, 3-8, 16-20, 31-27, 20-24, 27x20"
308,1,308,0,1,"11-16, 23-18, 10-15, 18x11, 8x15, 27-23, 4-8, 32-27, 8-11, 22-17, 3-8, 23-19, 16x23x32, 31-27, 32x23, 26x19x10x3, 6-10, 17-13, 10-14, 13x6, 2x9, 25-22, 14-18, 22x15, 11x18, 24-20, 1-6, 30-25, 12-16, 20x11x4, 6-10, 3-7, 9-13, 7x14x23, 5-9, 23-18, 13-17, 21x14x5"
309,1,309,1,0,"12-16, 23-18, 10-14, 27-23, 6-10, 32-27, 16-19, 23x16, 11x20, 21-17, 14x23x32, 17-14, 10x17, 22x13x6, 20x27, 31x24, 1x10, 26-23, 7-11, 24-19, 10-14, 19-16, 11x20, 28-24, 20x27, 25-22, 8-11, 23-18, 14x23, 30-25, 2-6, 22-18, 11-16, 25-22, 32-28, 18-14, 16-19, 14-9, 5x14, 22-18, 14-17, 18-15, 6-9, 15-10, 9-13, 10-7, 3x10, 29-25, 28-24, 25-21, 17-22, 21-17, 27-31, 17-14, 10x17"
310,1,310,0,0,"9-13, 24-19, 10-14, 22-18, 13-17, 18x9, 5x14, 19-15, 11x18, 27-24, 18x27, 32x23, 1-5, 31-27, 17-22, 26x17x10x1, 7-10, 23-18, 10-14, 18x9, 5x14, 25-22, 12-16, 30-26, 3-7, 22-18, 14x23x30, 1-5, 8-11, 29-25, 2-6, 25-22, 7-10, 5-1, 10-14, 1x10x17, 16-19, 24x15x8, 4x11, 17-14, 30-25, 22-18, 25-22, 28-24, 22x15, 14-9, 11-16, 9-13, 16-19, 21-17, 19x28, 17-14, 15-10, 14x7, 28-32, 27-24, 32-27, 13-9, 27x20, 9-13, 20-24, 13-17, 24-20, 17-13"
311,1,311,0,0,"9-13, 23-18, 10-14, 18x9, 5x14, 24-20, 13-17, 22x13, 14-18, 27-23, 18x27, 32x23, 11-15, 31-27, 15-18, 23x14, 1-5, 14-10, 6x15, 25-22, 15-19, 20-16, 5-9, 13x6, 2x9, 30-25, 19-24, 27x20, 12x19, 22-17, 7-11, 25-22, 19-24, 28x19, 8-12, 17-13, 3-7, 13x6, 11-16, 20x11x2, 4-8, 2-7, 8-11, 7x16"
312,1,312,0,0,"10-14, 24-20, 14-18, 22x15, 11x18, 23x14, 9x18, 25-22, 18x25, 29x22, 6-10, 30-25, 2-6, 20-16, 12x19, 22-17, 7-11, 17-13, 19-23, 26x19, 6-9, 13x6, 5-9, 27-24, 10-14, 25-22, 1x10, 31-26, 3-7, 22-17, 11-15, 19-16, 8-12, 17-13, 12x19, 13x6, 14-17, 21x14, 10x17, 32-27, 4-8, 27-23, 8-12, 23x16, 12x19, 6-2, 15-18, 2x11, 19-23, 26x19, 18-23, 11-7, 17-22, 7-3, 23-26, 19-15, 26-31, 24-19, 22-26, 15-10, 26-30, 19-16, 30-26, 28-24, 31-27, 16-12, 27x20, 3-7, 26-31, 10-6, 31-27, 12-8, 20-24, 7-2, 27-32, 8-4, 24-19, 2-7, 19-16, 7-10, 16-19, 6-2, 32-27, 2-7, 19-24, 10-15, 27-32, 15-10, 32-27"
313,1,313,0,1,"9-14, 22-18, 11-15, 18x11, 7x16, 24-20, 3-7, 20x11, 8x15, 23-19, 15x24, 28x19, 4-8, 32-28, 10-15, 19x10x3, 6-10, 27-24, 2-7, 26-22, 14-17, 21x14, 10x17x26, 31x22, 12-16, 3x10, 16-19, 24x15, 5-9, 10-7, 9-14, 7-10, 14-17, 22x13, 8-11, 15x8, 1-5, 8-4, 5-9, 13x6"
314,1,314,1,0,"10-14, 23-19, 14-17, 22x13, 6-10, 13x6, 2x9, 26-22, 10-14, 31-26, 14-17, 22x13x6, 1x10, 19-16, 12x19, 24x15x6, 11-16, 26-23, 8-11, 28-24, 5-9, 25-22, 9-14, 30-26, 4-8, 6-2, 7-10, 29-25, 11-15, 22-18, 15x22x29, 32-28, 29-25, 23-19, 16x23x30, 27-23, 30-26, 21-17, 14x21, 2-6, 26x19, 6x15, 19x10, 24-20, 25-30, 28-24, 30-26, 20-16, 10-14, 24-20, 14-9, 16-12, 26-31, 20-16, 9-13, 16-11, 8x15, 12-8, 3x12"
315,1,315,1,0,"12-16, 23-19, 16x23, 26x19, 10-14, 19-16, 11x20, 21-17, 14x21, 30-26, 21x30x23, 27x18, 20x27, 32x23, 7-11, 29-25, 2-7, 22-17, 8-12, 25-21, 11-16, 17-14, 16-19, 23x16, 12x19, 31-26, 3-8, 21-17, 6-10, 17-13, 10x17, 13x6, 1x10, 18-14, 10-15, 26-22, 17x26, 28-24, 19x28, 14-9, 5x14"
316,1,316,0,0,"10-14, 21-17, 14x21, 22-18, 7-10, 23-19, 9-13, 24-20, 6-9, 28-24, 1-6, 32-28, 2-7, 19-16, 12x19, 24x15, 10x19, 20-16, 11x20, 18-14, 9x18, 27-24, 20x27, 31x24x15, 6-9, 15-10, 7x14, 26-22, 8-12, 22x15, 3-8, 15-11, 8x15, 28-24, 15-18, 24-20, 12-16, 20x11, 18-23, 11-8, 4x11, 30-26, 21x30, 26x19, 11-15, 19x10, 30-25, 29x22, 13-17, 22x13x6, 5-9, 6-1, 9-13, 10-7, 14-17, 1-6, 17-22, 6-1, 22-25, 1-5, 25-30, 5-9, 30-26, 9-5, 26-22, 5-1"
317,1,317,0,0,"10-15, 21-17, 12-16, 24-19, 15x24, 27x20, 6-10, 25-21, 9-13, 22-18, 13x22, 26x17, 8-12, 17-14, 10x17, 21x14, 5-9, 14x5, 2-6, 23-19, 16x23, 32-27, 23x32, 29-25, 6-9, 25-22, 3-8, 18-14, 9x18x25, 30x21, 32-27, 31x24, 12-16, 21-17, 1-6, 17-13, 7-10, 13-9, 6x13, 5-1, 11-15, 20x11, 10-14, 24-19, 15x24, 28x19, 8x15x24, 1-6, 14-18, 6-2, 24-27, 2-7, 18-22, 7-11, 13-17, 11-15, 22-26, 15-10, 17-22, 10-7, 22-25, 7-2, 27-32, 2-6, 26-30, 6-2, 30-26"
318,1,318,0,1,"11-16, 23-18, 9-14, 18x9, 6x13, 22-17, 13x22, 26x17, 16-19, 24x15x6, 2x9, 27-24, 12-16, 31-26, 9-14, 17x10, 7x14, 26-23, 14-18, 23x14, 5-9, 14x5, 16-20, 25-22, 20x27, 32x23, 1-6, 21-17, 6-9, 17-13, 3-7, 13x6, 8-12, 30-25, 12-16, 23-18, 16-20, 18-14, 7-10, 14x7, 20-24, 28x19, 4-8, 19-16, 8-12, 5-1, 12x19, 6-2, 19-23, 25-21, 23-26, 29-25, 26-31, 21-17, 31-26, 25-21, 26-30, 17-14, 30-25, 1-5, 25x18x9, 5x14"
319,1,319,0,1,"12-16, 23-19, 16x23, 26x19, 11-16, 19x12, 9-13, 30-26, 10-14, 22-17, 13x22, 26x17x10, 6x15, 24-20, 15-18, 28-24, 18-23, 27x18, 5-9, 32-27, 7-11, 18-15, 11x18, 27-23, 18x27, 24-19, 1-5, 31x24, 9-13, 20-16, 2-7, 24-20, 13-17, 21x14, 5-9, 14x5, 7-11, 16x7, 3x10, 12x3, 4-8, 3x12, 10-15, 19x10"
320,1,320,0,1,"11-15, 23-18, 10-14, 18x11, 7x16, 22-18, 14x23, 27x18, 9-14, 18x9, 5x14, 31-27, 14-18, 26-22, 6-10, 22x15x6, 1x10, 24-20, 2-7, 20x11x2, 12-16, 28-24, 10-14, 27-23, 8-12, 30-26, 4-8, 21-17, 14x21x30, 23-18, 30x23x14, 24-20, 14-10, 20x11x4, 10-14, 4-8, 14-9, 29-25, 9-5, 25-22, 12-16, 22-17, 3x12, 17-14, 16-20, 32-28, 5-1, 2-7, 1-5, 7-3, 5-9, 14x5, 20-24, 28x19, 12-16, 19x12"
321,1,321,0,0,"12-16, 22-17, 8-12, 17-14, 9x18, 23x14, 10x17, 21x14, 6-10, 14-9, 5x14, 26-22, 2-6, 31-26, 16-20, 24-19, 6-9, 26-23, 10-15, 19x10, 11-15, 23-19, 15x24x31, 22-18, 14x23, 28-24, 7x14, 32-28, 20x27, 25-21, 3-8, 28-24, 23-26, 30x23, 8-11, 23-18, 14x23, 21-17, 1-5, 24-20, 9-14, 17x10, 11-16, 20x11, 23-26, 10-6, 12-16, 11-8, 4x11, 6-1, 5-9, 1-6, 27-32, 6x13, 16-19, 13-17, 19-23, 17-13, 11-15, 29-25, 15-19, 13-17, 31-27, 17-21, 27-31, 25-22, 23-27, 22-18, 26-30, 18-14, 32-28, 14-9, 28-24, 21-17, 30-26, 17-22, 26x17, 9-6, 27-32, 6-2, 24-28, 2-6, 28-24"
322,1,322,0,1,"11-16, 23-18, 8-11, 27-23, 16-19, 23x16, 12x19, 24x15x8, 3x12, 18-14, 9x18, 22x15, 10x19, 32-27, 7-10, 27-23, 6-9, 23x16, 12x19, 26-23, 19x26, 31x22, 2-6, 21-17, 9-14, 22-18, 14x21, 25-22, 10-14, 18x9x2, 5-9, 2-7, 1-6, 28-24, 9-13, 7-3, 6-10, 24-20, 10-15, 22-17, 13x22, 3-7, 21-25, 30x21, 22-25, 29x22, 15-18, 22x15, 4-8, 7-3, 8-12, 3-8, 12-16, 20x11"
323,1,323,0,0,"10-14, 21-17, 14x21, 22-18, 9-14, 18x9, 6x13, 25-22, 13-17, 22x13, 11-16, 30-25, 21x30, 24-20, 2-6, 20x11x2x9, 5x14, 27-24, 1-6, 26-22, 3-7, 22-17, 14x21, 31-27, 7-10, 29-25, 30-26, 23-18, 21x30, 24-20, 6-9, 13x6, 30-25, 28-24, 25-30, 27-23, 26x19x28, 18-15, 10x19, 6-1, 19-24, 32-27, 24x31, 1-5, 31-26, 5-1, 26-31"
324,1,324,1,0,"9-13, 22-17, 13x22, 26x17, 5-9, 24-19, 11-16, 23-18, 16x23, 18-15, 10x19, 27x18, 7-11, 28-24, 19x28, 17-13, 1-5, 31-27, 2-7, 27-24, 11-16, 21-17, 8-11, 17-14, 16-20, 14-10, 6x15x22, 25x18, 20x27, 13x6, 11-15, 32x23, 15x22, 29-25, 22x29, 23-18, 5-9, 6-1, 4-8, 1-5, 8-11, 5x14, 11-16, 30-26, 16-20, 26-23, 29-25, 14-17, 7-11, 17-22, 25-30, 22-25, 30x21, 23-19, 11-16, 19-15, 20-24, 15-11, 21-17, 18-14, 17x10, 11-8, 10-6, 8-4, 6-9, 4-8, 24-27, 8-11, 3-7, 11x2, 9-13, 2-6, 16-20, 6-9, 13x6"
325,1,325,1,0,"10-14, 24-19, 11-16, 19-15, 16-20, 23-18, 14x23, 26x19, 7-11, 19-16, 11x18, 22x15, 12x19, 15-10, 6x15, 25-22, 2-7, 28-24, 19x28, 27-23, 9-13, 29-25, 8-12, 31-27, 15-19, 23x16, 12x19, 22-18, 1-6, 27-24, 20x27, 32x23x16, 6-9, 18-14, 9x18, 30-26, 28-32, 26-22, 4-8, 22x15, 32-28, 15-11, 8x15, 21-17, 13x22x29, 16-11, 7x16"
326,1,326,0,1,"10-14, 23-19, 14-17, 22x13, 9-14, 24-20, 12-16, 19x12, 6-9, 13x6, 1x10, 25-22, 2-6, 22-18, 14x23, 27x18, 10-15, 28-24, 15x22, 26x17, 6-10, 29-25, 11-15, 32-27, 15-19, 24x15x6, 7-10, 27-23, 3-7, 12x3, 7-11, 25-22, 10-15, 30-26, 15-18, 22x15x8, 4x11, 17-13, 5-9, 31-27, 9-14, 6-2, 11-15, 13-9, 15-19, 23x16, 14-18, 3-8, 18-23, 26x19"
327,1,327,1,0,"10-15, 24-19, 15x24, 28x19, 6-10, 27-24, 11-15, 24-20, 15x24, 22-17, 12-16, 20x11, 8x15, 23-18, 15x22, 25x18, 9-14, 18x9, 5x14, 30-25, 10-15, 17x10, 7x14, 31-27, 24x31x22, 25x18x11, 3-8, 11-7, 2x11, 21-17, 14x21, 32-27, 1-6, 27-24, 11-16, 24-20, 6-9, 20x11, 8x15, 29-25, 21x30"
328,1,328,0,0,"11-16, 24-20, 10-15, 20x11, 7x16, 21-17, 2-7, 23-18, 6-10, 18x11x2, 10-15, 22-18, 15x22, 25x18, 8-11, 17-14, 4-8, 28-24, 9-13, 30-25, 3-7, 18-15, 11x18, 2x11x20, 18-23, 27x18, 12-16, 20x11x4, 13-17, 18-15, 17-21, 24-19, 21x30x23x16, 15-11, 16x7, 14-9, 5x14, 31-27, 7-2, 29-25, 2-6, 32-28, 6-2, 27-24, 2-7, 24-20, 7-3, 20-16, 1-5, 4-8, 3x12x19, 25-21, 19-15, 28-24, 14-17, 21x14, 15-18, 24-19, 18x9, 19-16, 9-13, 16-11, 13-9, 11-7, 9-13, 7-3, 13-9, 3-8"
329,1,329,1,0,"10-15, 24-19, 15x24, 27x20, 7-10, 28-24, 10-14, 24-19, 11-16, 20x11, 8x15x24, 23-19, 14-18, 22x15, 3-8, 15-11, 8x15, 19x10, 6x15, 26-22, 15-18, 22x15, 24-27, 31x24, 9-14, 32-28, 12-16, 25-22, 2-7, 29-25, 16-20, 15-11, 20x27, 11x2, 14-18, 22x15, 4-8, 15-10, 27-32, 10-6, 1x10, 28-24, 32-28, 2-7, 28x19, 7x14, 5-9, 14x5, 19-24, 5-9, 8-11, 9-5, 24-20, 5-9, 11-15, 9-14, 20-24, 21-17, 24-20, 14-18, 15x22x29, 30-25, 29x22x13"
330,1,330,0,0,"12-16, 21-17, 10-14, 17x10, 7x14, 23-18, 14x23, 27x18, 16-19, 24x15, 3-7, 15-10, 7x14x23, 26x19, 6-10, 28-24, 2-6, 22-18, 9-14, 18x9x2, 5-9, 25-21, 9-13, 31-26, 11-16, 19x12x3, 10-15, 3-8, 4x11, 2-6, 1x10, 26-22, 10-14, 21-17, 14x21, 30-25, 21x30, 22-17, 13x22, 24-19, 15x24, 32-28, 22-26, 28x19, 30-25, 29x22, 11-15, 19x10, 26-31, 10-6, 31-27, 6-2, 27-23, 2-7, 23-26, 7-3, 26x17, 3-8, 17-21, 8-4, 21-25, 4-8, 25-21"
331,1,331,1,0,"10-14, 23-18, 14x23, 27x18, 9-14, 18x9, 6x13, 22-17, 13x22, 25x18, 1-6, 24-20, 12-16, 26-22, 5-9, 31-27, 16-19, 30-25, 9-14, 18x9, 6x13, 20-16, 11x20, 27-23, 19x26, 32-27, 26-30, 27-24, 20x27, 28-24, 8-12, 22-18, 30-26, 18-14, 26-30, 24-19, 7-11, 14-10, 2-6, 10x1, 13-17, 21x14, 30x21, 1-6, 11-16, 14-10, 16x23, 29-25, 21x30, 10-7, 3x10, 6x15, 12-16, 15-19, 30-25, 19x12, 25-21, 12-8, 4x11"
332,1,332,0,1,"12-16, 23-19, 16x23, 27x18, 9-13, 22-17, 13x22, 26x17, 11-15, 18x11, 7x16, 30-26, 8-11, 26-23, 10-14, 17x10, 6x15, 31-26, 4-8, 23-18, 15x22x31, 32-27, 3-7, 24-20, 31x24, 28x19x12x3x10, 11-16, 20x11, 2-7, 11x2, 5-9, 2-7, 1-6, 10x1, 9-14, 21-17, 14x21x30, 7-3, 30-26, 29-25, 26-22, 25x18"
333,1,333,1,0,"12-16, 22-17, 9-14, 25-22, 5-9, 24-20, 1-5, 22-18, 11-15, 20x11, 7x16, 18x11, 8x15, 29-25, 16-19, 23x16, 9-13, 25-22, 15-19, 30-25, 14-18, 22x15, 13x22x29, 26-22, 19-24, 28x19, 2-7, 22-18, 5-9, 27-24, 4-8, 31-26, 29-25, 16-11, 7x16x23x30, 32-28, 10x19, 24x15, 30-26, 15-10, 6x15x22, 28-24, 25-29, 24-19, 22-25, 19-16, 8-12, 21-17, 12x19, 17-14, 9x18"
334,1,334,0,1,"11-16, 23-18, 8-11, 27-23, 9-13, 24-19, 16-20, 31-27, 12-16, 19x12, 20-24, 27x20, 11-15, 18x11, 7x16, 20x11, 3-8, 12x3, 5-9, 32-27, 4-8, 11x4, 10-14, 28-24, 6-10, 23-18, 14x23x32, 24-19, 1-6, 26-23, 13-17, 22x13, 9-14, 4-8, 10-15, 19x10x1, 32-27, 30-26, 27x18, 3-7, 2x11, 8x15x22, 14-18, 22x15"
335,1,335,0,0,"11-16, 23-18, 10-14, 26-23, 8-11, 31-26, 3-8, 24-19, 7-10, 22-17, 16-20, 28-24, 11-16, 18-15, 14-18, 23x14x7, 16x23, 27x18, 2x11, 26-22, 20x27, 32x23, 9-14, 17x10, 5-9, 23-19, 11-16, 10-7, 16x23, 7-2, 8-11, 15x8, 4x11, 21-17, 23-27, 30-26, 9-14, 2x9, 14x23x30x21x14x5"
336,1,336,0,1,"10-15, 22-17, 7-10, 23-19, 15-18, 17-14, 10x17, 21x14, 12-16, 19x12, 3-7, 12x3x10, 6x15, 24-20, 15-19, 20-16, 11x20, 27-23, 18x27, 32x23x16, 9x18, 26-22, 4-8, 22x15, 2-7, 31-27, 8-12, 30-26, 12x19, 15-10, 7x14, 27-23, 14-17, 23x16, 1-6, 25-22, 6-10, 22x13, 10-15, 29-25, 20-24, 28x19x10, 5-9, 13x6"
337,1,337,1,0,"10-15, 21-17, 7-10, 23-19, 9-14, 19-16, 12x19, 25-21, 19-23, 26x19, 2-7, 19-16, 11x20, 31-26, 5-9, 26-23, 8-11, 22-18, 15x22, 30-26, 22x31, 24-19, 31x24x15, 23-18, 15x22x13, 28-24, 20x27, 32x23, 3-8, 23-19, 14-17, 21x14x5, 10-15, 19x10x3x12, 4-8, 12x3, 6-9, 3-8, 11-16, 29-25, 16-19, 8-12, 19-23, 12-8, 23-27, 8-4, 9-14, 25-22, 27-31, 22-18, 14x23, 4-8, 1-6, 8-4, 23-27, 4-8, 6-9, 8-11, 31-26, 11-16, 27-31, 16-19, 31-27, 19-24, 27x20, 5-1, 26-22, 1-5, 22-25, 5x14, 20-24, 14-17, 13x22"
338,1,338,0,0,"10-15, 22-18, 15x22, 25x18, 9-13, 18-14, 11-16, 23-19, 16x23, 26x19, 7-11, 27-23, 2-7, 23-18, 12-16, 19x12, 7-10, 14x7, 3x10, 12x3, 6-9, 24-19, 10-15, 19x10, 13-17, 21x14, 1-6, 10x1, 9-13, 32-27, 13-17, 28-24, 17-21, 3-7, 11-16, 30-26, 16-19, 24x15, 4-8, 27-24, 8-12, 26-22, 5-9, 14x5, 21-25, 7-10, 25-30, 15-11, 30-26, 18-14, 26x17, 10-15, 17x10x19x28, 11-7, 12-16, 1-6, 16-19, 7-2, 28-32, 6-10, 32-28, 31-26, 19-24, 29-25, 28-32, 2-7, 32-28, 5-1, 28-32, 7-2"
339,1,339,1,0,"10-14, 23-18, 14x23, 26x19, 11-16, 22-18, 16x23, 18-15, 6-10, 15x6, 1x10, 27x18, 12-16, 18-15, 10x19, 24x15, 7-11, 31-26, 11x18, 26-23, 18x27, 32x23, 3-7, 28-24, 8-11, 24-20, 4-8, 23-18, 8-12, 21-17, 11-15, 20x11, 15x22, 25x18, 7x16, 30-25, 16-20, 18-14, 9x18, 17-14, 20-24, 14-10, 5-9, 25-21, 9-13, 10-6, 2x9, 29-25, 24-28, 21-17, 13x22x29"
340,1,340,0,0,"10-14, 24-19, 11-15, 19x10, 6x15, 22-17, 15-18, 17x10, 7x14, 28-24, 2-7, 23-19, 9-13, 21-17, 13x22, 26x17x10, 7x14, 25-22, 18x25, 29x22, 14-18, 22x15, 12-16, 19x12, 1-6, 15-11, 8x15, 30-26, 15-19, 24x15, 6-9, 27-24, 4-8, 24-19, 9-13, 32-28, 5-9, 26-23, 13-17, 15-11, 8x15x24, 28x19, 17-21, 23-18, 9-13, 19-15, 21-25, 15-11, 13-17, 31-27, 25-29, 11-8, 17-21, 27-24, 21-25, 18-14, 25-30, 24-20, 30-25, 14-9, 25-21, 9-5, 29-25, 20-16, 25-29, 5-1, 3-7, 1-5, 29-25"
341,1,341,1,0,"10-14, 24-20, 7-10, 22-18, 11-15, 18x11, 8x15, 25-22, 15-18, 22x15, 10x19, 23x16, 12x19, 29-25, 19-23, 26x19, 3-8, 31-26, 8-12, 26-23, 14-17, 21x14, 9x18, 23x14, 2-7, 27-23, 7-10, 14x7, 6-10, 23-18, 1-6, 20-16, 5-9, 7-3, 10-14, 25-21, 14x23, 16-11, 9-13, 3-8, 6-10, 30-26, 23x30, 21-17, 13x22, 19-16, 12x19, 28-24, 19x28, 8-12, 10-15, 12-16, 30-25, 16-12, 15-18, 32-27, 25-29, 11-8, 4x11, 12-16, 11x20, 27-23, 18x27"
342,1,342,0,0,"11-16, 22-18, 10-14, 26-22, 6-10, 30-26, 1-6, 21-17, 14x21x30, 29-25, 30x21, 22-17, 21x14, 26-22, 16-20, 24-19, 10-15, 18x11, 8x15x24, 28x19, 14-17, 22x13, 4-8, 19-16, 12x19x26, 31x22, 8-11, 32-28, 11-16, 27-23, 7-11, 23-19, 16x23, 22-18, 20-24, 28x19, 3-7, 18-15, 11x18, 19-15, 18-22, 15-10, 7x14"
343,1,343,0,1,"10-14, 24-19, 11-16, 27-24, 6-10, 19-15, 10x19, 24x15, 9-13, 32-27, 5-9, 15-11, 8x15, 27-24, 13-17, 22x13x6, 2x9, 24-20, 7-11, 31-27, 4-8, 25-22, 15-19, 21-17, 14x21, 27-24, 1-5, 24x15, 11x18x25, 20x11x4, 3-8, 4x11, 12-16, 11x20, 9-13, 29x22, 21-25, 30x21, 13-17, 22x13, 5-9, 13x6"
344,1,344,0,0,"11-15, 23-19, 10-14, 19x10, 6x15, 21-17, 14x21, 27-23, 7-11, 22-18, 15x22, 26x17, 3-7, 25-22, 9-14, 17x10x3, 11-15, 23-19, 12-16, 3x12, 16x23, 30-25, 21x30, 12-16, 1-6, 24-20, 15-19, 22-17, 5-9, 32-27, 23x32, 16x23, 6-10, 23-27, 32x23, 17-14, 9x18, 29-25, 30x21, 31-27, 23x32, 28-24, 2-7, 24-19, 21-17, 20-16, 17-22, 16-12, 10-15, 19x10x3, 4-8, 3-7, 32-28, 12x3, 22-17, 3-8, 28-32, 8-4, 18-22, 7-3, 22-26, 3-8, 17-22, 8-3, 26-31, 3-7, 22-17, 7-10, 17-13, 10-15, 31-27, 4-8, 13-17, 8-12, 17-13, 12-16, 13-17, 16-12"
345,1,345,0,0,"10-14, 23-19, 14-17, 22x13, 11-15, 19x10, 6x15, 13x6, 1x10, 26-23, 10-14, 21-17, 14x21, 24-19, 15x24, 28x19, 8-11, 30-26, 21x30, 26-22, 7-10, 29-25, 30x21, 27-24, 10-14, 22-17, 11-15, 19x10, 2-6, 10x1, 21-25, 17x10, 5-9, 1-5, 25-29, 5x14, 12-16, 24-19, 3-7, 10x3, 29-25, 19x12, 25-29, 14-18, 29-25, 3-7, 25-21, 31-26, 4-8, 12x3, 21-25, 18-14, 25-21, 7-2, 21-25, 2-7"
346,1,346,0,0,"11-15, 21-17, 9-13, 23-18, 15-19, 24x15, 10x19, 27-24, 6-9, 24x15, 9-14, 17x10, 7x14x23, 26x19, 3-7, 25-21, 8-11, 15x8, 4x11, 19-16, 11x20, 29-25, 13-17, 21x14, 7-11, 25-21, 2-7, 22-17, 20-24, 28x19, 11-16, 31-27, 16x23, 27x18, 1-6, 30-25, 12-16, 32-27, 6-9, 18-15, 9x18, 17-13, 18-23, 27x18, 16-20, 13-9, 5x14x23, 21-17, 7-10, 15x6, 20-24, 6-1, 24-27, 17-13, 27-31, 1-6, 23-27, 6-10, 27-32, 10-15, 32-28, 13-9, 31-27, 25-21, 28-32, 15-19, 27-31, 19-23, 32-28, 23-26, 31x22, 9-5, 22-26, 5-1, 28-24, 21-17, 26-30, 1-5, 24-20, 5-1, 30-25, 17-13, 20-24, 1-6, 25-29, 6-1, 24-19, 1-6, 19-24"
347,1,347,0,1,"10-15, 23-19, 11-16, 19x10, 6x15, 22-17, 15-18, 26-22, 7-10, 22x15x6, 1x10, 17-13, 10-15, 13x6, 2x9, 27-23, 3-7, 25-22, 9-13, 24-20, 13-17, 20x11x2, 17x26, 31x22, 5-9, 29-25, 12-16, 22-18, 15x22x29, 30-25, 29x22, 32-27, 9-14, 27-24, 22-18, 24-20, 18x27, 20x11, 8x15, 2-7, 27-31, 7-10, 4-8, 10x17, 15-19, 17-22, 19-24, 28x19, 8-12, 22-17, 31-27, 17-13, 12-16, 19x12, 27-24, 13-17, 24-19, 12-8, 19-23, 17-22, 23-26, 22x31"
348,1,348,0,1,"11-15, 24-19, 15x24, 28x19, 10-15, 19x10, 6x15, 23-18, 7-10, 18x11, 8x15, 22-17, 9-14, 27-24, 4-8, 24-20, 5-9, 17-13, 8-11, 13x6, 2x9, 32-28, 3-8, 26-23, 15-19, 23x16x7, 10-15, 7-2, 9-13, 2-7, 14-17, 21x14, 8-11, 7x16, 12x19, 20-16, 15-18, 30-26, 19-24, 28x19, 18-22, 25x18, 1-6, 18-15, 6-9, 14x5, 13-17, 29-25, 17-22, 26x17"
349,1,349,0,0,"10-14, 23-19, 14-18, 22x15, 11x18, 21-17, 8-11, 19-15, 11-16, 26-22, 9-13, 15-10, 6x15, 24-20, 16-19, 27-24, 7-10, 17-14, 10x17x26, 31x22, 5-9, 20-16, 9-14, 24-20, 1-6, 28-24, 19x28, 32-27, 12x19, 27-24, 2-7, 25-21, 18x25, 29x22, 19-23, 21-17, 14x21, 22-18, 15x22, 30-26, 22x31, 20-16, 7-10, 16-11, 23-27, 24-20, 10-14, 20-16, 3-7, 11x2x9x18, 31-26, 16-11, 26-30, 18-22, 21-25, 22x29, 28-32, 29-25, 30x21, 11-7, 27-31, 7-2, 31-27, 2-7"
350,1,350,0,0,"9-13, 23-18, 11-16, 18-14, 10x17, 21x14, 7-11, 26-23, 5-9, 14x5, 16-20, 24-19, 2-7, 19-16, 12x19x26, 30x23, 13-17, 22x13, 11-16, 23-19, 16x23, 27x18, 8-11, 28-24, 20x27, 32x23, 3-8, 18-14, 11-16, 23-18, 8-11, 18-15, 11x18, 13-9, 6x13, 25-21, 18-22, 14-10, 7x14, 29-25, 22x29, 31-27, 14-17, 21x14, 29-25, 14-10, 25-21, 27-24, 13-17, 24-19, 16x23, 10-7, 23-27, 7-3, 27-32, 3-7, 32-28, 7-10, 17-22, 10-14, 28-24, 14-18, 22-26, 18-14, 4-8, 14-17, 21x14"
351,1,351,1,0,"11-16, 22-18, 9-13, 21-17, 13x22, 26x17, 5-9, 18-14, 9x18, 23x14, 7-11, 14x7, 3x10, 25-21, 11-15, 24-19, 15x24, 28x19, 16x23, 27x18, 10-14, 17x10, 6x15x22, 30-26, 1-5, 26x17, 12-16, 32-28, 2-6, 29-25, 16-20, 28-24, 20x27, 31x24, 6-10, 25-22, 10-15, 24-19, 15x24, 17-14, 8-11, 21-17, 24-27, 14-9, 5x14x21, 22-18, 11-15, 18x11, 27-31, 11-8, 4x11"
352,1,352,1,0,"9-14, 23-18, 14x23, 26x19, 5-9, 30-26, 10-15, 19x10, 7x14, 26-23, 9-13, 21-17, 14x21x30, 22-18, 12-16, 24-19, 2-7, 19x12, 30-26, 31x22, 1-5, 27-24, 6-9, 32-27, 7-10, 18-14, 9x18x25, 29x22, 10-15, 22-18, 15x22, 23-18, 5-9, 24-19, 13-17, 28-24, 22-26, 18-15, 11x18, 19-16, 26-30, 27-23, 18x27, 24-20, 9-13, 16-11, 8x15, 12-8, 3x12, 20-16, 12x19"
353,1,353,0,1,"11-15, 22-17, 9-13, 23-18, 15x22, 25x18, 13x22, 26x17, 7-11, 31-26, 2-7, 17-13, 5-9, 24-20, 9-14, 18x9x2, 12-16, 21-17, 16-19, 30-25, 1-5, 25-21, 10-15, 20-16, 11x20, 2x11x18, 20-24, 27x20, 3-7, 18-22, 7-11, 13-9, 5x14, 17x10, 19-23, 26x19, 11-16, 20x11, 8x15x24, 28x19, 4-8, 32-28, 8-12, 22-17, 12-16, 19x12"
354,1,354,0,1,"12-16, 23-19, 16x23, 27x18, 11-16, 26-23, 7-11, 22-17, 3-7, 24-19, 9-13, 19x12x3, 13x22, 30-26, 6-9, 26x17, 1-6, 17-13, 10-14, 3x10x17, 11-15, 18x11, 4-8, 11x4, 2-7, 17-14, 9x18x27, 32x23, 6-9, 13x6, 5-9, 28-24, 9-13, 31-26, 7-10, 4-8, 10-15, 23-19, 15-18, 6-1, 18-23, 8-4, 23x30, 25-22, 13-17, 22x13, 30-25, 29x22"
355,1,355,1,0,"9-13, 21-17, 5-9, 24-19, 11-16, 19-15, 10x19, 27-24, 6-10, 24x15x6, 1x10, 25-21, 9-14, 23-18, 14x23, 26x19, 16x23, 17-14, 10x17x26, 31x22, 8-11, 32-27, 23x32, 29-25, 4-8, 22-18, 32-27, 21-17, 13x22x29, 28-24, 27x20, 18-14, 11-15, 14-10, 7x14, 30-26, 20-24, 26-23, 15-18, 23-19, 24x15"
356,1,356,0,0,"12-16, 22-17, 11-15, 23-19, 16x23, 27x18x11, 8x15, 26-22, 3-8, 31-26, 15-19, 24x15, 10x19, 32-27, 19-23, 27x18, 8-12, 26-23, 9-14, 17x10x3, 6-10, 3-8, 4x11, 18-15, 10x19x26, 30x23, 1-6, 23-19, 6-10, 19-15, 10x19, 28-24, 19x28, 21-17, 11-16, 17-14, 28-32, 22-18, 16-19, 18-15, 19-24, 15-10, 2-6, 10x1, 12-16, 14-10, 24-28, 25-21, 32-27, 10-7, 28-32, 21-17, 16-19, 7-3, 27-24, 1-6, 32-27, 6-9, 5x14x21, 3-7, 27-32, 7-11, 32-27, 11-7"
357,1,357,1,0,"10-14, 22-17, 6-10, 26-22, 1-6, 22-18, 9-13, 18x9, 5x14, 31-26, 13x22x31, 23-19, 11-16, 24-20, 31x24x15, 20x11, 7x16, 32-27, 15-11, 27-24, 11-15, 21-17, 14x21, 30-26, 21x30x23, 24-20, 23-26, 20x11, 15-18, 29-25, 8x15, 25-21, 10-14, 21-17, 14x21, 28-24, 18-23, 24-20, 26-31, 20-16, 12x19"
358,1,358,0,1,"12-16, 23-18, 16-20, 22-17, 11-15, 18x11, 8x15, 26-22, 15-19, 24x15, 10x19, 27-23, 19x26, 30x23, 7-11, 23-18, 6-10, 28-24, 20x27, 32x23, 3-8, 23-19, 8-12, 19-15, 10x19, 18-15, 11x18, 22x15, 9-14, 17x10, 5-9, 31-27, 4-8, 27-23, 19x26, 25-22, 1-6, 10x1, 9-14, 15-10, 2-7, 10x3, 12-16, 3x12x19, 14-18, 22x15, 26-31, 15-10, 31-26, 19-16, 26-30, 16-19, 30-25, 29x22"
359,1,359,0,1,"10-14, 24-19, 6-10, 22-18, 12-16, 19x12, 1-6, 28-24, 10-15, 24-20, 15x22, 26x17x10x1, 7-10, 21-17, 10-15, 30-26, 15-18, 23x14, 9x18, 26-23, 3-7, 12x3x10, 4-8, 23x14, 8-12, 25-21, 5-9, 14x5, 11-16, 20x11, 2-7, 11x2, 12-16, 27-23, 16-19, 23x16"
360,1,360,0,0,"11-16, 21-17, 9-14, 17-13, 14-17, 24-20, 7-11, 23-19, 16x23, 27x18, 2-7, 28-24, 5-9, 26-23, 17x26, 31x22, 11-15, 18x11x2, 10-14, 30-26, 3-7, 2x11, 8x15, 23-19, 14-17, 19x10, 6x15, 13x6, 1x10, 22x13, 12-16, 20x11, 15-18, 32-27, 10-14, 11-7, 18-23, 26x19, 14-18, 25-21, 4-8, 19-15, 8-12, 15-10, 18-22, 13-9, 12-16, 29-25, 22x29, 9-5, 29-25, 21-17, 25-29, 7-2, 16-20, 2-7, 29-25"
361,1,361,1,0,"10-14, 21-17, 14x21, 22-18, 6-10, 25-22, 21-25, 30x21, 12-16, 29-25, 9-13, 21-17, 5-9, 23-19, 16x23x30x21x14, 24-19, 14x23x16, 22-18, 1-6, 28-24, 16-20, 31-26, 20-16, 18-15, 10x19x28, 26-22, 9-14, 27-23, 16-20, 32-27, 8-12, 23-19, 4-8, 19-15, 11x18x25, 27-24, 20x27"
362,1,362,1,0,"9-13, 24-20, 10-15, 23-18, 7-10, 27-23, 6-9, 28-24, 2-7, 20-16, 12x19x28, 22-17, 15x22, 25x18, 13x22, 26x17, 8-12, 31-26, 9-14, 18x9, 5x14, 32-27, 11-16, 30-25, 16-20, 23-18, 14x23x30, 25-22, 1-5, 22-18, 5-9, 29-25, 12-16, 25-22, 30-26, 18-14, 9x18x25, 17-14, 10x17, 21x14, 25-30, 14-10, 7x14, 27-23, 26x19"
363,1,363,0,1,"10-15, 24-20, 11-16, 20x11, 7x16, 23-19, 16x23, 27x18x11, 8x15, 22-18, 15x22, 25x18, 12-16, 30-25, 9-13, 26-22, 3-7, 31-26, 16-19, 21-17, 19-24, 28x19, 7-10, 19-16, 2-7, 18-14, 5-9, 14x5, 7-11, 16x7, 4-8, 17-14, 10x17, 32-28, 6-9, 22-18, 8-12, 18-15, 17-22, 26x17, 13x22, 25x18, 1-6, 29-25, 9-14, 18x9x2, 12-16, 28-24, 16-19, 25-22, 19x28, 2-6, 28-32, 6-2, 32-27, 22-18, 27-23, 15-10, 23x14, 5-1, 14-9, 2-6, 9x2x11, 1-5, 11-15, 5-1, 15x6, 1x10"
364,1,364,1,0,"9-14, 23-18, 14x23, 26x19, 11-15, 27-23, 6-9, 30-26, 10-14, 19x10, 14-17, 22x13x6, 2x9, 31-27, 7x14, 21-17, 14x21x30, 23-18, 30x23x14, 24-19, 3-7, 29-25, 7-10, 25-21, 10-15, 19x10, 14x7, 27-24, 7-3, 21-17, 8-11, 24-20, 3-7, 17-13, 1-6, 32-27, 9-14, 13-9, 6x13, 20-16, 12x19, 27-23, 19x26, 28-24, 4-8, 24-20, 5-9, 20-16, 11x20"
365,1,365,1,0,"12-16, 22-18, 9-13, 18-14, 10x17, 21x14, 6-10, 23-19, 16x23, 26x19, 10x17, 31-26, 5-9, 24-20, 11-15, 19x10, 7x14, 20-16, 17-21, 16-11, 8x15, 25-22, 21-25, 30x21, 15-19, 28-24, 19x28, 22-17, 13x22x31x24, 32-27, 24x31, 21-17, 14x21, 29-25, 21x30"
366,1,366,0,0,"10-15, 24-19, 15x24, 27x20, 9-13, 20-16, 11x20, 23-18, 5-9, 26-23, 20-24, 28x19, 8-11, 22-17, 13x22, 18-15, 11x18x27, 31x24, 4-8, 25x18, 8-11, 19-15, 11-16, 30-25, 16-19, 32-27, 19x28, 15-10, 6x15x22, 25x18, 1-6, 29-25, 9-13, 25-22, 7-11, 22-17, 13x22, 27-24, 11-15, 18x11, 3-7, 24-20, 7x16, 20x11, 6-9, 11-8, 22-26, 8-4, 9-13, 4-8, 12-16, 21-17, 13x22, 8-4, 16-20, 4-8, 2-6, 8-4, 26-31, 4-8, 22-25, 8-12, 20-24, 12-16, 31-26, 16-11, 26-30, 11-15, 25-29, 15-11, 28-32, 11-8, 24-27, 8-12, 29-25, 12-16, 25-21, 16-20, 21-25, 20-16"
367,1,367,0,1,"9-14, 22-18, 14-17, 21x14, 10x17, 23-19, 6-9, 26-23, 11-15, 19x10, 7x14, 31-26, 9-13, 18x9, 5x14, 24-19, 2-6, 19-16, 12x19, 23x16, 3-7, 16-11, 8x15, 28-24, 4-8, 25-22, 6-10, 22-18, 14x23, 27x18x11x2, 1-6, 2x9, 17-21, 32-28, 10-14, 9x18, 8-12, 29-25, 13-17, 18-14, 12-16, 14-10, 16-20, 24-19, 20-24, 19-15, 24-27, 15-11, 27-31, 28-24, 31x22x29, 10-7, 29-25, 7-2, 25-22, 11-7, 21-25, 30x21x14, 22-18, 14-9, 18-14, 24-20, 14x5, 2-6, 5-9, 6x13"
368,1,368,0,0,"9-14, 24-20, 12-16, 27-24, 14-18, 23x14, 10x17, 21x14, 8-12, 14-9, 5x14, 32-27, 14-18, 22x15x8, 4x11, 26-22, 6-10, 27-23, 2-6, 31-27, 1-5, 25-21, 10-15, 23-18, 15-19, 24x15x8, 7-10, 20x11, 10-15, 21-17, 6-9, 27-24, 12-16, 30-25, 3x12, 11-7, 16-20, 18x11, 20x27, 7-2, 27-32, 2-6, 9-13, 11-8, 12-16, 6-1, 5-9, 25-21, 16-19, 8-3, 9-14, 17x10, 19-24, 28x19, 32-28, 19-15, 28-24, 10-6, 24-20, 21-17, 20-24, 6-2, 24-27, 3-8, 27-24, 2-6"
369,1,369,0,0,"9-14, 24-19, 12-16, 19x12, 14-18, 22x15, 10x19, 23x16, 11x20, 27-24, 20x27, 32x23, 7-10, 26-22, 2-7, 22-17, 10-15, 31-27, 15-18, 23x14, 8-11, 27-23, 11-16, 23-19, 16x23, 17-13, 6-10, 12-8, 10x17, 21x14, 3x12, 25-22, 4-8, 28-24, 7-10, 14x7, 1-6, 29-25, 6-9, 13x6, 5-9, 24-20, 9-14, 30-26, 23x30x21, 6-1, 8-11, 1-5, 12-16, 5-9, 21-25, 9x18, 11-15, 18x11, 25x18, 11-8, 16-19, 8-12, 18-14, 20-16, 14-10, 7-3, 19-23, 12-8, 10-7, 3x10, 23-27, 10-14, 27-32, 14-10, 32-28, 10-7, 28-24, 7-3, 24-19, 8-12, 19-23, 16-11, 23-27, 12-8, 27-24, 3-7"
370,1,370,0,0,"10-15, 24-19, 15x24, 27x20, 6-10, 22-17, 2-6, 20-16, 11x20, 25-22, 9-13, 17-14, 10x17, 21x14, 20-24, 28x19, 7-11, 32-28, 11-15, 19x10, 6x15, 31-27, 5-9, 14x5, 12-16, 22-18, 15x22x31x24, 28x19x12, 1-6, 23-19, 13-17, 19-15, 17-22, 15-11, 8x15, 29-25, 22x29, 12-8, 3x12, 30-26, 15-18, 26-23, 18x27, 5-1, 12-16, 1x10, 16-19, 10-14, 27-31, 14-9, 19-24, 9-5, 4-8, 5-9, 8-11, 9-5, 31-27, 5-1, 27-32, 1-6, 24-27, 6-1, 32-28"
371,1,371,0,0,"10-15, 24-19, 15x24, 28x19, 11-16, 19-15, 6-10, 15x6, 1x10, 22-18, 9-14, 18x9, 5x14, 25-22, 16-19, 23x16, 12x19, 26-23, 19x26, 30x23, 14-17, 22x13, 8-11, 21-17, 4-8, 23-19, 8-12, 32-28, 2-6, 29-25, 6-9, 13x6, 11-15, 27-23, 15x24, 28x19, 3-8, 31-26, 8-11, 19-15, 10x19, 23x16, 11x20, 6-1, 20-24, 25-22, 24-27, 22-18, 12-16, 18-15, 27-31, 15-10, 31x22x13, 10x3, 16-20, 1-6, 20-24, 3-8, 13-17, 8-3, 17-22, 6-2, 22-17, 2-7, 17-13, 7-10"
372,1,372,0,1,"10-14, 23-18, 14x23, 27x18, 11-15, 18x11, 7x16, 31-27, 16-19, 24x15, 12-16, 28-24, 6-10, 15x6, 1x10, 32-28, 8-11, 22-17, 2-6, 25-22, 10-14, 17x10x1, 4-8, 24-20, 9-13, 22-17, 13x22x31x24, 28x19x12, 3-7, 12x3x10, 11-16, 20x11, 5-9, 30-26, 9-13, 29-25, 13-17, 21x14"
373,1,373,0,1,"10-14, 22-18, 7-10, 21-17, 14x21, 25-22, 21-25, 30x21, 2-7, 18-15, 11x18x25, 29x22, 10-15, 23-18, 12-16, 18x11x2, 16-20, 2-7, 3x10, 24-19, 8-12, 21-17, 9-14, 19-16, 12x19, 27-24, 14x21, 24x15, 10x19, 31-27, 6-10, 27-23, 20-24, 23x16, 1-6, 28x19, 10-15, 19x10x1, 5-9, 22-18, 9-14, 18x9, 21-25, 16-12, 25-30, 26-22, 4-8, 12x3, 30-25, 22-17, 25-21, 9-5, 21x14, 1-6, 14-18, 3-8, 18-15, 32-28, 15-10, 6x15"
374,1,374,1,0,"12-16, 24-20, 10-15, 23-18, 9-13, 26-23, 6-10, 31-26, 15-19, 18-15, 11x18, 23x14, 10x17, 21x14, 7-10, 14x7, 3x10, 20x11, 8x15, 26-23, 19x26, 30x23, 15-18, 22x15x6, 1x10, 28-24, 10-14, 24-20, 2-6, 25-22, 6-9, 32-28, 4-8, 23-18, 14x23x32, 22-17, 13x22, 28-24, 32-28, 29-25, 28x19, 25x18, 9-13, 20-16, 19x12, 18-14, 12-16, 14-9, 5x14"
375,1,375,1,0,"12-16, 24-20, 11-15, 20x11, 7x16, 21-17, 2-7, 17-14, 9x18, 23x14, 10x17, 22x13, 6-10, 28-24, 15-19, 24x15x6, 1x10, 26-23, 7-11, 23-18, 11-15, 18x11, 8x15, 27-24, 3-7, 13-9, 5x14, 31-26, 14-17, 24-19, 15x24, 32-27, 24x31x22, 25x18, 16-20, 18-15, 10x19, 29-25, 19-23, 30-26, 23x30x21"
376,1,376,0,1,"9-14, 24-19, 5-9, 22-18, 9-13, 18x9, 11-16, 23-18, 16x23, 26x19, 8-11, 31-26, 10-15, 19x10, 7x14x23, 27x18, 11-15, 18x11, 6-10, 9-5, 10-15, 32-27, 4-8, 11x4, 1-6, 26-23, 3-8, 4x11x18, 6-9, 18-15, 12-16, 21-17, 13x22, 25x18, 9-13, 27-24, 2-7, 24-20, 13-17, 20x11x2, 17-22, 18-14, 22-25, 29x22"
377,1,377,1,0,"10-14, 24-19, 14-17, 22x13, 6-10, 13x6, 2x9, 19-15, 11x18, 23x14, 10x17, 21x14, 9x18, 25-22, 18x25, 29x22, 12-16, 22-17, 1-6, 26-22, 7-10, 17-14, 10x17x26, 30x23, 8-12, 23-18, 3-7, 27-24, 6-9, 18-14, 9x18, 24-19, 16x23, 31-26, 23x30, 32-27, 18-23, 27x18, 30-26, 28-24, 26-23, 24-20, 23x14, 20-16, 12x19"
378,1,378,0,0,"10-15, 22-17, 11-16, 25-22, 9-13, 23-19, 16x23, 26x19x10, 6x15, 27-23, 15-18, 22x15, 13x22, 32-27, 12-16, 23-18, 16-20, 27-23, 20x27, 31x24, 8-12, 15-11, 7x16, 24-20, 2-7, 20x11x2, 3-8, 28-24, 12-16, 2-7, 22-25, 29x22, 8-11, 7-3, 1-6, 21-17, 6-9, 3-7, 16-19, 24x15x8, 4x11, 7x16, 9-13, 18-14, 5-9, 14x5"
379,1,379,0,0,"10-14, 24-20, 7-10, 28-24, 9-13, 23-18, 14x23, 27x18, 12-16, 26-23, 3-7, 21-17, 6-9, 24-19, 8-12, 31-27, 1-6, 19-15, 10x19x26, 30x23, 11-15, 20x11, 7x16, 18x11, 4-8, 11x4, 2-7, 27-24, 7-11, 23-19, 16x23, 4-8, 6-10, 8x15x6, 12-16, 6-2, 23-26, 25-21, 16-20, 17-14, 9x18x25, 29x22, 20x27, 32x23, 5-9, 22-17, 13x22, 23-18, 9-13, 18-14, 26-30, 2-6, 30-26, 6-2"
380,1,380,0,1,"9-14, 22-18, 5-9, 23-19, 14x23, 27x18, 1-5, 25-22, 10-15, 19x10x1, 9-13, 1-6, 2x9, 18-14, 9x18x25, 29x22, 12-16, 21-17, 7-10, 22-18, 13x22, 26x17, 16-19, 24x15x6, 8-12, 18-15, 11x18, 6-2, 4-8, 17-13, 5-9, 13x6, 8-11, 31-26, 3-7, 32-27, 11-16, 2x11x20, 18-22, 26x17, 12-16, 20x11"
381,1,381,0,0,"11-15, 22-17, 9-14, 17-13, 12-16, 21-17, 14x21, 24-20, 8-12, 20x11, 7x16, 25-22, 15-18, 22x15, 10x19, 29-25, 2-7, 13-9, 6x13, 25-22, 13-17, 22x13, 7-11, 23-18, 21-25, 30x21, 3-8, 28-24, 19x28, 21-17, 1-6, 18-14, 6-10, 14x7, 16-20, 26-23, 11-15, 23-18, 15x22, 27-24, 20x27, 32x23, 8-11, 17-14, 28-32, 23-19, 32-28, 19-15, 11x18, 14-9, 5x14, 31-26, 22x31, 7-2, 28-32, 2-6, 4-8, 6-9, 18-22, 9x18x25, 32-28, 25-30, 31-26, 30x23, 28-32, 23-18, 32-27, 13-9, 27-31, 18-14, 31-27, 14-10, 27-24, 9-6, 24-27, 10-7, 8-11, 7x16, 12x19, 6-1, 19-24, 1-6, 24-28, 6-9, 27-24, 9-14, 24-20, 14-10, 28-32, 10-7, 32-28, 7-11, 28-32, 11-15"
382,1,382,1,0,"12-16, 24-20, 16-19, 23x16, 9-14, 27-23, 14-17, 21x14, 10x17, 22x13, 6-9, 13x6, 1x10, 26-22, 8-12, 23-18, 12x19, 31-27, 3-8, 27-23, 19x26, 30x23, 8-12, 18-14, 10x17x26, 32-27, 7-10, 20-16, 12x19, 23x16x7, 2x11, 27-24, 11-16, 25-21, 16-20, 21-17, 20x27, 29-25, 26-31, 17-13, 10-15, 13-9, 5x14, 25-21, 31-26, 28-24, 27-31, 21-17, 14x21, 24-20, 15-19, 20-16, 26-23, 16-11, 21-25, 11-8, 4x11"
383,1,383,0,1,"10-15, 23-18, 6-10, 24-20, 9-13, 28-24, 12-16, 21-17, 15-19, 24x15x6, 1x10, 18-14, 2-6, 27-23, 5-9, 14x5, 6-9, 22-18, 13x22, 26x17, 10-15, 31-27, 15x22, 25x18, 7-10, 5-1, 11-15, 20x11, 15x22, 1-5, 8x15, 5x14x7, 3x10, 30-25, 4-8, 25x18x11x4, 10-14, 17x10"
384,1,384,1,0,"11-16, 23-19, 16x23, 26x19, 8-11, 30-26, 12-16, 19x12, 9-13, 22-18, 3-8, 12x3, 11-15, 18x11, 7x16, 27-23, 10-14, 23-18, 14x23x30, 25-22, 2-7, 3x10, 6x15, 31-27, 16-20, 22-17, 13x22, 27-23, 20x27, 23-18, 5-9, 18x11, 27-31, 21-17, 22-25, 29x22, 31-26, 22-18, 1-5, 17-14, 26-22, 28-24, 22x15x8, 24-19, 9x18, 19-15, 8-12, 15-10, 12-16, 32-28, 5-9, 28-24, 30-25, 24-19, 16x23, 10-6, 23-19, 6-2, 19-15, 2-6, 9-13, 6-10, 15x6"
385,1,385,0,0,"9-13, 22-18, 12-16, 21-17, 13x22, 26x17, 6-9, 18-14, 9x18, 23x14, 16-19, 24x15x6, 1x10, 31-26, 11-16, 14-9, 5x14x21, 27-24, 2-6, 24-20, 8-11, 26-23, 16-19, 23x16, 3-8, 16-12, 10-14, 12x3x10x17, 11-16, 20x11, 4-8, 11x4, 6-9, 30-26, 21x30x23, 17-22, 9-13, 22-26, 23x30, 29-25, 30x21, 32-27, 13-17, 4-8, 17-22, 8-3, 22-25, 3-7, 25-30, 7-3, 21-17, 3-8, 17-21, 27-23, 30-26, 28-24, 26x19x28, 8-11, 21-25, 11-8, 25-30, 8-4, 28-24, 4-8, 24-20, 8-11, 20-24, 11-7, 30-25, 7-2, 25-21, 2-7, 24-20, 7-2, 20-16, 2-7, 16-11, 7x16, 21-17, 16-12, 17-22, 12-8, 22-17, 8-12"
386,1,386,0,1,"12-16, 21-17, 11-15, 17-14, 10x17, 22x13, 9-14, 23-19, 16x23, 27x18x9, 5x14, 25-21, 6-10, 29-25, 2-6, 32-27, 1-5, 21-17, 14x21, 27-23, 15-18, 23x14, 10x17, 26-22, 17x26, 31x22, 7-10, 22-17, 6-9, 13x6, 10-14, 17x10, 3-7, 10x3x12, 5-9, 25-22, 4-8, 12x3, 21-25, 30x21, 9-13, 6-2, 13-17, 21x14"
387,1,387,0,0,"11-15, 22-17, 8-11, 17-13, 4-8, 23-19, 15-18, 27-23, 18x27, 32x23, 11-16, 21-17, 10-15, 19x10, 7x14x21, 23-18, 16-19, 24x15, 9-14, 18x9, 5x14, 25-22, 12-16, 28-24, 8-12, 24-20, 2-7, 20x11x2x9x18, 3-7, 29-25, 1-6, 18-14, 7-11, 15x8, 6-10, 14x7, 12-16, 8-3, 16-19, 13-9, 19-23, 26x19"
388,1,388,1,0,"9-14, 23-18, 14x23, 26x19, 12-16, 19x12, 10-15, 24-19, 15x24, 27x20, 5-9, 20-16, 11x20, 31-27, 9-14, 22-17, 7-10, 28-24, 2-7, 32-28, 6-9, 25-22, 14-18, 22x15x6, 1x10, 17-13, 9-14, 21-17, 14x21, 13-9, 8-11, 12-8, 3x12, 9-5, 11-15, 24-19, 15x24x31, 29-25, 10-15, 30-26, 31x22x29, 28-24, 20x27, 5-1, 15-18, 1-6, 21-25, 6-1, 27-31, 1-6, 7-11, 6-10, 25-30, 10-7, 4-8, 7x16, 12x19"
389,1,389,0,1,"9-14, 24-20, 14-17, 21x14, 10x17, 22x13, 11-15, 27-24, 15-18, 23x14, 7-11, 25-22, 6-9, 13x6, 2x9x18x25, 30x21, 5-9, 32-27, 11-16, 20x11, 8x15, 24-19, 15x24, 28x19, 3-8, 27-23, 9-14, 26-22, 14-18, 23x14, 12-16, 19x12x3, 4-8, 3x12, 1-5, 22-18, 5-9, 14x5"
390,1,390,0,1,"9-14, 22-17, 6-9, 24-19, 12-16, 19x12, 11-16, 23-18, 14x23, 27x18, 16-20, 17-13, 20-24, 28x19, 2-6, 19-16, 9-14, 18x9x2x11, 8x15, 31-27, 3-7, 27-24, 15-19, 24x15x6, 1x10, 21-17, 5-9, 13x6, 4-8, 12x3, 7-11, 16x7, 10-14, 17x10"
391,1,391,0,1,"11-16, 23-19, 16x23, 27x18, 10-15, 18x11, 8x15, 22-18, 15x22, 26x17, 4-8, 25-22, 9-13, 30-26, 12-16, 17-14, 5-9, 14x5, 6-9, 22-18, 7-11, 21-17, 13x22, 26x17, 9-14, 17x10, 16-20, 31-26, 20x27, 32x23, 3-7, 10x3x12, 11-16, 12x19, 2-6, 29-25, 6-9, 19-24, 1-6, 24-19, 9-13, 28-24, 6-10, 19-16, 10-14, 18x9, 13-17, 24-19, 17-22, 26x17"
392,1,392,0,0,"9-14, 21-17, 14x21, 23-18, 11-15, 18x11, 8x15, 27-23, 4-8, 24-19, 15x24, 28x19, 6-9, 31-27, 12-16, 19x12, 8-11, 32-28, 11-16, 27-24, 16-19, 24x15x6, 1x10, 22-18, 9-14, 18x9, 5x14, 12-8, 3x12, 25-22, 7-11, 22-18, 10-15, 18x9, 2-6, 9x2, 15-18, 23x14, 12-16, 30-25, 21x30x23, 14-10, 23-19, 10-6, 19-24, 28x19x12, 11-16, 2-7, 16-20, 7-10, 20-24, 6-2, 24-28, 29-25, 28-32, 2-6, 32-27, 10-15, 27-32, 6-10, 32-27, 10-6"
393,1,393,0,1,"11-15, 24-20, 9-13, 23-18, 15-19, 18-15, 6-9, 15x6, 1x10, 22-18, 10-15, 18x11, 8x15, 25-22, 7-10, 26-23, 19x26, 30x23, 15-18, 22x15x6, 3-8, 20-16, 12x19x26, 31x22, 8-12, 22-18, 13-17, 21x14, 4-8, 29-25, 2-7, 27-23, 7-10, 14x7, 8-11, 23-19, 12-16, 19x12, 11-15, 18x11, 9-13, 7-3, 13-17, 3-7, 17-21, 6-1, 21x30, 7-3, 30-25, 11-8, 25-22, 3-7, 22-18, 7-2, 18-22, 28-24, 5-9, 2-6, 22-17, 6x13x22"
394,1,394,0,1,"9-13, 22-18, 13-17, 21x14, 10x17, 25-21, 7-10, 21x14x7, 3x10, 30-25, 2-7, 24-20, 12-16, 25-21, 16-19, 23x16, 6-9, 26-22, 10-15, 21-17, 15-19, 31-26, 9-14, 18x9, 5x14x21, 22-18, 7-10, 16x7, 8-11, 7-3, 10-15, 3-7, 15x22x31x24, 7x16x23, 24-19, 23x16, 1-5, 32-27, 21-25, 29x22, 4-8, 27-23, 5-9, 16-12, 9-13, 12x3, 13-17, 22x13"
395,1,395,0,0,"12-16, 22-17, 10-14, 17x10, 6x15, 25-22, 15-19, 24x15, 11x18x25, 29x22, 7-10, 23-19, 16x23, 26x19, 10-14, 31-26, 9-13, 28-24, 5-9, 26-23, 3-7, 23-18, 14x23, 27x18, 2-6, 30-25, 7-10, 24-20, 8-11, 21-17, 4-8, 18-15, 11x18, 22x15, 13x22x29, 32-28, 8-11, 15x8, 10-15, 19x10, 6x15, 20-16, 1-6, 28-24, 9-13, 16-12, 15-19, 24x15, 6-10, 15x6, 13-17, 8-3, 29-25, 3-8, 17-21, 6-1, 25-30, 1-6, 21-25, 8-4, 25-29, 4-8, 29-25"
396,1,396,0,0,"10-15, 22-18, 15x22, 25x18, 6-10, 26-22, 11-15, 18x11, 8x15, 24-19, 15x24, 27x20, 12-16, 20x11, 7x16, 30-26, 10-15, 28-24, 4-8, 21-17, 2-7, 32-28, 16-19, 23x16, 7-11, 16x7, 3x10, 31-27, 9-14, 24-20, 14x21, 22-17, 21-25, 29x22, 15-18, 22x15x6, 1x10, 20-16, 10-14, 17x10, 8-11, 16x7, 5-9, 26-23, 9-14, 7-3, 14-17, 27-24, 17-21, 10-7, 21-25, 23-18, 25-29, 18-15, 29-25, 15-11, 25-30, 24-20, 30-26, 7-2, 26-22, 11-7, 22-18, 28-24, 18-15, 2-6, 15-18, 6-2"
397,1,397,0,1,"10-14, 24-19, 7-10, 28-24, 11-16, 22-18, 10-15, 18x11, 8x15, 19x10, 6x15, 32-28, 2-6, 25-22, 3-7, 23-19, 16x23x32, 30-25, 4-8, 22-17, 7-10, 26-23, 9-13, 24-20, 13x22, 25x18x11x4, 14-18, 23x14x7, 6-10, 20-16, 12x19, 7-2, 1-6, 2x9, 5x14, 31-27, 32x23, 4-8, 23-18, 8-11, 18-15, 11x18x9, 19-24, 28x19, 10-15, 19x10"
398,1,398,0,1,"9-13, 24-19, 12-16, 19x12, 10-15, 23-19, 15x24, 27x20, 13-17, 22x13, 5-9, 26-22, 11-15, 28-24, 15-19, 24x15, 7-10, 15-11, 8x15, 22-18, 15x22, 25x18, 10-15, 18x11, 1-5, 32-28, 3-8, 12x3, 9-14, 3-7, 14-18, 21-17, 6-9, 13x6, 2x9, 11-8, 4x11, 7x16, 18-23, 30-25, 9-13, 25-22, 23-27, 31x24, 5-9, 16-12, 9-14, 17x10, 13-17, 22x13"
399,1,399,1,0,"12-16, 24-20, 9-14, 23-19, 16x23, 26x19, 11-15, 19-16, 15-19, 27-24, 7-11, 24x15, 10x19, 16x7, 3x10, 22-18, 14x23, 32-27, 23x32, 28-24, 19x28, 20-16, 6-9, 31-27, 32x23, 21-17, 23-18, 30-26, 2-6, 25-22, 18x25, 29x22, 9-14, 26-23, 14x21, 16-11, 8x15, 23-18, 15-19, 18-14, 10x17x26"
400,1,400,0,0,"9-14, 24-20, 11-16, 20x11, 7x16, 22-17, 16-20, 25-22, 5-9, 28-24, 10-15, 17x10, 3-7, 10x3, 12-16, 3x12x19x10, 6x15, 30-25, 4-8, 24-19, 15x24, 22-17, 24-28, 23-18, 20-24, 27x20, 2-7, 26-22, 7-10, 20-16, 9-13, 16-12, 8-11, 32-27, 10-15, 27-24, 28-32, 31-26, 1-6, 24-20, 32-28, 20-16, 11x20, 18x11, 20-24, 26-23, 6-9, 12-8, 28-32, 17-14, 9x18x27, 22-18, 24-28, 18-15, 27-31, 8-4, 31-27, 25-22, 27-31, 11-8, 31-27, 15-11, 13-17, 21x14, 27-31, 22-17, 32-27, 11-7, 28-32, 7-3, 31-26, 14-10, 27-24, 17-14, 26-30, 29-25, 30x21, 3-7, 21-25, 7-11, 25-22, 11-15, 32-28, 15-11, 24-20, 11-7, 22-25, 7-3, 25-29, 10-6, 20-24, 6-1, 29-25, 14-9, 25-30, 9-5, 30-26, 1-6, 24-27, 6-2, 26-23, 5-1, 23-19, 1-5, 19-23"
401,1,401,0,1,"12-16, 22-17, 10-15, 24-20, 9-14, 17x10, 7x14, 27-24, 6-10, 23-19, 16x23, 26x19, 11-16, 20x11, 2-6, 31-27, 3-7, 11x2x9x18x11, 8x15, 27-23, 15-18, 23x14x7, 1-6, 30-26, 6-9, 7-2, 4-8, 25-22, 9-13, 2-6, 5-9, 6-1, 8-11, 19-16, 11x20x27, 32x23, 9-14, 23-19, 14-18, 22x15, 13-17, 21x14"
402,1,402,1,0,"9-13, 22-18, 12-16, 24-20, 8-12, 18-14, 10x17, 21x14, 6-9, 28-24, 9x18, 23x14, 4-8, 32-28, 16-19, 24x15, 11x18, 26-22, 7-11, 22x15, 11x18, 28-24, 1-6, 31-26, 8-11, 27-23, 18x27, 20-16, 12x19x28, 14-10, 6x15, 25-21, 2-6, 30-25, 15-19, 25-22, 27-32, 22-18, 6-9, 21-17, 13x22x31, 18-15, 11x18, 29-25, 31-27, 25-22, 18x25"
403,1,403,0,0,"10-15, 23-18, 12-16, 24-19, 16x23, 26x19x10, 6x15, 27-23, 2-6, 23-19, 15x24, 28x19, 7-10, 18-14, 10x17x26, 31x22, 11-16, 19x12, 9-14, 21-17, 14x21, 22-17, 5-9, 32-28, 1-5, 25-22, 6-10, 17-13, 3-7, 12x3, 4-8, 13x6, 7-11, 3x12, 10-15, 30-26, 15-19, 22-18, 19-24, 28x19, 11-16, 26-23, 21-25, 29x22, 5-9, 22-17, 9-14, 17x10, 16-20, 6-1, 20-24, 18-14, 24-28, 10-6, 28-32, 12-16, 32-28, 19-15, 28-32, 1-5, 32-27, 6-1, 27x18x11x20, 14-9, 20-24, 9-6, 24-28, 5-9, 28-32, 9-5, 32-28"
404,1,404,1,0,"11-15, 23-19, 10-14, 19x10, 6x15, 24-20, 7-10, 20-16, 12x19, 21-17, 14x21, 22-17, 8-11, 28-24, 19x28, 26-22, 9-13, 31-26, 15-19, 17-14, 10x17, 22-18, 1-6, 27-23, 4-8, 23x16x7, 2x11, 25-22, 6-9, 32-27, 28-32, 18-14, 9x18x25, 29x22, 32x23, 26x19, 17x26, 30x23, 13-17, 19-16, 11x20, 23-18, 5-9, 18-15, 21-25, 15-10, 9-13, 10-6, 20-24, 6-2, 17-22, 2-6, 22-26, 6-9, 25-30, 9-14, 24-27, 14-17, 13x22"
405,1,405,1,0,"10-15, 21-17, 9-14, 17x10, 7x14, 23-19, 5-9, 19x10, 6x15, 26-23, 1-5, 22-17, 14x21, 30-26, 21x30, 26-22, 11-16, 23-19, 16x23, 27x18x11, 8x15, 22-17, 9-14, 17x10, 4-8, 10-6, 2x9, 29-25, 30x21, 31-27, 3-7, 24-19, 15x24x31, 32-27, 31x24, 28x19, 7-10, 19-16, 12x19"
406,1,406,1,0,"9-13, 23-18, 10-15, 22-17, 13x22, 26x17, 15x22, 25x18, 7-10, 27-23, 5-9, 17-14, 10x17, 21x14x5, 11-16, 23-19, 16x23, 30-26, 23x30, 29-25, 30x21, 32-27, 8-11, 31-26, 21-17, 18-15, 11x18, 26-22, 18x25, 24-19, 17-14, 19-16, 12x19, 27-23, 19x26, 28-24, 6-10, 24-20, 1-6, 5-1, 3-8, 1-5, 2-7, 20-16, 6-9, 5-1, 25-29, 1-6, 26-30, 6x15, 8-12, 15-18, 14x23, 16-11, 7x16"
407,1,407,0,1,"10-15, 23-18, 12-16, 21-17, 16-19, 25-21, 7-10, 24-20, 10-14, 17x10, 19-24, 28x19, 15x24, 20-16, 11x20, 10-7, 3x10, 32-28, 2-7, 28x19, 9-13, 27-24, 20x27, 31x24, 10-15, 19x10x3x12, 6-10, 18-14, 10x17, 21x14, 13-17, 22x13, 5-9, 14x5, 1-6, 29-25, 4-8, 12x3, 6-10, 26-22, 10-15, 24-19, 15x24, 25-21, 24-28, 3-8, 28-32, 30-26, 32-28, 22-17, 28-24, 8-4, 24-27, 17-14, 27-23, 26x19"
408,1,408,0,1,"9-13, 24-20, 11-16, 20x11, 8x15, 27-24, 6-9, 32-27, 13-17, 22x13x6, 2x9, 23-19, 15-18, 21-17, 3-8, 27-23, 18x27, 17-13, 27-32, 13x6, 12-16, 19x12x3, 10-14, 3x10x17, 1x10, 17-14, 10x17, 25-21, 5-9, 21x14x5, 4-8, 29-25, 8-12, 25-21, 12-16, 24-20, 16-19, 26-22, 32-27, 31x24x15"
409,1,409,0,0,"12-16, 22-17, 10-15, 23-19, 16x23, 26x19x10, 7x14, 17x10, 6x15, 24-20, 3-7, 21-17, 2-6, 17-14, 9x18, 25-22, 18x25, 29x22, 15-19, 27-23, 19x26, 30x23, 11-15, 32-27, 15-19, 23x16, 8-11, 22-17, 7-10, 16x7, 10-15, 17-14, 5-9, 14x5, 6-9, 7-2, 4-8, 27-23, 8-11, 2-6, 1x10, 31-26, 15-19, 23x16x7, 9-14, 28-24, 10-15, 24-19, 15x24, 7-2, 24-27, 2-6, 27-32, 6-2, 14-18, 26-22, 18x25, 5-1, 25-29, 1-5, 29-25"
410,1,410,0,1,"12-16, 24-20, 16-19, 23x16, 8-12, 22-17, 12x19, 27-23, 4-8, 23x16, 11-15, 26-23, 15-18, 23x14, 9x18, 28-24, 8-11, 31-26, 5-9, 17-14, 10x17, 21x14x5, 6-10, 25-22, 18x25, 30x21, 11-15, 26-23, 15-18, 23x14, 10x17, 21x14, 7-10, 14x7, 3x10, 29-25, 1-6, 32-28, 2-7, 5-1, 10-14, 1x10x17, 7-10, 16-11, 10-15, 25-21, 15-19, 24x15"
411,1,411,0,1,"11-16, 24-20, 10-15, 20x11, 7x16, 23-18, 6-10, 18x11, 8x15, 27-24, 2-6, 24-19, 16x23, 26x19, 15x24, 28x19, 10-15, 19x10, 6x15, 32-28, 12-16, 28-24, 15-18, 22x15, 1-6, 15-10, 6x15, 31-26, 9-14, 25-22, 16-19, 24-20, 3-8, 22-18, 14x23, 20-16, 5-9, 16-12, 8-11, 12-8, 19-24, 26x19x10, 11-15, 30-25, 4x11, 10-7, 24-27, 21-17, 27-31, 25-21, 31-26, 17-13, 26-30, 13x6, 15-19, 29-25, 19-24, 21-17, 30x21x14, 7-3, 11-16, 3-7, 14-10, 7x14, 24-27, 6-2, 27-32, 2-6, 16-19, 6-9, 32-27, 14-18, 27-23, 18x27, 19-23, 27x18"
412,1,412,0,1,"9-14, 24-20, 10-15, 27-24, 11-16, 20x11, 7x16, 22-17, 16-20, 17x10, 20x27, 31x24, 15-18, 23x14, 6x15, 14-9, 5x14, 32-27, 14-18, 25-22, 18x25, 29x22, 15-19, 24x15, 8-11, 15x8, 4x11, 27-24, 3-7, 22-18, 2-6, 18-14, 7-10, 14x7, 1-5, 24-19, 6-9, 30-25, 9-13, 26-23, 13-17, 21x14, 5-9, 14x5, 12-16, 19x12, 11-16, 25-22, 16-19, 23x16"
413,1,413,1,0,"9-14, 24-20, 12-16, 22-18, 11-15, 18x11, 8x15, 20x11, 7x16, 26-22, 3-8, 22-18, 15x22, 25x18x9, 5x14, 23-19, 16x23, 27x18x9, 6x13, 32-27, 10-15, 27-24, 15-19, 24x15, 8-11, 15x8, 4x11, 31-26, 1-6, 30-25, 11-16, 21-17, 13x22x31, 25-21, 6-10, 21-17, 2-6, 28-24, 31-27, 24-19, 16x23, 29-25, 27-24, 17-14, 10x17, 25-21, 24-27, 21x14, 23-26, 14-9, 6x13"
414,1,414,0,1,"9-13, 23-19, 10-14, 26-23, 6-10, 19-15, 11x18, 22x15x6, 2x9, 23-18, 14x23, 27x18, 9-14, 18x9, 5x14, 24-20, 7-11, 31-26, 3-7, 21-17, 13x22x31, 32-27, 31x24, 28x19, 12-16, 19x12x3x10x17, 1-6, 17-13, 4-8, 20-16, 11x20, 30-26, 8-12, 25-22, 6-9, 13x6, 20-24, 22-17, 24-28, 29-25, 12-16, 17-13, 16-20, 6-10, 20-24, 10-6, 28-32, 25-21, 32-27, 6-9, 24-28, 21-17, 27-23, 26x19, 28-32, 19-15, 32-27, 9-14, 27-24, 13-9, 24-20, 15-11, 20-16, 11-7, 16-12, 7-2, 12-8, 2-7, 8-4, 17-13, 4-8, 7-3, 8-11, 9-5, 11-8, 3x12"
415,1,415,1,0,"10-14, 22-18, 11-16, 23-19, 16x23, 26x19, 14x23, 27x18, 8-11, 21-17, 7-10, 18-14, 9x18, 19-16, 11x20x27, 32x23x14x7, 3x10, 17-13, 12-16, 31-26, 6-9, 13x6, 2x9, 28-24, 1-6, 26-23, 16-19, 24x15, 10x19x26, 30x23, 9-13, 23-19, 4-8, 19-15, 8-12, 15-10, 6x15, 25-21, 5-9, 21-17, 13x22, 29-25, 22x29"
416,1,416,1,0,"9-14, 23-19, 14-18, 22x15, 11x18, 27-23, 18x27, 32x23, 7-11, 23-18, 6-9, 18-15, 11x18, 19-15, 10x19, 24x15, 3-7, 26-23, 18x27, 31x24, 7-11, 25-22, 11x18x25, 29x22, 9-14, 30-26, 1-6, 21-17, 14x21, 26-23, 2-7, 23-18, 7-10, 24-20, 10-15, 18x11, 8x15, 20-16, 12x19, 22-17, 6-10, 28-24, 19x28, 17-13, 15-19, 13-9, 5x14"
417,1,417,0,0,"10-15, 21-17, 9-13, 23-18, 6-9, 27-23, 15-19, 23x16, 12x19, 24x15, 9-14, 17x10, 7x14x23, 26x19, 11x18, 22x15, 2-6, 30-26, 8-11, 15x8, 3x12, 25-21, 13-17, 21x14, 4-8, 19-16, 12x19, 26-23, 19x26, 31x22, 8-11, 28-24, 11-15, 22-17, 15-18, 24-20, 6-9, 14-10, 18-23, 32-27, 23x32, 10-7, 9-13, 7-2, 13x22, 2-7, 22-26, 7-11, 5-9, 11-8, 26-31, 8-11, 1-5, 20-16, 9-14, 11-7, 5-9, 7-10, 9-13, 10x17, 13x22, 16-12, 32-28, 29-25, 22x29, 12-8, 28-24, 8-3, 24-27, 3-8, 27-23, 8-4, 23-26, 4-8, 26-23"
418,1,418,0,0,"10-15, 22-18, 15x22, 26x17, 6-10, 30-26, 10-15, 24-19, 15x24, 28x19, 11-16, 17-14, 9x18, 23x14, 16x23x30, 14-10, 7x14, 25-22, 12-16, 31-26, 30x23, 27x18x9, 5x14, 22-18, 14x23, 32-28, 2-7, 29-25, 7-10, 28-24, 10-14, 25-22, 3-7, 21-17, 14x21, 22-18, 21-25, 18-15, 25-29, 24-20, 7-11, 15-10, 23-26, 10-7, 11-15, 20x11, 1-6, 7-3, 15-18, 3x12, 4-8, 12x3, 26-31, 3-8, 6-10, 8-12, 10-15, 11-8, 31-27, 12-16, 29-25, 16-20, 25-30, 8-4, 15-19, 4-8, 27-32, 20-16, 30-26, 16x23x14, 26-23, 14-10, 32-28, 8-4, 23-19, 10-7, 28-32, 7-3, 32-28, 3-7"
419,1,419,0,0,"10-14, 23-18, 14x23, 27x18, 9-14, 18x9, 5x14, 31-27, 6-9, 24-19, 1-5, 27-24, 7-10, 26-23, 14-18, 22x15x6, 12-16, 19x12, 11-15, 21-17, 8-11, 24-20, 3-8, 12x3, 11-16, 20x11, 9-13, 28-24, 2x9, 3-7, 13x22, 25x18, 15x22, 29-25, 22x29, 32-27, 9-13, 30-25, 29x22, 7-2, 22-17, 24-20, 4-8, 11x4, 17-21, 2-7, 21-17, 27-24, 17-21, 7-11, 13-17, 23-18, 5-9, 4-8, 9-13, 11-16, 17-22, 8-4, 13-17, 16-12, 22-25, 18-14, 25-29, 14-9, 17-22, 9-6, 22-25, 12-8, 21-17, 20-16, 17-21, 16-12, 21-17, 6-2, 17-14, 2-7, 14-10, 7x14, 25-30, 8-11, 29-25, 14-18, 25-29, 11-7, 30-25, 12-8, 25-30, 7-3, 30-26, 24-19, 26-22, 18x25, 29x22, 3-7, 22-26, 8-3, 26-30, 7-11, 30-26, 19-15, 26-23, 11-16, 23-26, 16-19"
420,1,420,1,0,"12-16, 23-19, 16x23, 26x19, 11-16, 19x12, 10-15, 27-23, 8-11, 31-27, 11-16, 12-8, 3x12, 21-17, 9-13, 22-18, 15x22, 25x18, 13x22, 24-19, 6-9, 30-26, 22x31x24x15x22, 29-25, 22x29, 32-27, 9-13, 23-19, 16x23x32, 28-24, 32-27, 24-20, 7-10, 20-16, 12x19"
421,1,421,0,1,"10-14, 24-19, 11-15, 19x10, 6x15, 22-17, 2-6, 17x10, 7x14, 27-24, 3-7, 25-22, 14-17, 21x14, 9x18x27, 32x23, 5-9, 23-19, 7-11, 19x10, 6x15, 24-20, 1-5, 31-27, 12-16, 27-23, 8-12, 22-17, 16-19, 23x16x7, 15-19, 26-23, 19x26, 30x23, 9-13, 17-14, 13-17, 20-16, 12x19x26, 29-25, 5-9, 14x5, 17-22, 25x18, 26-30, 28-24, 30-25, 7-2, 25-29, 18-15, 29-25, 15-10, 25-29, 10-7, 29-25, 5-1, 4-8, 2-6, 8-11, 6-10, 11-15, 10x19, 25-21, 19-16, 21-17, 16-11, 17-22, 7-3, 22-17, 1-5, 17-14, 11-7, 14-18, 3-8, 18-23, 8-3, 23-26, 5-9, 26-23, 7-2, 23-27, 9-6, 27x20, 6-10, 20-16, 10-6, 16-11, 6-10, 11-8, 3x12"
422,1,422,1,0,"9-14, 24-20, 10-15, 21-17, 14x21, 22-18, 15x22, 26x17, 6-9, 27-24, 1-6, 31-27, 9-13, 30-26, 13x22x31, 25-22, 7-10, 22-18, 10-14, 18x9, 6x13, 20-16, 12x19x26, 24-19, 31x24x15, 29-25, 21x30, 32-27, 2-6, 27-23, 15-19, 23x16x7, 3x10, 28-24, 13-17, 24-19, 10-14, 19-16, 5-9, 16-11, 8x15"
423,1,423,0,0,"12-16, 24-20, 10-15, 23-19, 15x24, 28x19x12, 7-10, 21-17, 10-15, 20-16, 11x20, 22-18, 15x22, 25x18, 9-13, 26-23, 13x22, 18-14, 2-7, 30-25, 20-24, 25x18, 7-10, 27x20, 10x17, 18-14, 6-10, 14x7, 3x10, 12x3, 17-21, 29-25, 21x30, 32-28, 30-26, 31x22, 10-14, 23-19, 14-17, 22x13, 4-8, 3x12, 1-6, 13-9, 5x14, 20-16, 6-10, 16-11, 14-18, 19-15, 10x19, 11-8, 19-24, 28x19, 18-23, 19-16, 23-26, 8-4, 26-30, 16-11, 30-26, 12-8, 26-23, 8-12, 23-27, 11-8, 27-31, 12-16, 31-26, 8-3, 26-22, 4-8, 22-26, 8-4"
424,1,424,0,0,"9-14, 22-18, 12-16, 18x9, 5x14, 26-22, 1-5, 23-18, 14x23, 27x18, 10-15, 22-17, 15x22, 25x18, 8-12, 32-27, 16-19, 24x15x8, 4x11, 18-14, 3-8, 31-26, 6-9, 28-24, 9x18, 27-23, 18x27, 30-25, 5-9, 26-23, 7-10, 24-20, 2-6, 17-13, 12-16, 23-18, 11-15, 20x11x4, 15x22, 25x18, 27-31, 18-14, 10x17, 21x14x5, 31-26, 13-9, 6x13, 4-8, 26-31, 8-11, 31-27, 5-1, 27-23, 11-7, 23-18, 1-6, 18-23, 6-9, 13-17, 7-2, 17-21, 9-13, 23-26, 13-17, 26-31, 2-6, 31-27, 6-2, 21-25, 29x22, 27-23, 22-18, 23x14x21, 2-7, 21-25, 7-11, 25-30, 11-7, 30-25"
425,1,425,0,1,"10-14, 23-18, 14x23, 26x19, 9-13, 21-17, 5-9, 27-23, 6-10, 30-26, 10-14, 17x10, 7x14, 24-20, 12-16, 19x12, 2-7, 22-18, 13-17, 25-21, 11-15, 18x11x2, 8-11, 2-6, 1x10, 29-25, 11-16, 20x11, 4-8, 11x4, 9-13, 28-24, 3-8, 12x3, 17-22, 26x17, 13x22x29, 23-19, 10-15, 19x10, 29-25, 3-8, 14-17, 21x14, 25-22, 14-9, 22-17, 8-12, 17-22, 24-20, 22-26, 31x22"
426,1,426,0,1,"9-14, 21-17, 14x21, 23-18, 12-16, 18-14, 10x17, 22x13, 11-15, 24-20, 15-19, 20x11, 7x16, 27-24, 5-9, 24x15, 16-20, 26-22, 8-11, 15x8, 4x11, 22-17, 20-24, 28x19, 11-15, 19x10, 6x15, 13x6, 1x10, 32-28, 2-7, 31-26, 3-8, 28-24, 8-12, 26-23, 7-11, 17-13, 10-14, 23-18, 14x23, 24-20, 12-16, 25-22, 15-19, 22-18, 23-27, 18-14, 21-25, 30x21, 11-15, 20x11, 15-18, 11-7, 27-32, 21-17, 18-22, 14-9, 19-23, 7-2, 23-27, 9-5, 27-31, 2-7, 32-28, 7-10, 31-27, 13-9, 22-25, 29x22, 27-24, 17-14, 24-27, 10-15, 28-32, 14-10, 27-23, 5-1, 32-27, 9-5, 23-26, 15-19, 26x17, 19-24, 27x20, 1-6, 17-13, 5-1, 13-9, 6x13, 20-16, 10-6, 16-19, 13-17, 19-16, 17-21, 16-11, 6-2, 11-15, 21-25, 15-18, 25-29, 18-14, 1-6, 14-17, 6-9, 17-14, 9x18"
427,1,427,0,1,"9-14, 24-19, 11-15, 22-18, 15x24, 28x19, 14-17, 21x14, 10x17, 19-15, 8-11, 15x8, 4x11, 27-24, 11-15, 18x11, 7x16, 26-22, 17x26, 31x22, 3-8, 24-20, 16-19, 23x16, 12x19, 32-28, 6-10, 20-16, 19-23, 22-17, 10-14, 17x10, 2-7, 10x3x12, 1-6, 28-24, 23-26, 30x23, 5-9, 24-19, 9-13, 25-21, 13-17, 21x14, 6-9, 14x5"
428,1,428,0,1,"10-14, 23-19, 14-17, 21x14, 9x18, 22x15, 11x18, 24-20, 7-11, 26-22, 6-10, 22x15x6, 1x10, 25-22, 12-16, 19x12, 2-6, 22-18, 5-9, 29-25, 10-14, 28-24, 14x23, 27x18, 3-7, 12x3x10x1, 4-8, 31-27, 11-15, 18x11x4, 9-13, 30-26, 13-17, 25-22, 17-21, 24-19, 21-25, 1-6, 25-30, 26-23, 30-25, 6-10, 25x18, 23x14"
429,1,429,0,1,"10-15, 24-19, 15x24, 28x19, 11-15, 19x10, 6x15, 22-17, 7-11, 27-24, 15-19, 23x16x7, 2x11, 32-27, 1-6, 27-23, 12-16, 24-19, 3-7, 19x12x3x10x1, 4-8, 1-6, 9-14, 17x10, 11-15, 6-9, 5x14, 10-7, 14-18, 23x14, 15-18, 26-23, 18x27, 31x24, 8-11, 24-19, 11-15, 19x10"
430,1,430,0,1,"10-15, 22-17, 15-19, 24x15, 11x18, 23x14, 9x18, 17-14, 7-11, 14-10, 6x15, 27-23, 18x27, 31x24, 1-6, 26-22, 5-9, 24-19, 15x24, 28x19, 9-13, 32-28, 12-16, 19x12, 11-15, 21-17, 3-7, 12x3x10x1, 15-19, 1-5, 19-24, 28x19, 2-6, 25-21, 6-9, 5x14, 4-8, 22-18, 13x22, 19-15, 22-25, 29x22, 8-11, 15x8"
431,1,431,0,0,"9-14, 23-18, 14x23, 26x19, 6-9, 31-26, 9-13, 19-15, 10x19, 24x15, 11x18, 22x15, 13-17, 21x14, 2-6, 26-22, 12-16, 14-10, 7x14, 22-18, 14x23, 27x18, 5-9, 25-21, 6-10, 15x6, 1x10, 21-17, 9-13, 29-25, 13x22x29, 32-27, 8-11, 30-25, 29x22x15, 27-23, 4-8, 23-18, 15x22, 28-24, 16-20, 24-19, 11-16, 19x12, 20-24"
432,1,432,1,0,"10-15, 22-18, 15x22, 26x17, 9-14, 17x10, 6x15, 24-19, 15x24, 27x20, 2-6, 32-27, 6-9, 25-22, 9-14, 23-18, 14x23x32, 21-17, 11-15, 31-27, 32x23, 30-25, 12-16, 20x11x2, 15-18, 22x15, 23-19, 2-6, 19x10, 6x15, 5-9, 15-11, 8x15, 17-13, 1-5, 13x6, 3-7, 25-21, 7-10, 29-25, 15-19, 28-24, 19x28, 25-22, 10-15, 22-18, 15x22, 6-1, 22-25, 1-6, 25-29, 21-17, 29-25, 17-14, 4-8, 14-9, 5x14, 6-10, 14-18, 10-6, 8-12, 6-2, 25-22, 2-7, 22-26, 7-2, 12-16, 2-6, 26-30, 6-10, 18-23, 10-7, 28-32, 7-10, 30-26, 10-15, 16-20, 15-11, 26-22, 11-7, 22-17, 7-3, 32-27, 3-8, 17-14, 8-4, 14-9, 4-8, 9-5, 8-3, 5-1, 3-7, 1-6, 7-10, 6x15"
433,1,433,0,1,"11-15, 23-18, 7-11, 22-17, 15x22, 25x18, 12-16, 18-14, 9x18, 29-25, 6-9, 26-23, 9-14, 30-26, 2-7, 26-22, 8-12, 22x15x6, 1x10, 24-20, 11-15, 20x11x2, 3-8, 2-6, 5-9, 6x13, 8-11, 13-9, 15-19, 23x16x7, 10-15, 9x18x11, 12-16, 11x20, 4-8, 17-13, 8-12, 27-24, 12-16, 20x11"
434,1,434,0,1,"9-14, 22-18, 14-17, 21x14, 10x17, 25-22, 17-21, 24-20, 21-25, 30x21, 11-15, 18x11, 7x16, 20x11, 8x15, 27-24, 15-18, 23x14, 6-10, 14x7, 3x10, 22-17, 4-8, 26-23, 10-15, 31-26, 15-19, 24x15, 2-7, 17-13, 1-6, 23-19, 8-11, 15x8, 5-9, 32-27, 7-11, 27-24, 11-15, 19x10x1, 9-14, 8-3, 14-18, 29-25, 18-23, 26x19, 12-16, 19x12"
435,1,435,0,1,"12-16, 23-18, 9-14, 18x9, 5x14, 22-18, 14x23, 26x19x12, 10-14, 31-26, 6-9, 26-23, 2-6, 30-26, 14-17, 21x14x5, 6-10, 26-22, 10-15, 23-19, 1-6, 19x10x1, 11-15, 24-20, 8-11, 22-17, 11-16, 20x11x2, 3-7, 2x11x18, 4-8, 12x3"
436,1,436,0,1,"11-16, 21-17, 8-11, 25-21, 16-20, 29-25, 4-8, 23-18, 11-15, 18x11x4, 9-14, 24-19, 5-9, 19-16, 12x19, 26-23, 19x26, 30x23, 3-8, 4x11, 7x16, 31-26, 10-15, 17x10, 20-24, 28x19x12, 15-19, 23x16, 6x15, 12-8, 9-13, 22-18, 15x22x31x24, 32-28, 1-6, 28x19, 13-17, 21x14, 6-9, 14x5, 2-7, 19-15, 7-10, 15x6"
437,1,437,0,0,"11-15, 22-17, 12-16, 24-19, 15x24, 28x19x12, 10-15, 17-14, 9x18, 23x14, 8-11, 14-10, 7x14, 26-22, 14-18, 30-26, 6-10, 32-28, 3-7, 21-17, 2-6, 28-24, 10-14, 17x10x3, 6-10, 27-23, 18x27, 26-23, 11-16, 25-21, 27-32, 24-20, 1-6, 20x11, 32-28, 31-26, 6-9, 3-7, 28-32, 7x14, 9x18x25, 29x22, 32-28, 21-17, 15-18, 23x14, 4-8, 11x4, 28-32, 12-8, 32-28, 14-10, 28-24, 26-23, 24-28, 17-14, 28-24, 10-6, 24-27, 8-3, 27x18x25, 6-2, 25-22, 2-7, 22-17, 7-10, 17-22, 10-15, 22-26, 15-10, 26-22"
438,1,438,0,1,"12-16, 22-17, 9-13, 23-18, 13x22, 26x17, 16-19, 24x15, 10x19, 17-14, 19-24, 28x19, 5-9, 14x5, 6-10, 25-22, 11-16, 19x12, 8-11, 12-8, 3x12, 27-23, 10-15, 18-14, 15-18, 22x15x8, 4x11, 14-9, 1-6, 5-1, 6x13, 32-27, 7-10, 31-26, 13-17, 21x14x7, 11-15, 1-6, 2x11, 6-1, 15-18, 23x14, 12-16, 1-6, 11-15, 14-10, 15-18, 26-23, 18-22, 30-25, 16-20, 25x18, 20-24, 27x20"
439,1,439,1,0,"12-16, 22-17, 10-15, 24-19, 15x24, 27x20, 6-10, 32-27, 10-14, 17x10, 7x14, 28-24, 9-13, 23-19, 16x23x32, 26-23, 32-27, 24-19, 27x18, 20-16, 11x20, 19-16, 18-15, 21-17, 14x21, 31-26, 15-10, 16-11, 8x15, 26-22, 13-17, 22x13, 10-6, 30-26, 21x30x23, 29-25, 3-7, 25-21, 15-18, 13-9, 5x14, 21-17, 14x21"
440,1,440,1,0,"10-15, 23-18, 11-16, 18x11, 8x15, 24-19, 16x23, 27x18x11, 7x16, 28-24, 3-7, 21-17, 6-10, 17-14, 9x18, 22x15x6, 1x10, 24-19, 16x23, 26x19, 4-8, 25-21, 5-9, 21-17, 2-6, 19-16, 12x19, 32-27, 10-15, 27-24, 19x28, 17-13, 9-14, 29-25, 14-18, 25-21, 8-12, 13-9, 6x13, 31-27, 12-16, 27-24, 16-20, 30-26, 20x27, 26-22, 18x25, 21-17, 13x22"
441,1,441,0,1,"9-14, 23-19, 10-15, 19x10, 6x15, 22-18, 15x22, 26x17x10, 7x14, 27-23, 5-9, 24-19, 12-16, 19x12, 14-18, 23x14x5, 2-7, 21-17, 1-6, 17-13, 11-15, 5-1, 7-10, 32-27, 3-7, 12x3, 4-8, 3x12, 6-9, 13x6, 7-11, 12-8, 15-19, 8x15x24, 10-15, 27-23, 15-19, 24x15"
442,1,442,0,0,"11-15, 24-19, 15x24, 27x20, 9-14, 32-27, 12-16, 20x11, 7x16, 22-18, 6-9, 23-19, 16x23x32, 31-27, 14x23, 26x19, 32x23x16, 25-22, 16-11, 28-24, 2-6, 29-25, 11-15, 22-17, 15-11, 17-13, 11-16, 24-20, 8-12, 20x11, 12-16, 11-7, 9-14, 13-9, 6x13, 7-2, 14-18, 30-26, 13-17, 21x14x7, 3x10, 2-7, 16-20, 7x14x23, 1-6, 23-18, 20-24, 26-22, 24-28, 18-23, 6-9, 23-19, 9-14, 19-24, 5-9, 22-18, 14x23, 24-27, 23x32, 25-22, 9-13, 22-18, 4-8, 18-14, 32-27, 14-10, 8-12, 10-7, 28-32, 7-2, 27-31, 2-7, 12-16, 7-2, 16-19, 2-7, 13-17, 7-2, 31-27, 2-7, 27-23, 7-3, 17-21, 3-7, 23-26, 7-3, 19-23, 3-8, 26-22, 8-12, 22-18, 12-8, 21-25, 8-3, 23-27, 3-7, 18-22, 7-10, 25-29, 10-7, 32-28, 7-2, 27-32, 2-7, 32-27"
443,1,443,0,0,"10-15, 23-18, 9-13, 26-23, 12-16, 30-26, 16-19, 23x16, 11x20, 18x11, 7x16, 26-23, 3-7, 22-17, 13x22, 25x18, 7-11, 18-14, 16-19, 24x15, 11x18, 28-24, 6-10, 14x7, 2x11, 23x14, 1-6, 27-23, 20x27, 31x24, 5-9, 14x5, 8-12, 24-20, 11-16, 20x11, 4-8, 11x4, 12-16, 32-27, 6-9, 4-8, 9-13, 21-17, 13x22, 23-19, 16x23x32, 8-3, 32-28, 3-7, 28-24, 5-1, 24-28, 1-6, 28-32, 7-3, 32-28, 6-1"
444,1,444,0,0,"10-14, 24-20, 9-13, 23-19, 11-16, 20x11, 7x16x23, 26x19, 14-17, 21x14, 6-10, 14x7, 3x10, 30-26, 5-9, 25-21, 9-14, 28-24, 2-7, 27-23, 1-5, 32-28, 14-18, 23x14, 10x17, 21x14, 12-16, 19x12x3x10, 4-8, 31-27, 8-11, 14-9, 5x14, 10x17, 11-15, 29-25, 15-19, 24x15"
445,1,445,0,0,"9-13, 24-20, 11-16, 20x11, 7x16, 22-18, 6-9, 21-17, 13x22, 26x17, 2-7, 17-14, 10x17, 18-14, 9x18, 23x14, 1-6, 25-21, 8-11, 30-25, 3-8, 27-23, 6-10, 32-27, 5-9, 14x5, 10-14, 25-22, 17x26, 31x22, 14-17, 22x13, 16-19, 23x16, 11x20, 13-9, 12-16, 28-24, 7-10, 29-25, 8-12, 5-1, 10-15, 27-23, 20x27, 23-19, 15x24, 9-6, 4-8, 6-2, 8-11, 25-22, 24-28, 22-17, 27-31, 1-6, 16-19, 2-7, 12-16, 7-10, 31-26, 6-9, 26-31, 17-14, 31-26, 9-13, 19-24, 21-17, 26-22, 10-6, 16-19, 13-9, 22x13, 6-2, 13x6, 2x9, 11-15, 9-5, 28-32, 5-9, 32-28"
446,1,446,1,0,"10-15, 24-20, 6-10, 28-24, 10-14, 20-16, 11x20, 22-18, 15x22, 26x17x10, 7x14, 31-26, 1-6, 23-19, 9-13, 27-23, 20x27, 32-28, 5-9, 23-18, 14x23, 21-17, 13x22x31, 28-24, 27-32, 30-26, 23x30x21, 24-20, 9-13, 19-15, 31-27, 29-25, 21x30, 20-16, 12x19, 15-11, 8x15"
447,1,447,1,0,"11-16, 23-19, 16x23, 27x18, 10-14, 22-17, 14x23, 26x19, 9-14, 17x10, 6x15, 19x10, 7x14, 24-19, 2-7, 25-22, 1-6, 31-26, 8-11, 19-15, 11x18x25, 29x22, 12-16, 32-27, 7-11, 27-23, 4-8, 22-18, 11-15, 18x9x2, 15-18, 23x14, 8-11, 28-24, 16-20, 26-22, 20x27, 30-26, 11-16, 2-7, 3x10x17, 22x13, 16-19, 13-9, 5x14, 21-17, 14x21, 26-22, 21-25, 22-17, 27-31, 17-14, 25-30, 14-9, 30-26, 9-6, 19-23, 6-2, 23-27, 2-6, 26-22, 6-1, 22-17, 1-5, 17-21, 5-1, 27-32, 1-5, 31-26, 5-9, 32-27, 9-13, 26-30, 13-9, 21-17, 9-5, 17-14, 5-9, 14x5"
448,1,448,0,0,"11-15, 24-20, 8-11, 27-24, 10-14, 32-27, 15-18, 22x15x8, 4x11, 23-18, 14x23x32, 31-27, 32x23, 26x19, 11-15, 19x10, 7x14, 20-16, 12x19, 24x15, 6-10, 15x6, 1x10, 28-24, 2-6, 25-22, 3-7, 24-19, 14-17, 22x13, 9-14, 21-17, 14x21, 19-15, 10x19, 30-26, 6-9, 13x6, 19-23, 26x19, 7-10, 6-2, 10-15, 19x10, 5-9, 10-6, 21-25, 29x22, 9-14, 22-18, 14x23, 6-1, 23-26, 1-5, 26-31, 5-9, 31-26, 9-5"
449,1,449,1,0,"9-14, 22-17, 11-15, 24-19, 15x24, 28x19, 6-9, 19-15, 10x19, 17x10, 7x14, 23x16, 12x19, 25-22, 1-6, 32-28, 14-18, 22x15, 8-11, 15x8, 4x11, 21-17, 11-16, 27-23, 9-13, 28-24, 19x28, 30-25, 13x22, 25x18, 28-32, 29-25, 3-7, 26-22, 7-10, 18-15, 10x19x26, 25-21, 2-7, 21-17, 26-30, 22-18, 6-9, 17-14, 16-19, 14-10, 7x14x23, 31-27, 23-26, 27-23, 26-31, 23x16, 32-28, 16-11, 9-14, 11-7, 28-32, 7-2, 31-27, 2-6, 30-25, 6-2, 25-21, 2-6, 21-17, 6-1, 17-13, 1-6, 32-28, 6-10, 28-24, 10x17, 13x22"
450,1,450,0,0,"9-13, 24-20, 11-15, 23-18, 6-9, 18x11, 7x16, 20x11, 8x15, 21-17, 2-7, 25-21, 3-8, 27-23, 12-16, 31-27, 8-11, 27-24, 9-14, 24-19, 15x24, 28x19x12, 4-8, 12x3, 11-15, 23-18, 14x23, 26x19, 15x24, 30-25, 10-14, 17x10, 7x14, 3-7, 13-17, 22x13, 24-28, 7-11, 1-6, 21-17, 14x21x30, 11-15, 30-26, 32-27, 6-9, 13x6, 5-9, 15-19, 9-13, 27-24, 13-17, 29-25, 26-23, 19x26, 17-21, 26-22, 21x30, 6-1, 30-26, 22x31, 28-32, 31-27, 32x23, 24-19, 23x16, 1-5, 16-20, 5-1, 20-16"
451,1,451,0,1,"10-15, 23-19, 9-14, 19x10, 6x15, 27-23, 14-17, 22x13, 7-10, 25-22, 12-16, 30-25, 15-18, 23x14x7, 3x10, 26-23, 1-6, 24-19, 10-15, 19x12x3, 6-10, 3-8, 5-9, 13x6, 2x9, 23-18, 15-19, 8x15x6x13, 4-8, 21-17, 19-23, 28-24, 23-27, 32x23, 8-12, 31-27, 12-16, 25-21, 16-19, 23x16"
452,1,452,0,1,"12-16, 24-20, 11-15, 20x11, 7x16, 28-24, 9-13, 32-28, 2-7, 24-20, 15-19, 20x11x2x9, 5x14, 23x16, 3-7, 26-23, 8-11, 28-24, 11x20, 24-19, 14-17, 21x14, 10x17x26, 31x22, 1-6, 22-18, 20-24, 27x20, 6-10, 25-22, 4-8, 22-17, 13x22, 18-15, 8-11, 15x6, 11-16, 20x11x2, 22-25, 30x21"
453,1,453,0,1,"9-13, 24-20, 11-15, 27-24, 7-11, 20-16, 11x20x27, 31x24, 13-17, 21x14x7, 3x10, 24-20, 15-19, 23x16, 12x19, 28-24, 19x28, 32-27, 8-11, 25-21, 4-8, 26-23, 2-7, 22-18, 28-32, 18-15, 11x18, 23x14, 32x23, 20-16, 10x17, 21x14, 8-11, 16-12, 6-10, 30-26, 10x17, 26x19, 1-6, 12-8, 11-15, 19x10x3, 6-9, 3-7, 17-22, 8-3, 22-26, 7-2, 26-31, 29-25, 9-13, 3-8, 13-17, 8-11, 31-27, 11-7, 17-22, 25x18, 27-23, 2-6, 23x14, 7-3, 14-10, 6x15, 5-9, 15-18, 9-13, 18-23, 13-17, 23-26, 17-22, 26x17"
454,1,454,0,0,"9-14, 23-18, 14x23, 27x18, 10-15, 24-20, 15-19, 31-27, 19-24, 28x19, 11-16, 20x11, 8x15x24x31, 22-17, 31x22x13, 18-14, 3-8, 21-17, 13x22, 25x18, 5-9, 14x5, 6-9, 29-25, 12-16, 30-26, 2-6, 32-27, 7-11, 25-22, 11-15, 18x11, 8x15, 27-23, 16-20, 23-18, 20-24, 18x11, 24-28, 11-7, 6-10, 7-3, 4-8, 3x12, 9-14, 22-18, 14x23x30, 12-16, 28-32, 16-11, 1-6, 11-7, 10-14, 7-2, 32-27, 2x9x18, 30-26, 18-15, 27-31, 15-10, 26-22, 10-7, 22-17, 7-10, 17-21, 10-15, 21-25, 5-1, 31-27, 15-19, 27-32, 19-24, 25-21, 24-20, 21-25, 1-5, 32-27, 20-24, 27x20, 5-1, 25-21, 1-6, 20-16, 6-10, 16-20, 10-14, 20-16, 14-10"
455,1,455,0,0,"12-16, 21-17, 9-13, 17-14, 10x17, 24-19, 6-10, 19x12, 10-14, 23-19, 1-6, 26-23, 17x26, 31x22, 7-10, 30-26, 14-18, 23x14x7, 3x10, 12x3, 13-17, 22x13, 5-9, 25-22, 11-16, 19x12, 9-14, 22-18, 14x23x30, 27-23, 2-7, 3-8, 4x11, 32-27, 30-25, 29x22, 10-14, 23-19, 6-10, 27-23, 11-15, 19-16, 14-17, 28-24, 17x26, 24-19, 15x24, 16-11, 7x16, 23-18, 24-27, 12-8, 26-31, 18-15, 10x19, 8-4, 19-24, 4-8, 24-28, 8-3, 16-19, 3-7, 19-23, 7-10, 23-26, 13-9, 28-32, 10-6, 32-28, 6-2, 27-32, 9-6, 26-30, 2-7, 31-26, 7-11, 26-23, 11-15, 23-19, 15x24, 28x19, 6-1, 19-15, 1-6, 15-18, 6-1, 18-23"
456,1,456,1,0,"11-16, 24-19, 16-20, 22-17, 10-14, 17x10, 7x14, 28-24, 9-13, 26-22, 5-9, 21-17, 14x21, 32-28, 2-7, 31-26, 1-5, 22-18, 12-16, 19x12, 6-10, 18-15, 10x19, 23x16, 8-11, 24-19, 9-14, 26-22, 5-9, 27-24, 20x27, 28-24, 11x20, 30-26, 21x30x23x16, 24-19, 16x23, 29-25, 14-17, 22-18, 23x14, 25-22, 17x26, 12-8, 3x12"
457,1,457,0,0,"10-15, 24-20, 15-18, 23x14, 9x18, 22x15, 11x18, 21-17, 8-11, 25-22, 18x25, 29x22, 11-16, 20x11, 7x16, 26-23, 16-19, 23x16, 12x19, 17-14, 19-24, 28x19, 4-8, 22-17, 6-9, 27-24, 9x18, 31-26, 8-11, 32-28, 1-6, 19-16, 11x20x27, 17-14, 5-9, 14x5, 2-7, 26-22, 18x25, 30x21, 6-9, 21-17, 3-8, 17-14, 9x18, 5-1, 27-32, 1-6, 32-27, 6-2, 27-24, 2x11x4, 18-22, 28x19, 22-26, 4-8, 26-30, 8-11, 30-26, 11-16, 26-22, 16-20, 22-25, 19-15, 25-30, 15-10, 30-25, 20-24, 25-29, 24-20, 29-25"
458,1,458,0,1,"12-16, 23-18, 9-14, 18x9, 6x13, 21-17, 1-6, 24-20, 16-19, 26-23, 19x26, 30x23, 11-16, 20x11, 8x15, 23-19, 15x24, 28x19, 10-15, 19x10x1, 7-10, 22-18, 13x22, 25-21, 2-7, 27-23, 5-9, 1-5, 9-14, 18x9, 4-8, 23-18, 7-11, 31-27, 11-16, 32-28, 3-7, 21-17, 16-20, 17-14, 10x17, 27-23, 22-26, 9-6, 8-12, 18-14, 26-30, 14-9, 7-11, 23-18, 30-25, 29x22x13, 11-15, 18x11, 12-16, 11-8, 20-24, 28x19x12"
459,1,459,0,0,"10-15, 24-19, 15x24, 28x19, 9-14, 19-16, 11x20, 23-18, 14x23, 27x18, 6-10, 32-27, 20-24, 27x20, 8-11, 20-16, 12x19, 26-23, 19x26, 30x23, 4-8, 31-27, 11-16, 21-17, 10-15, 18x11x4, 16-19, 23x16, 7-11, 16x7, 3x10, 25-21, 1-6, 17-13, 5-9, 27-24, 9-14, 29-25, 6-9, 13x6, 2x9, 22-18, 14x23, 24-19, 23-26, 19-16, 9-13, 21-17, 13x22x29, 4-8, 26-30, 16-11, 29-25, 11-7, 10-15, 7-2, 25-29, 8-11, 15-19, 2-6, 30-25, 11-7, 25-22, 6-2, 22-26, 7-3, 26-22, 3-7"
460,1,460,0,0,"12-16, 21-17, 16-20, 24-19, 8-12, 23-18, 3-8, 27-24, 20x27, 31x24, 9-14, 18x9, 5x14x21, 19-16, 12x19, 24x15, 10x19, 26-23, 19x26, 30x23, 21x30, 23-19, 11-15, 19x10x3x12, 6-10, 12-16, 2-7, 16-20, 1-5, 22-17, 7-11, 20-16, 11x20, 28-24, 20x27, 32x23, 4-8, 17-14, 10x17, 23-19, 5-9, 19-15, 17-21, 29-25, 9-13, 15-10, 8-12, 10-6, 12-16, 6-1, 13-17, 1-5, 17-22, 25x18, 21-25, 5-1, 25-29, 1-6, 16-20, 6-9, 20-24, 18-14, 24-28, 14-10, 30-26, 10-7, 26-30, 9-6, 30-26, 7-2, 28-32, 6-10, 26-31, 10-7, 31-27, 7-10, 32-28, 10-15, 28-24, 15-19, 24x15, 2-7, 27-23, 7-2, 29-25, 2-7, 23-27"
461,1,461,1,0,"11-15, 23-18, 15-19, 24x15, 10x19, 18-15, 7-10, 28-24, 19x28, 27-24, 10x19, 24x15, 9-14, 31-27, 8-11, 15x8, 4x11, 21-17, 14x21, 27-24, 11-16, 26-23, 5-9, 23-18, 6-10, 30-26, 21x30x23x14, 22-18, 14x23, 24-19, 3-7, 32-27, 23x32, 29-25, 16x23, 25-21, 12-16, 21-17, 1-5, 17-14, 9x18"
462,1,462,0,0,"9-13, 23-18, 5-9, 21-17, 1-5, 25-21, 10-15, 27-23, 6-10, 32-27, 2-6, 24-19, 15x24, 27x20, 9-14, 18x9x2, 11-15, 2x11x18, 10-15, 18x11, 8x15, 29-25, 15-18, 22x15, 13x22x29, 26-22, 4-8, 15-10, 29-25, 28-24, 25x18x27, 20-16, 27x20x11, 30-25, 11-15, 31-27, 15x6, 27-23, 6-2, 25-22, 3-7, 22-17, 2-6, 17-13, 6-9, 13x6, 7-10, 6-2, 10-15, 23-18, 15x22, 21-17, 22-25, 17-13, 12-16, 2-7, 25-29, 7-2, 5-9, 13x6, 8-12, 2-7, 16-20, 7-2, 12-16, 2-7, 16-19, 7-10, 20-24, 6-2, 19-23, 2-7, 24-28, 7-11, 29-25, 11-7, 25-22, 7-2, 28-32, 10-14, 22-25, 14-17, 25-21, 17-22, 23-26, 22x31, 32-27, 31x24, 21-25, 24-19, 25-29, 2-6, 29-25, 6-10, 25-29, 19-24, 29-25, 24-28, 25-29, 28-24"
463,1,463,1,0,"9-13, 24-20, 10-15, 20-16, 11x20, 22-18, 15x22, 25x18, 5-9, 28-24, 7-11, 26-22, 1-5, 23-19, 12-16, 19x12, 11-15, 18x11, 8x15, 27-23, 20x27, 31x24, 9-14, 21-17, 14x21, 23-18, 3-7, 18x11, 7x16, 30-26, 16-20, 32-27, 6-9, 22-17, 13x22x31, 24-19, 31x24x15, 29-25, 21x30, 12-8, 4x11"
464,1,464,1,0,"10-15, 23-19, 9-14, 19x10, 6x15, 22-17, 12-16, 17x10, 7x14, 21-17, 14x21, 25-22, 15-19, 24x15, 11x18x25, 29x22, 2-7, 22-18, 8-11, 27-23, 1-6, 18-15, 11x18x27, 32x23, 21-25, 30x21, 4-8, 21-17, 6-10, 17-14, 10x17, 23-18, 7-10, 18-14, 17-21, 14x7, 3x10, 31-27, 8-11, 28-24, 10-15, 24-19, 16x23x30, 27-23, 5-9, 23-19, 15x24"
465,1,465,1,0,"10-14, 22-18, 7-10, 21-17, 14x21, 25-22, 9-14, 18x9, 6x13, 29-25, 2-6, 23-18, 6-9, 24-20, 10-15, 26-23, 1-6, 22-17, 13x22x29, 28-24, 15x22, 31-26, 22x31, 23-18, 31-26, 30x23, 11-16, 20x11, 8x15x22, 24-20, 6-10, 23-19, 21-25, 27-24, 3-8, 20-16, 10-14, 32-28, 14-17, 19-15, 12x19, 24-20, 9-13, 28-24, 19x28, 15-10, 17-21, 10-7, 8-12, 7-2, 25-30, 2-6, 30-25, 6-9, 5x14, 20-16, 12x19"
466,1,466,0,1,"9-13, 24-20, 10-14, 23-19, 5-9, 28-24, 11-16, 20x11, 8x15, 19x10, 6x15, 32-28, 14-18, 27-23, 18x27, 24-20, 15-18, 22x15, 7-10, 15x6, 1x10, 31x24, 2-7, 21-17, 13x22x31, 25-21, 31-26, 30x23, 12-16, 20x11x2, 4-8, 2-6, 8-12, 6x13, 10-14, 23-18, 14x23, 29-25, 12-16, 21-17, 16-19, 24x15, 23-26, 13-9, 3-8, 25-21, 26-31, 15-11, 8x15, 17-14, 15-19, 21-17, 31-26, 14-10, 26-30, 9-14, 19-24, 28x19, 30-26, 14-9, 26-30, 9-13, 30-26, 19-16, 26-31, 10-7, 31-26, 7-3, 26-23, 3-8, 23-18, 17-14, 18x9, 13x6"
467,1,467,0,0,"12-16, 21-17, 10-14, 17x10, 7x14, 24-19, 3-7, 19x12x3x10x17, 4-8, 17-13, 11-16, 27-24, 9-14, 13-17, 14x21, 24-20, 6-10, 20x11x4, 1-6, 32-27, 5-9, 23-18, 2-7, 4-8, 7-11, 8x15, 10x19, 18-14, 9x18, 22x15, 6-9, 27-24, 9-13, 31-27, 13-17, 24-20, 19-23, 27x18, 17-22, 26x17"
468,1,468,0,1,"11-15, 22-17, 8-11, 24-19, 15x24, 27x20, 9-13, 23-19, 13x22, 25x18, 12-16, 19x12, 5-9, 20-16, 11x20, 18-14, 10x17, 21x14x5, 7-10, 26-22, 3-7, 22-18, 20-24, 28x19, 10-14, 18x9, 6x13, 29-25, 13-17, 25-21, 2-6, 21x14, 4-8, 12x3x10, 6x15x24, 32-27, 1-6, 27x20, 6-9, 30-26, 9x18, 26-23, 18x27, 31x24"
469,1,469,1,0,"9-14, 24-20, 10-15, 20-16, 11x20, 23-18, 14x23, 27x18x11, 7x16, 31-27, 2-7, 26-23, 6-9, 28-24, 16-19, 23x16, 12x19x28, 22-17, 7-10, 30-26, 8-11, 26-23, 11-15, 23-19, 15x24x31, 17-13, 3-8, 13x6, 10-15, 25-22, 1x10, 29-25, 20-24, 32-27, 5-9, 27x20, 31-26, 22-18, 15x22x29, 21-17, 8-12, 17-14, 10x17, 20-16, 12x19"
470,1,470,1,0,"12-16, 23-19, 16x23, 26x19, 9-14, 27-23, 14-17, 21x14, 10x17x26, 31x22, 6-9, 25-21, 9-14, 23-18, 14x23, 22-17, 1-6, 32-27, 23x32, 30-25, 6-9, 19-16, 11x20x27, 17-13, 8-11, 13x6, 2x9, 25-22, 27-31, 28-24, 3-8, 21-17, 9-13, 29-25, 8-12, 25-21, 31-27, 24-20, 7-10, 20-16, 11x20, 22-18, 13x22, 18-14, 10x17, 21x14, 4-8, 14-9, 5x14"
471,1,471,0,0,"11-15, 23-18, 12-16, 18x11, 8x15, 24-20, 10-14, 20x11, 7x16, 26-23, 14-18, 23x14, 9x18, 28-24, 5-9, 32-28, 16-19, 21-17, 6-10, 27-23, 18x27, 17-14, 9x18, 25-21, 18x25, 29x22, 27-32, 30-26, 1-5, 26-23, 19x26, 24-19, 15x24, 28x19, 32-28, 19-15, 10x19, 22-17, 26-30, 17-13, 2-7, 31-27, 5-9, 13x6, 19-24, 27x20, 3-8, 6-2, 28-24, 2x11, 8x15, 20-16, 30-26, 16-11, 24-28, 11-7, 28-32, 21-17, 32-28, 7-3, 4-8, 3x12, 26-31, 17-14, 28-32, 12-16, 32-28, 14-10, 31-27, 16-20, 15-18, 10-6, 27-23, 6-1, 28-32, 20-24, 23-27, 24x31, 18-22, 31-27, 32x23, 1-6, 23-18, 6-1, 18-15, 1-5, 15-11, 5-9, 11-15, 9-6"
472,1,472,0,0,"9-13, 22-18, 11-15, 18x11, 7x16, 24-20, 5-9, 20x11, 8x15, 23-19, 15x24, 28x19, 2-7, 27-23, 3-8, 25-22, 13-17, 21x14x5, 10-14, 22-17, 14x21, 23-18, 6-10, 26-23, 12-16, 19x12x3, 7-11, 32-27, 10-15, 30-26, 15x22, 26x17, 11-15, 27-24, 15-18, 23x14, 21-25, 29x22, 4-8, 3x12, 1-6, 14-9, 6x13, 24-20"
473,1,473,1,0,"10-14, 22-18, 6-10, 24-20, 2-6, 26-22, 11-16, 20x11x2, 14-17, 22x13, 8-11, 23-19, 11-16, 19-15, 10x19, 18-14, 9x18, 2x9, 5x14, 31-26, 19-24, 28x19, 16x23, 26x19, 3-8, 21-17, 14x21, 27-24, 1-5, 19-16, 12x19x28, 13-9, 5x14, 32-27, 14-17, 27-23, 18x27, 30-26, 21x30x23, 29-25, 27-31, 25-22, 17x26"
474,1,474,0,0,"11-15, 21-17, 15-18, 23x14, 9x18, 22x15, 10x19, 24x15, 6-10, 15x6, 2x9, 27-24, 12-16, 25-21, 8-11, 31-27, 7-10, 17-14, 10x17, 21x14, 9x18, 24-19, 16x23, 26x19, 3-7, 29-25, 4-8, 19-15, 18-23, 27x18, 11-16, 18-14, 7-10, 14x7, 16-20, 7-3, 8-11, 15x8, 5-9, 8-4, 20-24, 28x19, 1-6, 4-8, 9-13, 8-12, 6-9, 12-8, 13-17, 25-22, 17x26, 30x23, 9-13, 32-28, 13-17, 28-24, 17-22, 19-16, 22-25, 8-4, 25-29, 16-12, 29-25, 23-19, 25-22, 24-20, 22-18, 4-8, 18-14, 8-4, 14-9, 20-16, 9-6, 3-7, 6-9, 7-10, 9-5, 4-8, 5-1, 10-7, 1-5, 8-3, 5-1, 19-15, 1-5, 15-11, 5-9, 7-2, 9-14, 3-8, 14-17, 11-7, 17-22, 7-3, 22-26, 3-7, 26-31, 7-11, 31-27, 2-7, 27-31, 8-4, 31-26, 12-8, 26-23, 8-3, 23-26, 16-12, 26-23, 3-8"
475,1,475,0,0,"12-16, 24-20, 16-19, 23x16, 8-12, 21-17, 12x19, 28-24, 19x28, 27-23, 4-8, 31-27, 11-16, 20x11x4, 9-14, 4-8, 14x21, 23-18, 3x12, 26-23, 12-16, 27-24, 16-19, 24x15, 10x19x26, 30x23, 21x30, 29-25, 30x21, 18-15, 6-9, 32-27, 7-11, 15x8, 9-13, 23-18, 5-9, 8-3, 21-17, 18-14, 17x26, 14x5, 26-22, 3-8, 13-17, 8-11, 17-21, 11-15, 21-25, 27-24, 22-26, 24-20, 25-30, 15-18, 26-31, 18-14, 1-6, 5-1, 2-7, 1x10x3, 30-26, 14-10, 26-23, 10-6, 23-18, 6-2, 18-14, 3-7, 14-10, 7x14, 28-32, 14-17, 32-27, 17-13, 27-24, 2-6, 24-27, 13-17"
476,1,476,0,1,"9-14, 23-19, 11-16, 19-15, 10x19, 24x15, 8-11, 15x8, 4x11, 22-17, 5-9, 17x10, 6x15, 28-24, 1-6, 24-19, 16x23, 27x18, 15x22, 26x17, 9-14, 17x10x1, 11-15, 30-26, 12-16, 31-27, 16-20, 32-28, 2-6, 1x10x19, 7-10, 19-23, 10-14, 26-22, 14-17, 21x14, 3-7, 23-19, 20-24, 27x20, 7-11, 19-16, 11-15, 22-18, 15x22, 25x18"
477,1,477,0,0,"10-15, 23-18, 6-10, 22-17, 15x22, 25x18, 10-14, 17x10, 7x14x23, 26x19, 12-16, 19x12, 11-16, 31-26, 2-6, 27-23, 16-20, 23-18, 20x27, 32x23, 6-10, 18-15, 10x19, 23x16, 1-6, 21-17, 3-7, 12x3x10x1, 9-13, 30-25, 13x22x31, 25-22, 5-9, 22-18, 9-13, 18-15, 31-26, 15-10, 13-17, 29-25, 26-31, 10-6, 31-27, 25-22, 17x26, 28-24, 27x20x11, 6-2, 26-30, 1-5, 30-26, 5-9, 11-7, 2x11, 26-22, 9-6, 22-25, 6-1, 25-21, 1-5, 4-8, 11x4, 21-25, 5-9, 25-21, 9-13, 21-25, 13-9"
478,1,478,0,0,"11-16, 23-19, 16x23, 26x19, 9-14, 22-17, 7-11, 19-16, 12x19, 24x15, 11x18, 17-13, 18-23, 27x18x9, 5x14, 25-22, 14-17, 21x14x7, 3x10, 31-26, 8-11, 29-25, 11-15, 28-24, 6-9, 13x6, 2x9, 25-21, 9-14, 22-18, 14x23, 26x19, 15-18, 30-25, 4-8, 25-22, 18x25, 32-27, 1-5, 24-20, 8-12, 19-16, 12x19, 27-24, 19x28, 21-17, 25-29, 17-13, 5-9, 13x6, 10-14, 6-1, 14-17, 20-16, 17-21, 16-11, 28-32, 11-8, 32-28, 1-6, 29-25, 6-10, 28-32, 10-15, 32-28, 15-10"
479,1,479,0,0,"11-15, 24-19, 15x24, 27x20, 12-16, 20x11, 8x15, 31-27, 9-14, 28-24, 15-19, 24x15, 10x19, 23x16, 5-9, 22-17, 7-11, 16x7, 2x11, 17x10, 6x15, 21-17, 3-8, 27-23, 9-14, 17x10, 11-16, 10-6, 1x10, 25-21, 16-20, 32-28, 20-24, 28x19, 15x24, 23-19, 8-12, 21-17, 10-14, 17x10, 12-16, 19x12, 4-8, 12x3, 24-28, 26-23, 28-32, 10-7, 32-27, 7-2, 27x18, 30-25, 18-15, 25-22, 15-19, 22-17, 19-24, 17-13, 24-27, 3-7, 27-24, 7-3"
480,1,480,1,0,"11-15, 22-18, 15x22, 25x18, 7-11, 21-17, 3-7, 23-19, 9-13, 26-23, 13x22, 29-25, 22x29, 18-14, 10x17, 30-26, 17-21, 19-15, 11x18, 23x14, 21-25, 24-20, 7-11, 27-24, 2-7, 14-9, 5x14, 26-22, 1-5, 20-16, 11x20x27, 31x24, 8-11, 24-20, 25-30, 32-27, 11-15, 20-16, 12x19, 28-24, 19x28, 22-17, 14x21, 27-23, 5-9, 23-18, 15x22"
481,1,481,1,0,"11-16, 22-17, 10-14, 17x10, 6x15, 25-22, 1-6, 30-25, 16-20, 23-19, 12-16, 19x10x1, 9-14, 24-19, 16x23x30, 21-17, 14x21, 22-17, 30-26, 31x22, 21x30, 29-25, 30x21x14, 22-17, 14x21, 1-6, 2x9, 27-24, 20x27, 32x23, 21-17, 23-18, 9-14, 18x9, 5x14, 28-24, 17-21, 24-19, 8-12, 19-15, 14-18, 15-11, 7x16"
482,1,482,1,0,"11-16, 22-17, 9-14, 26-22, 16-19, 23x16, 12x19, 24x15, 10x19, 17x10, 6x15, 31-26, 8-11, 22-17, 1-6, 17-13, 5-9, 26-23, 19x26, 30x23, 9-14, 21-17, 14x21x30, 29-25, 30x21, 23-19, 15x24x31, 32-27, 31x24, 28x19, 21-25, 19-15, 11x18, 13-9, 6x13"
483,1,483,1,0,"10-14, 24-19, 7-10, 19-15, 11x18, 22x15, 10x19, 23x16, 12x19, 28-24, 19x28, 25-22, 8-12, 30-25, 9-13, 22-18, 14x23x30, 21-17, 30x21x14, 27-24, 3-7, 31-26, 4-8, 32-27, 8-11, 26-23, 14-17, 29-25, 11-15, 25-21, 6-10, 21x14, 10x17, 24-19, 15x24x31, 23-19, 7-11, 19-16, 12x19"
484,1,484,0,1,"10-14, 23-19, 12-16, 19x12, 9-13, 26-23, 7-10, 24-19, 10-15, 19x10, 6x15, 30-26, 13-17, 22x13, 5-9, 13x6, 1x10, 25-22, 15-18, 22x15x6, 2x9, 28-24, 3-7, 12x3x10x17, 11-16, 26-22, 9-14, 17x10, 16-20, 10-14, 4-8, 14-18, 8-12, 32-28, 12-16, 22-17, 16-19, 24x15, 20-24, 28x19"
485,1,485,1,0,"12-16, 24-19, 9-14, 19x12, 5-9, 22-18, 10-15, 25-22, 9-13, 18x9, 6-10, 27-24, 1-5, 31-27, 5x14, 30-25, 2-6, 22-17, 13x22x31, 25-22, 6-9, 21-17, 14x21, 22-17, 10-14, 17x10, 7x14, 23-18, 14x23, 27x18, 15x22, 29-25, 22x29, 32-27, 3-7, 12x3x10, 4-8, 10-15, 11x18, 24-19, 31x24x15, 28-24, 15-11, 24-20, 18-22, 20-16, 11x20"
486,1,486,1,0,"9-14, 22-17, 10-15, 17x10, 7x14, 24-19, 15x24, 27x20, 11-15, 23-18, 14x23, 26x19x10, 6x15, 25-22, 15-19, 28-24, 19x28, 31-26, 5-9, 21-17, 2-6, 17-13, 3-7, 20-16, 12x19, 26-23, 19x26, 30x23, 6-10, 13x6, 10-15, 6-2, 1-6, 2x9, 7-10, 9-14, 10x17x26, 23-19, 15x24, 29-25, 8-12, 32-27, 24x31, 25-22, 26-30, 22-17, 4-8, 17-13, 31-26, 13-9, 30-25, 9-6, 25-30, 6-1, 12-16, 1-6, 16-19, 6-2, 19-23, 2-6, 28-32, 6-1, 32-27, 1-6, 26-22, 6-10, 22-18, 10-14, 18x9"
487,1,487,0,1,"9-14, 21-17, 14x21, 23-18, 10-14, 18x9, 6x13, 26-23, 7-10, 24-19, 13-17, 22x13, 2-6, 13-9, 6x13, 23-18, 10-15, 19x10, 12-16, 25-22, 1-6, 10x1, 5-9, 27-24, 8-12, 29-25, 3-7, 1-5, 7-10, 5x14x7, 13-17, 22x13, 11-15, 18x11, 16-20, 7-2, 20x27, 31x24, 12-16, 25-22, 4-8, 11x4, 16-19, 24x15, 21-25, 30x21"
488,1,488,1,0,"12-16, 24-20, 10-14, 21-17, 14x21, 28-24, 9-14, 22-18, 6-9, 26-22, 8-12, 18-15, 11x18, 22x15, 14-17, 20x11, 7x16, 24-19, 1-6, 30-26, 21x30, 15-11, 30-25, 29x22x13, 6-10, 13x6, 2x9, 19-15, 10x19, 26-22, 19x26, 11-8, 4x11, 27-23, 16-19, 23x16x7, 3x10, 22-18, 10-14, 31x22, 14x23, 22-17, 12-16, 17-14, 9x18, 32-27, 23x32"
489,1,489,0,0,"12-16, 24-19, 11-15, 19x12, 15-18, 23x14, 9x18, 22x15, 10x19, 21-17, 19-24, 27x20, 7-11, 28-24, 5-9, 32-27, 2-7, 25-21, 11-15, 17-13, 6-10, 13x6, 15-19, 24x15, 10x19, 29-25, 1x10, 27-24, 19x28, 26-22, 10-14, 22-17, 7-11, 17x10, 11-16, 20x11, 8x15, 30-26, 15-18, 12-8, 3x12, 10-6, 18-22, 26x17, 12-16, 17-14, 16-20, 21-17, 4-8, 17-13, 8-11, 6-2, 11-16, 31-26, 28-32, 2-6, 20-24, 26-22, 24-28, 6-9, 16-20, 9-5, 32-27, 25-21, 28-32, 22-18, 27-31, 5-9, 32-27, 9-6, 31-26, 6-1, 27-32, 13-9, 32-28, 14-10, 26-30, 18-15, 30-26, 9-6, 26-31, 6-2, 28-32, 21-17, 32-28, 10-6, 28-24, 15-11, 24-28, 2-7, 20-24, 7-10, 28-32, 11-7, 32-27, 17-13, 24-28, 10-14, 28-32, 14-10, 27-23, 7-3, 31-27, 6-2, 32-28, 1-5, 23-19, 3-8, 27-23, 2-6, 23-26, 5-9, 26-22, 9-5, 19-15, 10x19, 22-26, 6-10, 26-22, 8-3, 28-32, 10-7, 22-26, 13-9, 26-23, 19x26, 32-27, 26-30, 27-24, 30-25, 24-19, 25-29, 19-23, 29-25, 23-27"
490,1,490,0,0,"9-13, 22-18, 13-17, 21x14, 10x17, 18-15, 11x18, 23x14, 6-10, 26-23, 1-6, 25-21, 5-9, 14x5, 6-9, 21x14, 9x18, 23x14, 10x17, 30-25, 7-11, 27-23, 17-21, 23-19, 21x30, 5-1, 12-16, 19x12, 3-7, 12x3x10, 11-16, 10-6, 2x9, 24-19, 16x23, 28-24, 9-14, 31-27, 30-25, 27x18x9, 25-22, 9-5, 22-18, 32-28, 18-22, 24-19, 22-18, 19-15, 18x11, 28-24, 11-7, 24-19, 4-8, 29-25, 7-10, 19-15, 10x19, 25-22, 19-24, 22-18, 24-20, 1-6, 20-16, 6-9, 16-12, 9-6, 12-16"
491,1,491,1,0,"9-13, 24-20, 11-15, 27-24, 15-19, 24x15, 10x19, 23x16, 12x19, 22-17, 13x22, 26x17, 7-11, 32-27, 11-16, 20x11, 8x15, 17-13, 3-7, 27-24, 6-9, 13x6, 1x10, 24-20, 7-11, 31-26, 4-8, 28-24, 19x28, 26-22, 2-7, 22-17, 28-32, 17-14, 10x17, 21x14, 32-27, 25-21, 11-16, 20x11x2, 27-32, 29-25, 5-9, 14x5, 32-28, 25-22, 8-11, 5-1, 15-19, 22-17, 28-32, 2-7, 19-24, 7x16, 32-27, 1-6, 27-23, 6-2, 24-27, 16-19, 23x16, 30-25, 27-31, 17-14, 16-11, 14-10, 31-27, 2-7, 11x2, 10-7, 2x11, 21-17, 11-8, 25-21, 27-32, 17-14, 32-27, 21-17, 8-3, 14-9, 27-32, 9-5, 32-28, 5-1, 3-8, 1-6, 8-12, 17-14, 28-24, 14-10, 12-16, 6-1, 24-19, 1-6, 19-23, 6-9, 16-20, 10-6, 23-26, 6-1, 26-30, 9-5, 20-16, 1-6, 30-25, 6-9, 16-11, 9-6, 25-22, 6-1, 22-18, 5-9, 11-16, 9-6, 18-14, 6-10, 14x7, 1-5, 16-20, 5-9, 20-24, 9-14, 24-20, 14-18, 7-10, 18-23, 10-7, 23-27, 20-24, 27x20, 7-10, 20-24, 10-15, 24-20, 15-19, 20-16, 19x12"
492,1,492,0,1,"9-14, 24-20, 11-15, 22-18, 15x22, 26x17, 8-11, 27-24, 11-15, 25-22, 3-8, 31-27, 15-19, 23x16, 12x19, 24x15, 10x19, 17x10x3x12, 4-8, 12x3, 19-24, 28x19, 6-10, 3-7, 2x11, 27-23, 10-14, 23-18, 14x23, 19-15, 11x18x25, 29x22, 23-26, 30x23, 5-9, 32-27, 1-6, 23-18, 9-13, 22-17, 13x22, 20-16, 6-9, 16-12, 22-25, 18-15, 25-29, 15-10, 29-25, 27-24, 25-29, 24-19, 9-14, 19-15, 14-17, 21x14, 29-25, 10-6, 25-22, 6-2, 22-17, 14-10, 17-22, 10-6, 22-17, 15-10, 17-13, 2-7, 13-9, 6-1, 9-6, 7-3, 6x15, 3-7, 15-11, 7x16"
493,1,493,1,0,"9-14, 22-17, 12-16, 23-19, 16x23, 27x18x9, 5x14, 26-22, 11-16, 30-26, 8-11, 26-23, 11-15, 31-26, 16-20, 22-18, 15x22x31, 23-19, 20x27, 32x23, 31-27, 19-15, 10x19x26, 17x10, 6x15, 28-24, 27x20, 25-22, 15-18, 22x15, 20-24, 21-17, 26-31, 17-14, 4-8, 15-10, 8-11, 10-6, 2x9x18, 29-25, 1-6, 25-21, 24-27, 21-17, 18-23, 17-13, 7-10, 13-9, 6x13"
494,1,494,0,1,"9-13, 23-19, 6-9, 26-23, 2-6, 23-18, 13-17, 21x14, 10x17x26, 30x23, 9-14, 18x9x2, 12-16, 19x12, 11-15, 2x11x18, 8-11, 24-19, 5-9, 27-24, 11-15, 18x11, 3-8, 12x3, 9-14, 31-27, 1-6, 19-16, 14-17, 25-22, 17x26, 11-15, 6-10, 15x6, 26-31, 6-10, 31-26, 3-7, 26x19x12, 7-11, 12-8, 10-14, 8x15, 29-25, 15-19, 24x15, 4-8, 27-24, 8-12, 24-20, 12-16, 20x11"
495,1,495,0,1,"9-13, 22-17, 13x22, 26x17, 12-16, 24-20, 10-14, 17x10, 6x15, 21-17, 1-6, 17-14, 6-9, 23-19, 15x24, 28x19x12, 9x18, 31-26, 18-23, 27x18, 11-16, 20x11, 8x15x22x31, 32-28, 31-26, 30x23, 2-6, 23-19, 5-9, 12-8, 3x12, 28-24, 9-14, 25-21, 12-16, 19x12, 7-11, 24-19, 4-8, 12x3, 11-16, 19x12, 6-10, 21-17, 14x21, 3-8, 10-15, 8-11, 15-19, 11-16, 21-25, 16x23, 25-30, 12-8, 30-26, 23x30"
496,1,496,1,0,"10-15, 23-19, 11-16, 19x10, 6x15, 26-23, 9-14, 30-26, 15-18, 22x15, 7-10, 15x6, 1x10, 21-17, 14x21x30, 24-19, 5-9, 19-15, 10x19, 26-22, 19x26, 28-24, 9-14, 22-18, 14x23, 31x22, 8-11, 27x18, 16-19, 24x15x8, 4x11, 29-25, 30x21, 32-27, 2-7, 22-17, 21x14x23x32"
497,1,497,0,0,"10-15, 22-17, 15-19, 24x15, 11x18, 23x14, 9x18, 27-23, 18x27, 32x23, 5-9, 23-19, 8-11, 17-13, 12-16, 19x12, 11-16, 31-27, 9-14, 28-24, 3-8, 12x3x10x17, 1-5, 13-9, 5x14, 17x10x1, 16-20, 21-17, 2-6, 1x10, 4-8, 24-19, 8-12, 19-16, 12x19, 25-21, 20-24, 27x20, 19-24, 26-23, 24-28, 23-19, 28-32, 10-7, 32-28, 19-15, 28-32, 15-10, 32-28, 7-11, 28-24, 10-7, 24-28, 11-8, 28-24, 29-25, 24-27, 8-12, 27-32, 7-3, 32-27, 12-8"
498,1,498,0,0,"11-16, 22-18, 10-14, 21-17, 14x21, 18-14, 9x18, 23x14, 16-19, 24x15, 7-10, 14x7, 2x11x18, 26-23, 6-10, 23x14x7, 3x10, 25-22, 12-16, 31-26, 10-14, 26-23, 8-11, 23-18, 14x23, 27x18, 16-20, 28-24, 20x27, 32x23, 4-8, 29-25, 11-16, 18-15, 8-11, 15x8, 1-6, 22-17, 6-9, 8-3, 16-20, 23-19, 9-13, 17-14, 5-9, 14x5, 20-24, 19-16, 24-27, 3-7, 13-17, 7-3, 27-32, 3-8, 32-28, 25-22, 17x26, 30x23, 21-25, 5-1, 25-30, 23-18, 30-26, 18-14, 26-23, 1-6, 23-27, 6-2, 27-32, 16-11, 28-24, 14-10, 32-28, 2-6, 24-19, 6-9, 19-23, 8-3, 23-19, 9-13, 19-24, 10-7, 24-19, 7-2, 19-24, 2-7"
499,1,499,1,0,"9-13, 22-17, 13x22, 26x17, 10-15, 17-14, 6-10, 25-22, 10x17x26, 31x22, 11-16, 21-17, 16-19, 23x16, 12x19, 24-20, 19-23, 27x18x11, 8x15, 17-13, 15-19, 13-9, 5x14, 28-24, 19x28, 30-26, 2-6, 26-23, 6-9, 23-19, 1-6, 32-27, 14-17, 22x13, 9-14, 27-24, 6-9, 13x6, 4-8, 20-16, 14-17, 16-11, 8x15, 19x10, 7x14, 24-19, 3-8, 29-25, 28-32, 6-1, 32-28, 25-22, 17x26, 1-5, 28-24, 5-1, 24x15, 1-6, 14-17, 6-1, 8-12, 1-5, 17-21, 5-9, 15-11, 9-6, 12-16, 6-2, 26-30, 2-6, 16-19, 6-10, 11-15, 10-6, 19-23, 6-2, 23-27, 2-7, 21-25, 7-11, 15x8"
500,1,500,0,0,"11-15, 22-17, 9-13, 17-14, 10x17, 21x14, 7-11, 26-22, 13-17, 22x13, 3-7, 30-26, 12-16, 25-21, 16-20, 26-22, 15-19, 24x15, 11x18x25, 29x22, 7-10, 14x7, 2x11, 13-9, 6x13, 31-26, 8-12, 23-18, 11-15, 18x11, 20-24, 27x20, 13-17, 21x14, 1-6, 32-27, 6-10, 14x7, 5-9, 22-18, 9-13, 7-3, 12-16, 11-8, 4x11, 18-15, 11x18, 20x11, 13-17, 27-24, 18-22, 24-20, 22x31, 20-16, 31-26, 16-12, 26-22, 3-7, 17-21, 7-2, 21-25, 12-8, 22-18, 8-3, 18-15, 3-8, 25-29, 2-7, 15-10, 7x14, 29-25, 14-17, 25-29, 17-14"
501,1,501,0,0,"9-13, 23-19, 11-16, 24-20, 16x23, 26x19, 6-9, 19-15, 10x19, 27-24, 19-23, 30-26, 23x30, 32-27, 9-14, 20-16, 12x19, 24x15, 30-26, 22-18, 14x23x32, 31x22, 8-12, 28-24, 3-8, 24-19, 32-27, 15-10, 7x14, 22-17, 13x22, 25x18x9, 5x14, 19-15, 2-6, 29-25, 6-9, 15-10, 27-24, 10-6, 1x10, 25-22, 24-27, 22-18, 14x23, 21-17, 27-32, 17-13, 10-14, 13x6, 32-28, 6-1, 23-27, 1-6, 28-32"
502,1,502,1,0,"11-16, 24-19, 16-20, 19-15, 10x19, 23x16, 12x19, 28-24, 19x28, 22-17, 8-11, 27-24, 20x27, 32x23, 9-13, 26-22, 6-9, 23-18, 11-15, 18x11, 7x16, 31-26, 4-8, 17-14, 9x18, 22x15, 1-6, 26-22, 8-12, 15-11, 3-8, 11x4, 2-7, 21-17, 28-32, 22-18, 13x22, 18-15, 5-9, 25x18, 7-10, 29-25, 10x19, 25-22, 32-27, 18-15, 27-23, 22-18, 23x14, 15-10, 6x15, 30-26, 15-18, 4-8, 19-24, 26-23, 18x27, 8-11, 9-13, 11x20, 27-32, 20x27, 32x23"
503,1,503,0,0,"10-15, 21-17, 6-10, 17-13, 10-14, 13x6, 1x10, 23-19, 14-17, 22x13, 10-14, 19x10, 12-16, 26-23, 14-17, 24-20, 7x14, 27-24, 8-12, 23-18, 14x23, 24-19, 17-22, 25x18, 23-26, 31x22, 16x23, 18-14, 5-9, 13x6, 2x9x18x25, 30x21, 3-7, 28-24, 12-16, 32-27, 23x32, 21-17, 7-10, 24-19, 16x23, 17-14, 10x17, 29-25, 17-22, 25x18, 32-28, 18-15, 11x18, 20-16, 4-8, 16-12, 23-27, 12x3, 18-23, 3-7, 27-31, 7-11, 28-32, 11-7, 31-27"
504,1,504,0,1,"9-14, 23-19, 12-16, 19x12, 6-9, 24-19, 1-6, 22-18, 14x23, 27x18, 10-14, 26-23, 7-10, 31-27, 14-17, 21x14x7, 3x10, 12x3, 4-8, 3x12, 11-15, 18x11, 10-15, 19x10x1, 9-13, 11-7, 2x11, 28-24, 11-16, 12x19, 5-9, 32-28, 9-14, 19-16, 14-18, 23x14, 13-17, 27-23, 17-22, 25x18"
505,1,505,1,0,"10-15, 22-17, 9-13, 17-14, 13-17, 23-18, 15x22, 25x18, 6-9, 30-25, 12-16, 27-23, 1-6, 23-19, 16x23x30, 31-27, 9-13, 27-23, 6-10, 24-20, 17-22, 20-16, 10x17, 21x14, 30x21, 18-15, 11x20, 23-19, 8-11, 15x8, 3x12, 14-10, 7x14, 29-25, 21x30, 28-24, 20x27, 32x23, 22-26, 23-18, 14x23, 19-16, 12x19"
506,1,506,1,0,"10-15, 21-17, 6-10, 22-18, 15x22, 25x18, 10-15, 29-25, 15x22x29, 26-22, 2-6, 30-25, 12-16, 31-26, 16-20, 24-19, 20-24, 27x20, 8-12, 17-14, 9x18x27, 32x23, 7-10, 25-21, 11-16, 20x11, 10-14, 28-24, 12-16, 19x12, 6-9, 21-17, 14x21, 11-8, 4x11, 24-19, 21-25, 19-15, 11x18x27, 26-23, 9-14, 12-8, 3x12, 23-18, 14x23, 22-17, 25-30, 17-14, 1-6, 14-10, 6x15"
507,1,507,1,0,"12-16, 22-18, 10-14, 26-22, 8-12, 31-26, 16-19, 24x15x8, 4x11, 21-17, 14x21, 27-24, 12-16, 24-20, 3-8, 32-27, 8-12, 28-24, 9-13, 23-19, 16x23x32, 24-19, 11-15, 19x10x3, 32-27, 18-15, 5-9, 3-8, 27-23, 26x19, 2-7, 30-26, 21x30x23x16, 20x11x2, 6-10, 15x6, 1x10, 8-11, 10-14, 11-16, 12x19, 2-6, 19-23, 6-10, 23-26, 10x17, 26-31, 22-18, 13x22, 18-14, 9x18, 29-25, 22x29"
508,1,508,0,1,"12-16, 22-17, 16-19, 24x15, 11x18, 23x14, 9x18, 17-13, 8-11, 27-24, 18-22, 25x18, 5-9, 26-22, 11-16, 32-27, 9-14, 18x9, 16-19, 24x15, 10x19, 29-25, 4-8, 22-18, 7-10, 18-14, 10x17, 21x14, 8-12, 25-22, 12-16, 27-23, 19x26, 30x23, 3-8, 9-5, 16-20, 14-9, 8-11, 22-17, 2-7, 9x2, 11-15, 2x11x18, 20-24, 28x19, 1-6, 18-15, 6-9, 13x6"
509,1,509,0,1,"11-15, 24-19, 15x24, 27x20, 10-15, 22-17, 8-11, 17-13, 3-8, 25-22, 15-18, 22x15, 11x18x27, 32x23, 8-11, 23-19, 6-10, 13x6, 2x9, 26-23, 10-15, 19x10x3, 1-6, 3-8, 11-16, 20x11, 6-10, 29-25, 9-13, 23-19, 12-16, 19x12, 10-14, 31-26, 14-17, 21x14, 13-17, 14-10, 5-9, 26-22, 17x26, 30x23, 9-13, 10-6, 13-17, 11-7, 4x11, 7-3, 17-22, 25x18, 11-16, 28-24, 16-19, 24x15"
510,1,510,0,0,"11-16, 23-18, 9-13, 24-19, 16x23, 26x19, 5-9, 22-17, 13x22, 30-26, 9-14, 18x9, 6x13, 25x18, 12-16, 19x12, 1-6, 18-14, 10x17, 21x14, 13-17, 27-24, 7-11, 14-10, 6x15, 24-19, 15x24, 28x19, 11-16, 26-22, 17x26, 31x22, 16x23, 22-18, 23-26, 18-14, 2-7, 29-25, 26-30, 14-10, 30x21, 10-6, 21-17, 6-2, 8-11, 32-28, 17-22, 12-8, 3x12, 28-24, 12-16, 24-20, 22-17, 2-6, 17-14, 6-1, 14-18, 1-5, 16-19, 5-1, 11-16, 20x11x2, 18-23, 2-6, 23-26, 6-10, 19-24, 10-15, 26-30, 15-19, 24-28, 1-6, 30-25, 19-15, 25-21, 6-2, 4-8, 15-18, 28-32, 2-7, 21-25, 7-3, 8-11, 3-8, 25-22, 8x15, 32-27, 18x25, 27-32, 15-18, 32-27, 18-22, 27-24, 22-17, 24-19, 25-29, 19-24, 17-13, 24-28, 13-9, 28-24, 9-6, 24-27, 6-1, 27-32, 29-25, 32-28, 1-5, 28-32, 25-21, 32-28, 5-9, 28-24, 21-17, 24-27, 9-14, 27-32, 14-9, 32-27"
511,1,511,0,0,"9-14, 23-18, 14x23, 27x18, 10-15, 26-23, 6-10, 24-19, 15x24, 28x19, 2-6, 32-27, 5-9, 18-15, 11x18, 23x14x5, 6-9, 19-15, 10x19, 31-26, 9-13, 21-17, 7-10, 26-23, 19x26, 30x23, 8-11, 17-14, 10x17x26, 25-22, 11-16, 23-18, 13-17, 22x13, 26-31, 13-9, 31x24, 18-14, 24-27, 9-6, 1x10x17, 5-1, 3-8, 1-5, 27-24, 5-1, 24-28, 1-5, 17-22, 5-9, 22-25, 29x22, 8-11, 9-5, 28-32, 22-18, 32-27, 18-14, 4-8, 5-1, 27-24, 1-5, 24-19, 5-9, 16-20, 9-5, 19-23, 5-9, 23-27, 9-6, 12-16, 14-9, 27-31, 6-2, 8-12, 9-5, 20-24, 2-7, 31-26, 7-2, 16-20, 2-6, 11-16, 6-1, 24-27, 1-6, 26-23, 5-1, 16-19, 6-10, 27-31, 10-14, 31-27, 14-17, 19-24, 1-5, 23-26, 17-22, 26x17, 5-9, 27-31, 9-6, 31-27, 6-1"
512,1,512,0,1,"9-13, 22-17, 13x22, 26x17, 11-15, 17-13, 6-9, 13x6, 2x9, 31-26, 9-14, 24-20, 15-19, 23x16, 12x19, 20-16, 5-9, 27-23, 19-24, 28x19, 14-18, 23x14x5, 10-15, 19x10, 7x14, 32-28, 1-6, 5-1, 6-9, 16-12, 14-17, 21x14x5, 8-11, 25-22, 3-8, 12x3, 4-8, 3x12, 11-15, 28-24, 15-18, 22x15"
513,1,513,0,0,"12-16, 22-18, 10-15, 18-14, 9x18, 23x14, 8-12, 26-22, 7-10, 14x7, 3x10, 27-23, 15-19, 24x15x8, 4x11, 31-26, 2-7, 22-17, 16-20, 17-13, 6-9, 13x6, 10-15, 26-22, 1x10, 23-19, 15x24, 28x19, 11-15, 32-27, 15x24x31, 22-17, 7-11, 17-13, 11-15, 25-22, 5-9, 13x6, 31-27, 21-17, 15-19, 6-2, 10-14, 17x10, 19-24, 2-6, 27-31, 30-25, 24-27, 22-18, 20-24, 6-1, 27-32, 1-5, 32-27, 5-1"
514,1,514,0,1,"10-14, 24-20, 7-10, 20-16, 12x19, 23x16x7, 2x11, 22-17, 3-7, 27-23, 8-12, 23-19, 12-16, 19x12, 14-18, 26-22, 11-15, 28-24, 7-11, 12-8, 9-13, 31-27, 15-19, 24x15, 10x19, 22x15, 13x22, 25x18, 6-9, 32-28, 9-14, 18x9, 11x18, 28-24, 5x14, 24x15, 4x11, 15x8, 1-5, 30-26, 14-17, 21x14, 18-22, 26x17, 5-9, 14x5"
515,1,515,0,1,"11-15, 22-18, 15x22, 25x18, 10-15, 18x11, 8x15, 29-25, 7-10, 21-17, 10-14, 17x10, 9-13, 24-19, 15x24, 27x20, 6x15, 23-19, 15x24, 28x19, 5-9, 25-22, 1-5, 32-27, 12-16, 20x11, 4-8, 11x4, 13-17, 22x13x6, 2x9, 19-16, 3-8, 4x11, 9-14, 11-15, 14-18, 15x22, 5-9, 30-25, 9-13, 16-11, 13-17, 22x13"
516,1,516,1,0,"9-14, 24-20, 12-16, 27-24, 6-9, 32-27, 1-6, 23-19, 16x23x32, 21-17, 14x21, 24-19, 9-14, 20-16, 11x20, 19-15, 10x19, 26-23, 19x26, 30x23, 21x30, 28-24, 20x27, 31x24, 6-10, 23-19, 30-25, 22-18, 14x23, 29x22, 8-12, 19-16, 12x19x28, 22-18, 23-27, 18-14, 10x17"
517,1,517,1,0,"10-15, 21-17, 7-10, 23-18, 15-19, 24x15, 10x19, 28-24, 19x28, 27-23, 11-15, 18x11, 8x15, 23-19, 15x24, 32-27, 4-8, 27x20, 3-7, 17-14, 9x18, 22x15, 6-9, 15-10, 7x14, 25-21, 2-7, 29-25, 28-32, 26-22, 14-17, 22x13x6, 1x10, 20-16, 12x19, 31-27, 32x23, 30-26, 23x30, 25-22, 10-14, 22-18, 14x23, 21-17, 7-10, 17-13, 10-14, 13-9, 30-25, 9-6, 14-18, 6-1, 25-30, 1-6, 18-22, 6-1, 23-27, 1-6, 19-23, 6-1, 8-12, 1-6, 23-26, 6-9, 5x14"
518,1,518,1,0,"10-15, 21-17, 9-14, 17x10, 7x14, 24-19, 15x24, 28x19, 3-7, 19-16, 12x19, 23x16, 11x20, 25-21, 6-9, 26-23, 20-24, 27x20, 8-11, 32-28, 11-15, 30-25, 1-6, 23-18, 14x23, 20-16, 6-10, 21-17, 4-8, 31-26, 23x30x21x14, 28-24, 8-11, 22-18, 14x23, 24-19, 11x20, 19-16, 2-6, 29-25, 9-14, 25-21, 23-27, 16-11, 7x16, 21-17, 14x21"
519,1,519,0,0,"11-15, 24-20, 9-13, 23-18, 15-19, 21-17, 8-11, 18-15, 11x18, 22x15, 13x22, 26x17, 10-14, 17x10, 7x14, 28-24, 19x28, 25-21, 4-8, 31-26, 6-10, 15x6, 2x9, 26-22, 12-16, 20x11x4, 9-13, 4-8, 3x12, 22-17, 13x22, 27-24, 22-25, 29x22, 5-9, 24-19, 9-13, 19-15, 12-16, 32-27, 1-5, 27-24, 13-17, 22x13, 5-9, 13x6, 14-18, 6-1, 18-23, 21-17, 23-27, 24-19, 16x23, 17-13, 27-32, 13-9, 32-27, 15-10, 27-24, 10-7, 23-27, 1-6, 24-20, 30-25, 20-24, 7-3, 27-32, 9-5, 24-27, 5-1, 27-24, 25-22, 24-20, 22-17, 20-24, 3-8, 24-19, 17-13, 32-27, 6-10, 19-24, 1-5, 27-31, 10-6, 28-32, 5-1, 24-27, 1-5, 27-23, 8-4, 23-19, 5-9, 19-15, 9-14, 31-26, 14-9, 32-27, 4-8, 15-18, 8-4, 27-23, 6-1, 23-27, 9-6, 18-14, 6-2, 27-32, 1-6, 26-23, 2-7, 23-27, 6-10, 27-24, 10x17, 24-19, 4-8, 19-23, 7-3, 32-28, 3-7, 23-27, 17-22, 27-32, 13-9, 28-24, 22-17, 24-19, 8-4"
520,1,520,1,0,"12-16, 22-18, 11-15, 18x11, 8x15, 24-20, 7-11, 27-24, 9-14, 31-27, 4-8, 24-19, 15x24x31x22, 25x18x9, 5x14, 23-18, 14x23, 21-17, 10-14, 17x10, 6x15, 30-25, 1-6, 32-27, 23x32, 28-24, 6-9, 25-22, 3-7, 22-18, 15x22, 24-19, 16x23, 20-16, 11x20, 29-25, 22x29"
521,1,521,0,1,"10-15, 24-19, 15x24, 28x19, 12-16, 19x12, 7-10, 22-17, 10-15, 17-13, 6-10, 13x6, 2x9, 21-17, 3-7, 12x3, 1-6, 23-19, 15x24, 27x20, 10-14, 17x10x1, 11-15, 3x10x19, 9-13, 26-23, 5-9, 20-16, 4-8, 32-27, 8-11, 16x7, 13-17, 30-26, 17-21, 25-22, 21-25, 1-6, 9-13, 19-24, 25-30, 6-1, 30-25, 23-19, 25x18, 26-22, 18x25, 29x22, 13-17, 22x13"
522,1,522,0,1,"10-15, 22-18, 15x22, 26x17, 9-13, 23-19, 13x22, 25x18, 12-16, 19x12, 6-10, 18-14, 10x17, 21x14, 11-16, 30-25, 8-11, 25-22, 11-15, 22-17, 5-9, 14x5, 7-11, 17-14, 16-19, 14-9, 2-7, 24-20, 15-18, 20-16, 11x20, 27-23, 18x27, 32x23x16, 3-8, 12x3x10, 1-6, 9x2, 20-24, 28x19, 4-8, 16-12, 8-11, 10-14, 11-16, 29-25, 16x23, 2-7, 23-27, 31x24"
523,1,523,1,0,"10-15, 22-17, 9-13, 23-19, 13x22, 19x10, 7x14, 25x18x9, 6x13, 26-22, 11-16, 30-25, 16-20, 31-26, 12-16, 22-18, 2-6, 26-22, 3-7, 18-15, 6-9, 15-10, 7x14, 22-17, 13x22, 25x18, 14x23, 27x18, 20x27, 32x23, 9-14, 18x9, 5x14, 23-19, 16x23, 21-17, 14x21, 29-25, 21x30, 28-24, 23-26, 24-20, 1-5, 20-16, 5-9, 16-11, 8x15"
524,1,524,1,0,"12-16, 22-17, 10-14, 17x10, 7x14, 21-17, 14x21, 23-19, 16x23, 27x18, 6-10, 31-27, 3-7, 18-14, 10x17, 25-22, 7-10, 22x13x6, 2x9, 30-25, 21x30x23, 27x18, 11-15, 18x11, 8x15, 32-27, 15-18, 29-25, 10-14, 27-23, 18x27, 24-20, 27-32, 25-21, 4-8, 21-17, 14x21, 20-16, 21-25, 16-11, 8x15, 28-24, 9-14, 24-19, 15x24"
525,1,525,0,1,"9-14, 22-18, 11-16, 18x9, 5x14, 23-19, 16x23, 26x19, 10-15, 19x10, 6x15, 24-20, 14-18, 25-22, 18x25, 29x22, 7-11, 20-16, 12x19, 21-17, 11-16, 17-13, 19-24, 27x20x11, 1-6, 32-27, 2-7, 11x2x9, 15-18, 22x15, 8-11, 15x8, 4x11, 30-25, 11-16, 25-21, 16-20, 27-23, 3-7, 9-6, 7-10, 6x15, 20-24, 28x19"
526,1,526,1,0,"9-13, 21-17, 5-9, 22-18, 13x22, 26x17, 9-13, 17-14, 10x17, 30-26, 1-5, 25-21, 6-9, 21x14, 2-6, 24-19, 11-16, 29-25, 16-20, 28-24, 6-10, 25-22, 10x17, 32-28, 17-21, 22-17, 13x22, 26x17, 7-10, 18-14, 9x18, 23x14x7, 3x10, 17-14, 10x17, 19-15, 12-16, 15-11, 8x15, 24-19, 16x23x32, 31-27, 32x23, 28-24, 20x27"
527,1,527,0,0,"11-16, 24-19, 10-14, 23-18, 16x23, 26x19, 14x23, 27x18, 8-11, 19-15, 11-16, 30-26, 9-13, 18-14, 7-11, 15x8, 4x11, 32-27, 2-7, 22-18, 11-15, 18x11x2x9, 3-7, 26-22, 7-10, 14x7, 5x14, 28-24, 14-17, 21x14, 1-5, 14-10, 16-20, 25-21, 12-16, 10-6, 5-9, 22-17, 13x22, 7-2, 9-13, 24-19, 16x23x32, 31-27, 32x23, 29-25, 22x29, 21-17, 13x22, 2-7, 23-27, 7-3, 20-24, 6-2, 24-28, 3-8, 22-26, 8-12, 26-30, 2-7, 28-32, 12-16, 32-28, 16-11, 28-24, 7-2, 24-19, 2-6, 29-25, 6-2, 25-29"
528,1,528,1,0,"10-14, 21-17, 14x21, 23-19, 9-13, 19-15, 11x18, 22x15, 7-10, 15-11, 8x15, 27-23, 4-8, 26-22, 5-9, 31-26, 15-19, 24x15, 10x19, 23x16, 12x19, 32-27, 1-5, 27-23, 8-11, 23x16x7, 2x11, 26-23, 11-15, 30-26, 21x30, 23-19, 15x24, 28x19, 30x23x16, 22-17, 13x22, 29-25, 22x29"
529,1,529,0,1,"9-14, 24-19, 11-16, 22-18, 16-20, 18x9, 5x14, 26-22, 7-11, 28-24, 6-9, 19-16, 12x19x26, 30x23, 14-18, 22x15x6, 1x10, 31-26, 2-6, 25-22, 10-14, 23-18, 14x23x30, 29-25, 11-16, 22-17, 3-7, 25-22, 9-14, 17x10x1, 7-10, 1-5, 10-14, 27-23, 20x27, 22-17, 8-12, 17x10, 4-8, 10-6, 16-19, 23x16, 12x19, 32x23x16, 30-25, 21-17, 25-22, 16-11, 8x15, 5-9, 22x13, 6-1, 13x6, 1x10x19"
530,1,530,0,1,"10-14, 24-20, 12-16, 23-18, 14x23, 26x19x12, 11-15, 21-17, 9-13, 17-14, 7-10, 14x7, 2x11, 28-24, 15-19, 24x15, 11x18, 22x15, 6-9, 15-10, 1-6, 10x1, 3-7, 12x3x10, 4-8, 30-26, 9-14, 10x17, 13x22, 26x17, 8-12, 17-13, 5-9, 13x6, 12-16, 20x11"
531,1,531,0,1,"11-16, 24-20, 10-15, 20x11, 7x16, 21-17, 15-19, 23-18, 9-14, 18x9, 6x13, 27-23, 16-20, 23x16, 12x19, 32-27, 19-24, 28x19, 1-6, 27-23, 2-7, 17-14, 7-10, 14x7, 3x10, 22-17, 13x22, 26x17, 10-14, 17x10x1, 8-12, 31-27, 5-9, 30-26, 12-16, 19x12, 9-13, 25-21, 20-24, 27x20, 13-17, 21x14, 4-8, 12x3"
532,1,532,1,0,"9-14, 21-17, 14x21, 23-18, 5-9, 27-23, 11-16, 22-17, 10-14, 17x10, 7x14, 24-20, 16-19, 23x16, 12x19, 31-27, 14x23, 27x18, 1-5, 20-16, 2-7, 26-23, 19x26, 30x23, 21x30, 18-14, 9x18x27, 32x23, 8-12, 23-19, 5-9, 28-24, 7-11, 16x7, 3x10, 24-20, 10-14, 19-16, 12x19, 20-16, 19-24, 16-11, 30-25, 29x22, 14-18, 22x15, 24-27, 11-8, 4x11x18"
533,1,533,0,0,"11-16, 23-18, 9-13, 21-17, 5-9, 27-23, 7-11, 24-20, 9-14, 18x9, 3-7, 25-21, 10-14, 17x10x3, 16-19, 23x16x7, 2x11, 9x2, 11-15, 3-7, 1-5, 28-24, 5-9, 31-27, 15-19, 24x15, 9-14, 7-10, 13-17, 22x13, 14-18, 10-6, 12-16, 20x11, 8-12, 6-1, 18-22, 26x17, 12-16, 11-7, 16-19, 27-24, 19x28, 30-25, 4-8, 1-6, 8-11, 15x8"
534,1,534,0,1,"11-15, 22-18, 15x22, 26x17, 9-14, 17-13, 6-9, 13x6, 2x9, 30-26, 8-11, 24-20, 11-16, 20x11x2, 14-17, 21x14x7, 3x10, 28-24, 9-14, 2-7, 4-8, 24-19, 10-15, 19x10, 14-18, 23x14, 1-6, 10x1, 8-11, 7x16, 12x19, 27-23, 5-9, 23x16, 9x18, 31-27, 18-22, 26x17"
535,1,535,0,1,"10-15, 24-19, 15x24, 27x20, 7-10, 32-27, 3-7, 27-24, 11-15, 21-17, 7-11, 20-16, 12x19, 23x16x7, 2x11, 17-13, 9-14, 22-18, 14x23, 26x19, 10-14, 19x10, 6x15, 24-19, 15x24, 28x19, 8-12, 31-27, 14-17, 19-16, 11x20, 25-22, 17x26, 30x23, 12-16, 29-25, 16-19, 23x16, 4-8, 16-12, 5-9, 12x3, 9-14, 13-9, 1-6, 9x2, 14-18, 27-23, 18x27, 3-8, 27-31, 25-21, 20-24, 8-11, 24-27, 11-15, 27-32, 15-19, 32-27, 2-6, 31-26, 21-17, 27-31, 19-23, 26x19, 6-2, 19-24, 17-14, 31-26, 14-10, 26-31, 10-7, 24-19, 7-3, 31-26, 2-6, 19-23, 3-7, 23-27, 7-2, 26-30, 6-9, 27-31, 9-13, 31-27, 13-17, 27-32, 17-22, 30-26, 22x31, 32-27, 31x24"
536,1,536,0,0,"9-14, 24-19, 11-16, 22-18, 7-11, 18x9, 5x14, 23-18, 16x23, 18x9, 6x13, 27x18, 11-16, 25-22, 13-17, 21x14x7, 3x10, 31-27, 2-6, 28-24, 16-20, 18-15, 10x19x28, 30-25, 8-11, 27-24, 20x27, 32x23, 6-9, 22-18, 9-13, 25-21, 13-17, 21x14, 1-5, 14-9, 5x14, 18x9, 11-16, 23-18, 16-19, 26-22, 12-16, 9-5, 16-20, 29-25, 19-23, 18-14, 28-32, 22-17, 4-8, 25-22, 20-24, 14-9, 8-11, 22-18, 23-26, 5-1, 24-27, 9-6, 26-31, 17-13, 11-15, 18x11, 32-28, 11-7, 28-24, 1-5, 24-19, 5-9, 19-16, 7-3, 31-26, 3-8, 26-22, 8-11, 16x7, 6-2, 27-31, 2x11, 22-25, 11-8, 25-22, 8-11"
537,1,537,0,1,"9-13, 23-18, 12-16, 22-17, 13x22, 26x17, 6-9, 18-14, 9x18, 30-26, 2-6, 26-23, 8-12, 23x14, 16-19, 24x15x8, 4x11, 31-26, 5-9, 14x5, 11-15, 26-22, 12-16, 27-24, 16-19, 24-20, 6-9, 20-16, 9-14, 22-18, 15x22, 25x18x9, 3-8, 16-12, 1-6, 12x3, 6x13x22, 3-8, 7-11, 8x15x6, 22-25, 29x22, 19-23, 28-24, 23-27, 32x23"
538,1,538,1,0,"10-14, 23-19, 9-13, 19-16, 11x20, 27-23, 20x27, 31x24, 8-11, 24-19, 4-8, 22-17, 13x22x31, 19-16, 12x19x26, 30x23, 6-9, 21-17, 14x21x30, 29-25, 30x21, 23-18, 31-26, 32-27, 21-25, 18-15, 11x18, 28-24, 26-22, 24-19, 9-14, 19-16, 18-23, 27x18x9, 5x14, 16-11, 7x16"
539,1,539,1,0,"11-16, 24-20, 16-19, 23x16, 12x19, 21-17, 9-13, 22-18, 13x22, 26x17, 19-24, 28x19, 6-9, 17-14, 10x17, 19-15, 1-6, 15-11, 8x15x22, 25x18, 6-10, 18-15, 10x19, 29-25, 2-6, 32-28, 7-10, 25-21, 17-22, 27-24, 9-13, 24x15, 10x19, 28-24, 19x28, 30-26, 6-9, 26x17, 13x22, 31-27, 28-32, 20-16, 32x23, 16-12, 23-19, 21-17, 19-24, 12-8, 3x12, 17-13, 24-28, 13x6, 5-9, 6-1, 12-16, 1-5, 4-8, 5x14, 16-20, 14-9, 22-26, 9-14, 28-32, 14-9, 20-24, 9-13, 26-30, 13-17, 30-26, 17-22, 26x17"
540,1,540,0,1,"11-16, 22-18, 16-20, 18-14, 9x18, 23x14, 10x17, 21x14, 12-16, 27-23, 20x27, 31x24, 7-10, 14x7, 2x11, 24-19, 5-9, 19x12, 9-13, 32-27, 3-7, 12x3x10, 6x15, 28-24, 15-19, 24x15x8, 4x11, 27-24, 1-5, 23-18, 5-9, 25-21, 11-15, 18x11, 9-14, 24-19, 14-18, 19-16, 13-17, 21x14, 18-22, 26x17"
541,1,541,0,1,"12-16, 24-20, 9-13, 22-18, 8-12, 21-17, 13x22, 26x17, 10-14, 17x10, 6x15x22, 25x18, 4-8, 30-26, 7-10, 18-15, 10x19, 23-18, 2-6, 28-24, 19x28, 18-14, 11-15, 20x11x4, 12-16, 27-24, 6-10, 14x7, 3x10, 32-27, 1-6, 29-25, 28-32, 27-23, 15-18, 23x14x7, 32-28, 25-22, 28x19, 22-18, 16-20, 31-27, 20-24, 27x20, 19-23, 26x19, 5-9, 4-8, 9-13, 7-3, 6-9, 18-15, 13-17, 3-7, 9-13, 20-16, 17-22, 7-10, 13-17, 10-14, 22-26, 14x21, 26-31, 15-11, 31-27, 19-15, 27-23, 8-3, 23-26, 11-7, 26-22, 21-17, 22x13, 15-10, 13-17, 7-2, 17-14, 2-6, 14x7, 3x10"
542,1,542,0,0,"10-15, 21-17, 9-13, 23-18, 15-19, 24x15, 11-16, 27-23, 5-9, 31-27, 6-10, 15x6, 1x10, 28-24, 2-6, 18-15, 10x19x28, 27-24, 7-10, 32-27, 16-20, 23-18, 12-16, 27-23, 20x27, 18-14, 9x18, 22x15, 10x19, 25-21, 13x22x31, 21-17, 19x26, 30x23, 8-11, 17-13, 6-9, 13x6, 27-32, 6-1, 3-8, 23-19, 16x23, 1-6, 23-27, 6-1, 31-26, 29-25, 11-16, 1-5, 26-30, 5-9, 30x21, 9-6, 8-11, 6-9, 4-8, 9-13, 16-20, 13-9, 8-12, 9-5, 27-31, 5-1, 20-24, 1-6, 11-16, 6-1, 21-17, 1-6, 17-22, 6-1, 16-19, 1-5, 22-25, 5-9, 24-27, 9-13, 25-21, 13-9, 31-26, 9-5, 26-31, 5-9"
543,1,543,0,0,"9-14, 24-20, 11-15, 20-16, 12x19, 23x16, 8-11, 27-24, 11x20x27, 31x24, 15-18, 22x15, 10x19, 24x15, 5-9, 32-27, 7-10, 26-23, 10x19x26, 30x23, 14-18, 23x14x5, 3-8, 27-24, 2-7, 25-22, 7-11, 24-20, 8-12, 29-25, 12-16, 22-17, 6-10, 17-14, 10x17, 21x14, 4-8, 25-21, 8-12, 28-24, 11-15, 20x11, 1-6, 24-19, 15x24, 11-8, 12-16, 5-1, 6-9, 14x5, 16-19, 21-17, 24-28, 17-14, 19-24, 14-10, 24-27, 8-3, 28-32, 1-6, 32-28, 6-2, 28-24, 3-7, 24-28, 10-6, 27-32, 7-11, 28-24, 11-7, 24-27"
544,1,544,0,0,"9-13, 23-19, 6-9, 22-17, 13x22, 25x18, 11-15, 18x11, 7x16x23, 27x18, 2-6, 24-20, 9-13, 28-24, 5-9, 31-27, 12-16, 20x11, 8x15x22x31, 24-20, 31x24, 20-16, 24-20, 16-12, 10-14, 32-28, 14-17, 21x14x5, 4-8, 29-25, 6-10, 28-24, 20x27, 25-22, 27-31, 30-26, 10-15, 26-23, 15-18, 23x14, 3-7, 12x3x10, 31-26, 10-7, 26x17x10x3"
545,1,545,1,0,"9-13, 22-18, 10-14, 18x9, 5x14, 23-19, 1-5, 19-16, 11x20, 26-22, 12-16, 22-17, 13x22, 25x18x9, 5x14, 31-26, 6-9, 21-17, 14x21, 30-25, 21x30x23, 27x18, 20x27, 32x23, 16-20, 28-24, 20x27, 23-19, 8-12, 29-25, 9-13, 18-15, 27-31, 25-22, 12-16, 19x12, 3-8, 12x3x10, 31-27, 15-11, 27-31, 10-6, 2x9, 11-7, 31-27, 22-17, 13x22, 7-3, 4-8, 3x12, 27-31, 12-16, 9-13, 16-19, 22-25, 19-15, 25-30, 15-18, 30-25, 18-22, 25x18"
546,1,546,0,0,"10-15, 23-19, 12-16, 19x12, 7-10, 22-18, 15x22, 25x18, 10-15, 26-23, 15x22, 23-19, 9-14, 29-25, 22x29, 30-25, 29x22, 24-20, 6-10, 19-16, 2-6, 16x7, 22-18, 27-24, 18-23, 20-16, 5-9, 24-19, 23-27, 32x23, 1-5, 31-26, 14-18, 23x14, 9x18, 21-17, 10-15, 19x10x1, 3x10, 12x3, 10-14, 17x10, 5-9, 16-11, 18-22, 26x17, 4-8, 11x4, 9-13, 10-6, 13x22, 3-7, 22-25, 6-2, 25-29, 7-11, 29-25, 1-5, 25-21, 11-7, 21-17, 5-1, 17-22, 1-6, 22-18, 7-11, 18-22, 6-9, 22-18, 9-5, 18-22"
547,1,547,0,0,"9-13, 24-20, 6-9, 23-19, 1-6, 20-16, 11x20, 26-23, 7-11, 27-24, 20x27, 31x24, 10-15, 19x10x1, 3-7, 22-18, 13-17, 21x14, 2-6, 1x10x3, 9-13, 32-27, 11-16, 30-26, 13-17, 24-20, 8-11, 25-21, 16-19, 23x16x7, 4-8, 14-9, 5x14x23x32, 21x14, 12-16, 3x12x19, 32-27, 28-24, 27-23, 20-16, 23x30, 7-3, 30-26, 16-11, 26-31, 29-25, 31-27, 19-16, 27x20, 3-8, 20-24, 14-10, 24-27, 25-21, 27-32, 21-17, 32-28, 8-4, 28-24, 10-6, 24-27, 17-14, 27-23, 6-2, 23-27, 2-6"
548,1,548,1,0,"10-15, 23-18, 12-16, 21-17, 16-20, 24-19, 15x24, 28x19, 9-13, 18-15, 11x18, 22x15, 13x22, 25x18, 8-12, 15-10, 6x15x24, 18-15, 1-6, 32-28, 6-9, 28x19, 3-8, 26-22, 9-13, 31-26, 2-6, 19-16, 12x19, 29-25, 7-11, 15-10, 6x15, 22-17, 13x22x31x24, 25-21, 11-16, 30-25, 5-9, 21-17, 8-12, 17-13, 24-27, 13x6, 27-32, 25-22, 19-23, 6-2, 32-28, 2-7, 20-24, 22-18, 15x22, 7-10, 22-26, 10-14, 26-31, 14-18, 16-20, 18x27, 31-26, 27-32, 4-8, 32-27, 24x31"
549,1,549,0,0,"9-14, 23-18, 14x23, 26x19, 12-16, 19x12, 5-9, 30-26, 9-13, 21-17, 11-16, 26-23, 10-15, 25-21, 7-10, 17-14, 10x17x26, 31x22, 6-9, 29-25, 8-11, 24-20, 2-7, 21-17, 4-8, 25-21, 9-14, 17x10, 7x14, 22-18, 15x22, 28-24, 13-17, 24-19, 22-26, 23-18, 14x23, 21x14, 1-6, 27x18, 16x23, 14-9, 6x13, 32-28, 11-16, 20x11x4, 26-31, 18-15, 3-7, 15-10, 7x14, 12-8, 14-17, 28-24, 17-22, 8-3, 23-26, 24-20, 31-27, 20-16, 26-30, 16-11, 13-17, 11-7, 30-26, 3-8, 22-25, 7-3, 26-23, 3-7, 25-30, 7-10, 23-26, 10-15, 27-31, 8-11, 31-27, 11-16, 26-23, 15-10, 30-26, 16-20, 17-21, 10-14, 23-19, 20-24, 27x20, 4-8, 20-16, 14-18, 16-11, 8x15x24, 26-31, 18-23, 31-27, 24x31, 21-25, 31-27, 25-29, 27-32, 29-25, 23-18, 25-30, 18-23, 30-25"
550,1,550,1,0,"10-14, 22-17, 11-15, 17x10, 7x14, 26-22, 3-7, 22-18, 15x22, 25x18, 7-10, 21-17, 14x21, 24-19, 10-15, 19x10, 6x15x22, 29-25, 22x29, 23-18, 21-25, 30x21, 12-16, 28-24, 9-14, 18x9, 5x14, 24-20, 16-19, 27-24, 19x28, 31-27, 8-11, 27-24, 29-25, 24-19, 2-6, 21-17, 14x21, 19-16, 25-29, 16x7, 6-9, 7-2, 9-13, 2-6, 1x10, 20-16, 10-15, 16-12, 13-17, 12-8, 4x11, 32-27, 15-18, 27-23, 18x27"
551,1,551,0,0,"9-14, 22-17, 6-9, 23-19, 1-6, 24-20, 12-16, 19x12, 14-18, 28-24, 11-15, 26-23, 7-11, 23x14x7, 3x10, 12x3, 11-16, 20x11, 15-18, 11-7, 2x11, 3-8, 11-16, 17-13, 4x11, 32-28, 9-14, 21-17, 14x21, 24-20, 10-15, 30-26, 21x30x23x32, 28-24, 18-22, 31-27, 32x23, 29-25, 22x29, 13-9, 6x13, 24-19, 15x24"
552,1,552,0,1,"10-15, 22-18, 15x22, 26x17, 11-16, 23-18, 7-11, 24-20, 6-10, 27-23, 3-7, 31-26, 10-14, 17x10x3, 9-13, 21-17, 13x22x31, 28-24, 2-7, 3x10, 31-27, 23-19, 16x23, 30-26, 23x30x21, 32x23, 21-17, 18-14, 17-13, 24-19, 5-9, 14x5, 11-15, 23-18, 15x22, 29-25, 22x29, 10-7, 1-6, 19-16, 12x19, 7-3, 13-17, 3x12, 17-13, 5-1, 19-24, 1x10, 13-17, 10-15, 17-13, 15-18, 29-25, 12-16, 25-30, 18-23, 13-9, 16-11, 4-8, 11x4, 30-26, 23x30, 9-5, 4-8, 5-1, 20-16, 24-27, 8-12, 1-6, 30-25, 6-9, 25-22, 9-14, 16-11, 27-32, 11-8, 14-10, 8-3, 10-15, 3-7, 15-19, 22-25, 19-16, 12x19, 32-28, 7-2, 28-32, 25-21, 32-27, 21-25, 27-31, 25-22, 31-26, 22x31"
553,1,553,0,0,"9-14, 24-19, 10-15, 19x10, 6x15, 23-18, 14x23, 26x19x10, 7x14, 27-24, 14-18, 22x15, 11x18, 31-26, 8-11, 26-23, 18x27, 32x23, 12-16, 23-19, 16x23, 25-22, 3-8, 22-17, 2-7, 17-13, 5-9, 13x6, 1x10, 30-26, 23x30, 29-25, 8-12, 25-22, 10-15, 24-20, 7-10, 28-24, 12-16, 22-17, 4-8, 17-14, 10x17, 21x14, 30-26, 14-9, 16-19, 20-16, 19x28, 16x7, 26-30, 7-3, 15-18, 3x12, 18-22, 12-8, 22-25, 8-4, 25-29, 9-6, 29-25, 6-1, 30-26, 1-5, 26-22, 5-1, 28-32, 1-6, 22-17, 6-10, 25-22, 10-14, 17x10, 4-8, 10-15, 8-3, 22-17, 3-7, 15-11, 7x16, 17-21, 16-20, 21-17, 20-16"
554,1,554,0,1,"10-15, 22-18, 15x22, 25x18, 9-14, 18x9, 5x14, 21-17, 14x21, 24-20, 21-25, 30x21, 6-9, 23-19, 12-16, 19x12, 1-6, 20-16, 11x20, 21-17, 7-11, 26-23, 3-7, 12x3x10x1, 4-8, 1-6, 11-16, 6x13, 8-11, 13-9, 11-15, 28-24, 2-6, 9x2, 15-18, 23x14, 16-19, 24x15, 20-24, 27x20"
555,1,555,0,0,"10-15, 22-18, 15x22, 26x17, 11-16, 31-26, 16-20, 25-22, 9-13, 23-18, 6-9, 24-19, 12-16, 19x12, 8-11, 26-23, 4-8, 30-26, 2-6, 27-24, 20x27, 28-24, 11-16, 32-28, 8-11, 29-25, 7-10, 18-14, 9x18, 22x15x8, 13x22x29, 21-17, 10-14, 17x10, 6x15, 26-22, 15-19, 24x15, 3-7, 8-4, 1-6, 23-18, 29-25, 15-11, 27-31, 11x2x9, 5x14x23, 12-8, 25x18, 28-24, 16-20, 8-3, 20x27, 4-8, 23-26, 3-7, 18-15, 8-11, 15x8, 7-2, 8-3, 2-6, 27-32, 6-1, 31-27, 1-5, 26-31, 5-9, 3-8, 9-6, 8-3, 6-9"
556,1,556,0,1,"12-16, 22-18, 16-20, 25-22, 11-16, 18-15, 10x19, 24x15, 7-10, 23-18, 10x19, 21-17, 19-24, 28x19x12, 3-7, 12x3x10, 6x15, 18x11, 9-14, 17x10, 20-24, 27x20, 2-7, 11x2, 4-8, 26-23, 1-6, 10x1, 8-11, 32-28, 11-16, 20x11, 5-9, 30-26, 9-14, 11-8, 14-17, 22x13"
557,1,557,0,1,"11-16, 23-18, 10-14, 24-19, 16x23, 26x19, 14x23, 27x18, 12-16, 19x12, 9-13, 21-17, 8-11, 32-27, 4-8, 27-24, 6-10, 31-26, 10-14, 18x9, 5x14x21, 24-20, 7-10, 26-23, 11-16, 20x11x4, 3-7, 28-24, 1-6, 22-17, 13x22, 25x18, 7-11, 4-8, 10-14, 8x15, 14-17, 23-19, 2-7, 12-8, 7-10, 8-3, 17-22, 3-8, 22-25, 29x22, 6-9, 15x6x13, 21-25, 30x21"
558,1,558,1,0,"12-16, 24-20, 11-15, 20x11, 7x16, 28-24, 3-7, 22-17, 9-14, 24-19, 15x24, 27x20x11, 7x16, 32-27, 8-11, 27-24, 10-15, 17x10, 16-20, 23-18, 20x27, 31x24, 15x22x31, 24-19, 6x15x24, 30-26, 31x22, 25x18, 4-8, 21-17, 5-9, 29-25, 1-5, 17-13, 11-16, 13x6, 2x9, 18-14, 9x18, 25-22, 18x25"
559,1,559,0,0,"10-14, 21-17, 14x21, 24-19, 9-14, 22-18, 5-9, 27-24, 12-16, 19x12, 1-5, 24-19, 11-15, 19x10x1, 7-10, 1-6, 10-15, 18x11, 8x15, 6x13, 2-7, 12-8, 4x11, 13-17, 14-18, 23x14, 3-8, 17-13, 15-19, 26-22, 19-24, 28x19, 11-16, 19x12x3x10, 5-9, 14x5"
560,1,560,0,1,"9-13, 21-17, 11-16, 24-19, 8-11, 22-18, 13x22, 26x17, 16-20, 19-16, 12x19x26, 31x22, 3-8, 27-23, 6-9, 32-27, 10-14, 17x10x3x12, 4-8, 12x3, 9-14, 18x9, 5x14, 22-18, 11-15, 18x11, 1-6, 11-7, 2x11, 3-7, 6-10, 7x16, 14-17, 16-12, 10-14, 30-26, 17-21, 23-18, 21x30x23x32, 18x9, 20-24, 28x19, 32-28, 12-8, 28-24, 9-6, 24x15, 8-4, 15-11, 6-1, 11-8, 4x11"
561,1,561,1,0,"11-15, 23-19, 10-14, 19x10, 6x15, 22-17, 15-18, 17x10, 7x14, 26-22, 2-6, 22x15, 12-16, 15-11, 8x15, 21-17, 14x21, 27-23, 16-20, 25-22, 20x27, 31x24, 9-14, 23-18, 14x23, 24-19, 15x24, 28x19, 23-26, 30x23, 5-9, 23-18, 21-25, 18-14, 9x18, 22x15, 25-30, 15-11, 1-5, 29-25, 30x21, 19-16, 3-8, 11-7, 6-10, 32-27, 21-25, 7-3, 25-22, 3x12, 22-18, 16-11, 10-15, 12-8, 18-23, 27x18, 15x22, 8-3, 22-26, 3-8, 26-31, 11-7, 4x11, 7-3, 11-15, 3-7, 5-9, 7-10, 9-13, 10x19, 31-26, 19-23, 26x19"
562,1,562,1,0,"11-16, 24-19, 9-14, 19-15, 10x19, 21-17, 14x21, 28-24, 19x28, 22-18, 7-11, 18-14, 11-15, 23-19, 15x24, 27x20x11, 8x15, 14-9, 6x13, 26-22, 3-7, 32-27, 15-18, 22x15, 4-8, 27-23, 12-16, 15-11, 8x15, 31-26, 15-19, 26-22, 19x26, 30x23, 21x30, 29-25, 30x21, 23-19, 16x23, 22-17, 13x22"
563,1,563,1,0,"11-15, 24-20, 15-19, 23x16, 12x19, 27-23, 9-13, 23x16, 10-14, 16-12, 7-11, 21-17, 14x21, 22-18, 5-9, 32-27, 11-16, 20x11, 8x15x22, 25x18, 2-7, 30-25, 21x30x23x32, 31-26, 9-14, 18x9x2x11, 32-27, 12-8, 3x12, 11-15, 12-16, 15-11, 1-6, 11x20, 27-31, 28-24, 31x22, 29-25, 22x29, 24-19, 6-10, 19-15, 10x19, 20-24, 19x28"
564,1,564,0,0,"9-13, 22-17, 13x22, 25x18, 11-15, 18x11, 7x16, 29-25, 10-14, 21-17, 14x21, 23-18, 2-7, 18-14, 8-11, 26-22, 3-8, 22-18, 6-9, 25-22, 21-25, 30x21, 16-19, 24x15, 12-16, 28-24, 16-20, 22-17, 9-13, 14-10, 13x22, 10x3x12, 11-16, 12x19, 5-9, 18-14, 9x18, 19-23, 22-25, 23x14, 4-8, 31-26, 8-11, 15x8, 1-6, 26-22, 25-29, 27-23, 20x27, 21-17, 6-10, 14x7, 29-25, 7-2, 25x18, 23x14, 27-31, 32-28, 31-26, 28-24, 26-23, 24-20, 23-27, 14-10, 27-24, 10-6, 24-28, 2-7, 28-32, 7-3, 32-27, 6-1, 27-31, 17-13, 31-26, 8-4, 26-30, 3-8, 30-26, 8-3"
565,1,565,0,1,"9-14, 23-19, 5-9, 26-23, 14-17, 21x14x5, 11-16, 24-20, 10-14, 20x11, 7x16, 19-15, 8-11, 15x8, 4x11, 22-18, 6-9, 18-15, 11x18, 31-26, 3-7, 28-24, 14-17, 23x14, 9x18, 32-28, 16-19, 24x15, 12-16, 25-21, 2-6, 21x14, 16-20, 30-25, 7-11, 15x8, 6-10, 14x7, 1-6, 27-24, 20x27, 25-21, 18-23, 26x19, 27-32, 8-3, 32-27, 21-17, 27-24, 17-14, 24x15, 5-1, 15-10, 7-2, 10x17, 2x9, 17-22, 1-6, 22-17, 6-10, 17-14, 10x17"
566,1,566,0,1,"9-14, 24-20, 12-16, 27-24, 11-15, 20x11, 7x16, 32-27, 6-9, 24-19, 15x24, 28x19x12, 8-11, 22-17, 14-18, 23x14x7, 3x10, 26-22, 4-8, 12x3, 10-15, 17-13, 11-16, 13x6, 2x9, 27-23, 16-19, 23x16, 9-14, 16-12, 15-18, 22x15, 5-9, 15-11, 1-6, 21-17, 14x21, 25-22, 21-25, 30x21, 9-13, 11-8, 6-9, 22-18, 13-17, 21x14x5"
567,1,567,0,0,"11-16, 23-19, 16x23, 26x19, 9-13, 31-26, 7-11, 27-23, 3-7, 23-18, 11-16, 19-15, 10x19, 24x15, 8-11, 15x8, 4x11, 22-17, 13x22x31, 21-17, 11-15, 18x11, 31-26, 30x23, 7-10, 11-8, 16-20, 28-24, 20x27, 17-13, 5-9, 25-22, 12-16, 32-28, 16-19, 23x16, 10-14, 22-18, 14x23, 29-25, 27-32, 25-22, 9-14, 8-4, 6-10, 28-24, 23-27, 22-17, 14x21, 4-8, 27-31, 24-19, 10-14, 8-11, 31-26, 13-9, 32-27, 11-15, 26-22, 9-6, 1x10, 15x6, 2x9, 16-12, 14-18, 19-15, 9-14, 15-11, 14-17, 11-8, 27-31, 8-4, 31-27, 4-8"
568,1,568,0,0,"12-16, 22-17, 16-20, 24-19, 10-14, 17x10, 6x15x24, 28x19, 11-16, 19x12, 7-10, 25-22, 3-7, 12x3, 9-14, 27-24, 20x27, 31x24, 14-18, 23x14, 10x17, 21x14, 2-6, 3x10, 6x15, 22-18, 15x22x31, 32-28, 31-26, 30x23, 1-6, 24-20, 4-8, 20-16, 8-12, 28-24, 12x19x26, 24-20, 26-30, 14-9, 6x13, 29-25, 30x21, 20-16, 21-25, 16-12, 25-30, 12-8, 5-9, 8-4, 9-14, 4-8, 14-18, 8-3, 13-17, 3-8, 30-26, 8-11, 17-21, 11-8, 26-30"
569,1,569,1,0,"11-16, 22-18, 8-11, 21-17, 9-13, 25-22, 11-15, 18x11, 16-20, 30-25, 7x16, 22-18, 13x22, 26x17, 5-9, 17-13, 9-14, 18x9, 1-5, 23-18, 5x14x23, 27x18, 20x27, 32x23, 16-20, 13-9, 6x13, 23-19, 3-7, 25-21, 2-6, 31-27, 6-9, 28-24, 4-8, 29-25, 10-14, 27-23, 20x27, 19-15, 12-16, 21-17, 14x21x30, 23-19, 16x23, 18-14, 9x18, 15-11, 8x15"
570,1,570,0,0,"11-16, 23-18, 16-19, 24x15, 10x19, 18-15, 8-11, 15x8, 4x11, 27-23, 9-14, 23x16, 11x20, 22-17, 20-24, 17x10, 6x15, 28x19x10, 7x14, 32-28, 2-6, 31-27, 12-16, 26-22, 6-9, 30-26, 16-20, 27-24, 20x27, 28-24, 14-17, 22x13x6, 1x10, 25-22, 27-31, 29-25, 3-8, 24-20, 31-27, 20-16, 10-14, 26-23, 27x18, 22x15, 8-12, 25-22, 12x19, 22-18, 14x23, 15-10, 23-27, 21-17, 27-31, 17-14, 31-26, 10-6, 26-22, 14-10, 22-18, 6-2, 5-9, 10-7, 18-22, 2-6, 9-13, 6-1, 13-17, 1-6, 22-18, 7-2, 18-23, 6-10, 19-24, 2-7, 17-22, 10-14, 22-26, 7-11, 23-27, 11-15, 27-31, 15-11, 26-30, 14-18, 30-26, 18-14"
571,1,571,1,0,"9-14, 22-17, 14-18, 23x14, 11-15, 27-23, 5-9, 14x5, 6-9, 31-27, 9-13, 26-22, 15-18, 22x15x6, 1x10, 24-20, 13x22, 25x18, 2-6, 30-26, 6-9, 28-24, 8-11, 26-22, 11-15, 18x11x2, 10-15, 2-7, 3x10, 21-17, 4-8, 5-1, 9-13, 22-18, 15x22, 20-16, 12x19x26, 32-28, 26-31, 29-25, 22x29, 27-23, 13x22, 23-18, 31-26, 1-6, 26-23, 6x15, 23x14, 15-10, 14x7, 24-19, 7-10, 19-15, 10x19, 28-24, 19x28"
572,1,572,1,0,"12-16, 24-20, 16-19, 23x16, 9-14, 21-17, 14x21, 28-24, 10-15, 26-23, 6-9, 23-19, 9-13, 19x10, 7x14, 16x7, 3x10, 27-23, 8-11, 31-27, 10-15, 20-16, 11x20, 30-26, 21x30, 23-19, 30x23x16, 29-25, 14-17, 25-21, 17x26, 32-28, 2-6, 21-17, 13x22, 24-19, 16x23x32, 28-24, 20x27"
573,1,573,0,1,"9-14, 24-20, 5-9, 23-19, 11-16, 20x11, 8x15x24, 28x19, 12-16, 19x12, 4-8, 21-17, 14x21, 22-17, 10-14, 17x10, 7x14, 25-22, 21-25, 30x21, 2-7, 22-17, 9-13, 17x10, 6x15, 26-22, 8-11, 27-23, 1-6, 22-17, 13x22, 29-25, 22x29, 21-17, 15-19, 23x16, 11x20, 31-26, 7-11, 26-23, 6-10, 32-27, 3-7, 23-18, 11-16, 17-13, 20-24, 27x20x11x2, 10-14, 18x9, 29-25, 12-8, 25-29, 9-6, 29-25, 8-4, 25-22, 4-8, 22-18, 6-1, 18-14, 8-4, 14-9, 13x6"
574,1,574,0,0,"10-14, 23-18, 14x23, 26x19, 9-14, 21-17, 14x21, 27-23, 5-9, 30-26, 21x30, 31-27, 12-16, 19x12, 9-14, 24-20, 11-15, 22-17, 14x21, 23-19, 30x23x16, 20x11, 7x16, 27-24, 6-9, 24-19, 15x24, 28x19, 16x23, 32-27, 23x32, 29-25, 21x30"
575,1,575,1,0,"9-13, 22-18, 10-14, 18x9, 5x14, 21-17, 13x22, 25x18x9, 6x13, 24-19, 2-6, 29-25, 11-15, 19x10, 7x14, 23-18, 14x23, 26x19, 12-16, 19x12, 13-17, 28-24, 1-5, 24-20, 17-21, 31-26, 5-9, 27-24, 9-13, 26-22, 6-9, 32-27, 13-17, 22x13x6, 8-11, 12-8, 3x12, 30-26, 21x30x23x32, 6-2, 32-27, 20-16, 11x20, 24-19, 27-32, 2-7, 32-27, 7-11, 4-8, 11x4, 27-24, 4-8, 24x15, 8-11, 15x8"
576,1,576,0,0,"10-14, 22-18, 11-16, 26-22, 9-13, 18x9, 5x14, 24-20, 14-17, 20x11, 8x15, 21x14, 3-8, 30-26, 1-5, 14-9, 5x14, 23-18, 14x23x30x21, 27-24, 15-18, 22x15, 12-16, 24-19, 16x23, 31-26, 23x30, 29-25, 6-10, 15x6, 2x9, 28-24, 13-17, 25-22, 17x26, 32-28, 21-17, 24-19, 17-21, 19-15, 7-11, 15-10, 11-15, 28-24, 15-18, 24-20, 9-13, 20-16, 18-22, 16-11, 8x15, 10-6, 30-25, 6-1, 25-30, 1-5, 15-19, 5-1, 30-25"
577,1,577,0,1,"10-15, 22-17, 9-14, 17x10, 7x14, 25-22, 12-16, 24-19, 15x24, 28x19x12, 5-9, 23-18, 14x23, 27x18, 6-10, 29-25, 2-6, 18-14, 9x18, 22x15, 10x19, 21-17, 6-9, 32-27, 9-14, 17x10, 1-6, 10x1, 19-23, 26x19, 3-7, 12x3x10, 4-8, 31-26, 11-15, 10-14, 15x24x31x22x29, 14-18, 29-25, 30x21, 8-11, 18-15, 11x18, 21-17, 18-22, 1-6, 22-26, 17-13, 26-30, 6-1, 30-26, 13-9, 26-31, 9-6, 31-27, 1-5, 27-32, 6-2, 32-27, 5-9, 27-23, 9-13, 23-27, 13-17, 27-23, 17-21, 23-18, 21-25, 18-15, 25-22, 15-18, 22x15"
578,1,578,0,1,"9-13, 21-17, 5-9, 22-18, 13x22, 26x17, 12-16, 24-19, 1-5, 19x12, 11-15, 18x11, 8x15, 25-22, 9-14, 22-18, 15x22, 30-25, 14x21x30, 23-18, 30-25, 31-26, 22x31x24, 29x22, 24-27, 32x23, 3-8, 12x3, 6-9, 22-17, 4-8, 3x12, 7-11, 12-8, 11-15, 18x11, 2-6, 8-12, 9-13, 23-18, 13x22, 11-8, 10-14, 18x9x2, 22-26, 8-4, 26-31, 4-8, 31-27, 2-7, 27-24, 28x19, 5-9, 8-4, 9-13, 7-2, 13-17, 19-16, 17-21, 2-6, 21-25, 6-10, 25-29, 10-7, 29-25, 4-8, 25-30, 8-3, 30-26, 7-11, 26-22, 11-15, 22-18, 15x22"
579,1,579,0,0,"11-16, 22-17, 8-11, 26-22, 16-19, 24x15x8, 4x11, 28-24, 9-14, 23-18, 14x23, 27x18, 10-15, 30-26, 7-10, 31-27, 6-9, 24-20, 9-14, 18x9, 5x14, 20-16, 11x20, 17-13, 14-17, 21x14x7, 2x11, 27-23, 11-16, 32-28, 15-18, 22x15, 1-5, 28-24, 20x27, 13-9, 5x14, 15-11, 14-17, 25-21, 27-32, 21x14, 16-19, 23x16, 12x19, 11-8, 3x12, 14-10, 12-16, 26-23, 19x26, 29-25, 16-20, 25-22, 26-31, 10-7, 32-27, 22-17, 31-26, 17-14, 26-23, 7-3, 27-24, 3-8, 23-26, 8-3, 26-22, 14-9, 22-25, 9-6, 25-22, 6-1, 22-25, 3-8, 24-19, 8-11, 25-29, 1-5, 19-16, 5-9, 16x7, 9-14, 7-3, 14-17, 3-7, 17-14"
580,1,580,1,0,"10-14, 24-19, 6-10, 21-17, 14x21, 28-24, 11-15, 19-16, 12x19x28, 22-18, 15x22, 25x18, 10-15, 18x11, 7x16, 27-24, 8-11, 29-25, 1-6, 25-22, 9-14, 23-19, 16x23, 26x19, 11-15, 19x10x1, 3-8, 30-25, 21x30, 24-20, 14-17, 22x13, 5-9, 13x6, 2x9, 31-26, 30x23, 20-16, 23-26, 1-5, 9-13, 5-9, 26-30, 9-5, 30-25, 32-27, 25-29, 5-9, 13-17, 9-14, 17-22, 14-18, 22-25, 18-23, 8-12, 16-11, 4-8, 11x4, 12-16, 23-26, 16-20, 4-8, 25-30, 8-12, 30x23x32, 12-16, 29-25, 16-19, 20-24, 19-16, 25-22, 16-19, 22-17, 19-16, 32-27, 16-20, 27-31, 20x27, 31x24"
581,1,581,0,1,"12-16, 24-20, 16-19, 23x16, 11-15, 28-24, 9-13, 27-23, 8-12, 16-11, 7x16, 20x11, 12-16, 32-27, 4-8, 11x4, 3-8, 4x11x20, 6-9, 21-17, 9-14, 23-19, 14x21, 22-18, 15x22, 26x17, 13x22, 25x18, 10-15, 18x11, 5-9, 19-15, 1-5, 11-8, 9-13, 31-26, 2-7, 8-4, 13-17, 20-16, 7-11, 15x8, 21-25, 29x22x13, 5-9, 13x6"
582,1,582,0,0,"12-16, 22-17, 10-15, 23-19, 16x23, 27x18, 15x22, 25x18, 11-16, 24-20, 9-14, 17x10, 6x15x22, 26x17, 16-19, 29-25, 19-23, 17-13, 2-6, 30-26, 23x30, 25-22, 8-11, 28-24, 11-15, 13-9, 6x13, 32-27, 15-19, 24x15, 13-17, 22x13, 5-9, 13x6, 1x10x19, 20-16, 7-11, 16x7, 3x10, 27-23, 19x26, 31x22, 10-14, 22-18, 14x23, 21-17, 23-26, 17-14, 4-8, 14-10, 30-25, 10-7, 26-30, 7-2, 30-26, 2-7"
583,1,583,0,0,"10-14, 23-18, 14x23, 27x18, 7-10, 21-17, 11-16, 24-20, 10-14, 17x10, 6x15, 18x11, 8x15, 20x11, 1-6, 25-21, 15-18, 22x15, 3-7, 26-22, 7x16, 29-25, 2-7, 31-27, 7-11, 15x8, 4x11, 22-17, 16-19, 28-24, 19x28, 17-13, 11-15, 27-23, 15-18, 23x14, 9x18, 32-27, 18-23, 27x18, 5-9, 30-26, 9-14, 18x9x2, 28-32, 21-17, 32-27, 17-14, 27-31, 2-6, 31x22x29, 6-1, 12-16, 1-5, 29-25, 14-9, 25-29, 5-1"
584,1,584,1,0,"11-15, 22-18, 15x22, 26x17, 10-14, 17x10, 7x14, 21-17, 14x21, 24-19, 2-7, 19-16, 12x19x26, 31x22, 9-13, 30-26, 21x30x23, 27x18, 6-9, 22-17, 13x22, 18-15, 22-25, 29x22, 8-12, 15-10, 7x14, 28-24, 4-8, 32-27, 1-6, 22-17, 14x21, 24-20, 8-11, 27-24, 3-7, 20-16, 11x20x27"
585,1,585,0,0,"9-14, 22-18, 6-9, 23-19, 14x23, 27x18, 10-15, 19x10, 7x14x23, 26x19, 1-6, 30-26, 3-7, 19-16, 12x19, 24x15, 11x18, 32-27, 18-22, 26x17, 7-10, 31-26, 2-7, 27-23, 7-11, 23-19, 9-14, 28-24, 6-9, 26-22, 10-15, 17x10, 9-13, 19-16, 11x20x27, 22-18, 15x22, 25x18, 5-9, 10-6, 13-17, 21x14x5, 8-11, 18-15, 11x18, 6-2, 27-32, 2-7, 32-27, 7-10, 27-32, 10-6"
586,1,586,0,1,"9-13, 23-19, 10-14, 21-17, 14x21, 22-17, 13x22, 25x18, 11-16, 26-23, 8-11, 24-20, 21-25, 29x22, 11-15, 18x11, 3-8, 27-24, 8x15, 19x10x3, 5-9, 20x11, 2-7, 3x10, 6x15, 32-27, 4-8, 11x4, 15-19, 24x15, 12-16, 15-11, 1-5, 11-7, 9-13, 7-2, 16-20, 22-18, 13-17, 27-24, 20x27, 31x24, 5-9, 2-6, 9-14, 18x9, 17-21, 9-5, 21-25, 30x21"
587,1,587,0,0,"11-15, 23-18, 15-19, 24x15, 10x19, 18-14, 9x18, 22x15, 8-11, 15x8, 4x11, 26-23, 19x26, 30x23, 11-15, 25-22, 15-19, 23x16, 12x19, 31-26, 7-11, 27-23, 6-9, 23x16x7, 2x11, 29-25, 11-15, 22-17, 1-6, 17-14, 9x18, 25-22, 18x25, 26-23, 5-9, 23-18, 15x22, 32-27, 25-30, 28-24, 9-14, 24-19, 3-8, 27-23, 8-11, 19-16, 11x20, 21-17, 14x21, 23-19, 20-24, 19-16, 6-9, 16-12, 22-26, 12-8, 9-14, 8-4, 24-27, 4-8, 21-25, 8-12, 26-31, 12-8, 31-26"
588,1,588,0,1,"12-16, 24-19, 9-13, 19x12, 11-16, 22-17, 13x22, 26x17, 16-19, 23x16, 8-11, 31-26, 11x20, 27-24, 20x27, 32x23, 6-9, 23-18, 7-11, 17-14, 10x17, 21x14, 4-8, 18-15, 11x18, 25-21, 3-7, 12x3x10, 1-6, 10x1, 2-6, 1x10, 18-23, 26x19, 9x18, 19-15, 18-23, 21-17, 23-26, 30x23, 5-9, 23-18, 9-14, 18x9"
589,1,589,0,0,"11-15, 21-17, 15-19, 24x15, 10x19, 23x16, 12x19, 25-21, 7-10, 17-14, 10x17, 21x14, 9x18x25, 29x22, 3-7, 26-23, 19x26, 30x23, 7-11, 22-18, 11-16, 28-24, 8-11, 18-14, 16-20, 23-19, 2-7, 14-10, 7x14, 31-26, 6-10, 27-23, 20x27, 26-22, 1-6, 22-18, 11-16, 18x9x2, 5-9, 19x12, 9-14, 32-28, 14-18, 23x14x7, 4-8, 12x3, 27-32, 3-8, 32-27, 7-3, 27-23, 8-12, 23-27, 12-8"
590,1,590,0,1,"9-14, 24-20, 14-17, 22x13, 11-15, 23-18, 15x22, 25x18, 10-14, 18x9, 5x14, 28-24, 8-11, 21-17, 14x21, 26-23, 4-8, 30-26, 1-5, 23-19, 21-25, 29x22, 6-9, 13x6, 2x9, 22-18, 11-16, 20x11x4, 7-10, 4-8, 9-13, 8-4, 12-16, 19x12, 10-14, 18x9, 5x14, 4-8, 3-7, 26-23, 7-11, 8x15, 13-17, 23-18, 14x23, 27x18, 17-22, 15-10, 22-26, 31x22"
591,1,591,1,0,"11-15, 23-18, 12-16, 18x11, 8x15, 27-23, 7-11, 22-18, 15x22, 26x17, 3-8, 17-14, 10x17, 21x14, 9x18x27, 32x23, 16-20, 25-21, 20x27, 31x24, 5-9, 30-26, 2-7, 24-20, 7-10, 21-17, 10-14, 17x10, 6x15, 23-18, 15x22x31, 20-16, 11x20, 29-25, 1-6, 28-24, 20x27, 25-22, 8-12, 22-18, 4-8, 18-14, 9x18"
592,1,592,0,0,"11-16, 21-17, 16-20, 23-18, 9-13, 27-23, 20x27, 31x24, 10-14, 18x9, 5x14x21, 23-18, 12-16, 26-23, 1-5, 32-27, 16-19, 24x15, 7-10, 30-26, 10x19, 23x16, 21x30x23x32, 18-14, 5-9, 14x5, 8-12, 22-18, 12x19, 5-1, 3-8, 1x10, 32-27, 18-14, 27-23, 29-25, 2-7, 10x3x12, 23-26, 28-24, 19x28, 12-16, 26-31, 16-12, 31-26"
593,1,593,0,0,"10-15, 23-18, 6-10, 22-17, 15x22, 25x18, 10-14, 17x10, 7x14x23, 26x19, 1-6, 19-16, 12x19, 24x15, 11x18, 30-25, 6-10, 27-24, 2-7, 21-17, 8-12, 25-22, 18x25, 29x22, 12-16, 17-13, 10-15, 13x6, 3-8, 24-19, 16x23, 31-27, 15-18, 22x15, 5-9, 27x18, 9-14, 18x9, 7-11, 9-5, 11x18, 6-1, 18-22, 1-6, 22-26, 5-1, 26-30, 1-5, 30-25"
594,1,594,0,1,"11-16, 23-19, 16x23, 27x18, 10-15, 18x11, 8x15, 32-27, 9-14, 24-19, 15x24, 27x20, 12-16, 20x11, 7x16, 28-24, 6-9, 22-18, 14x23, 26x19x12, 1-6, 31-26, 9-14, 24-20, 3-7, 20-16, 4-8, 12x3x10x17, 5-9, 26-23, 2-7, 17-14, 9x18x27, 30-26, 6-10, 25-22, 10-15, 26-23, 7-10, 23-19, 15x24, 21-17, 10-14, 17x10, 27-31, 16-12, 24-27, 22-18, 27-32, 18-15, 32-27, 12-8, 27-24, 10-7, 31-27, 8-4, 27-31, 15-10, 24-19, 4-8, 19-16, 7-3, 16-11, 8x15, 31-27, 29-25, 27-31, 15-18, 31-26, 10-7, 26-23, 18x27"
595,1,595,0,0,"9-14, 24-20, 14-17, 22x13, 10-14, 27-24, 6-10, 23-19, 14-17, 21x14, 10x17, 25-22, 11-15, 19x10, 7x14, 31-27, 12-16, 20x11, 8x15, 22-18, 15x22x31, 24-20, 31x24, 28x19, 5-9, 13x6, 1x10, 19-16, 14-18, 32-28, 3-8, 16-11, 8x15, 28-24, 18-22, 29-25, 22x29, 20-16, 2-6, 16-11, 29-25, 30x21x14x7, 15-18, 24-20, 6-9, 11-8, 4x11, 20-16, 11x20, 7-3, 20-24, 3-7, 24-28, 7-11, 9-14, 11-15, 18-23, 15-10, 23-27, 10x17, 28-32, 17-14, 27-31, 14-10, 32-27, 10-6, 31-26, 6-10, 26-30, 10-6, 27-32, 6-2, 30-26, 2-7, 26-31, 7-10"
596,1,596,0,1,"9-13, 24-20, 11-16, 20x11, 7x16, 21-17, 2-7, 27-24, 10-14, 17x10, 6x15, 23-19, 16x23, 26x19x10, 7x14, 31-27, 12-16, 27-23, 1-6, 22-18, 3-7, 18x9x2x11x20, 13-17, 30-26, 5-9, 24-19, 9-13, 28-24, 17-22, 25x18, 13-17, 19-15, 8-12, 24-19, 17-22, 26x17, 4-8, 32-28, 8-11, 15x8, 12-16, 19x12"
597,1,597,0,0,"10-14, 24-20, 12-16, 27-24, 9-13, 23-19, 16x23, 26x19, 6-9, 22-17, 13x22, 25x18, 14x23, 31-27, 8-12, 27x18, 9-14, 18x9, 5x14, 32-27, 11-16, 20x11, 7x16x23x32, 24-20, 1-5, 28-24, 32-27, 30-25, 14-17, 21x14, 5-9, 14x5, 27-31, 25-22, 3-8, 20-16, 12x19x28, 22-18, 31-27, 5-1, 2-6, 1x10, 28-32, 10-6, 8-12, 18-14, 27-23, 29-25, 23-26, 6-9, 26-30, 9-6, 30x21, 6-1, 32-27, 1-5, 27-23, 14-10, 12-16, 5-9, 23-27, 9-6, 16-19, 10-7, 27-24, 6-1, 24-20, 7-2, 4-8, 2-7, 19-23, 7-2, 20-24, 2-6, 21-25, 6-2, 24-20"
598,1,598,0,1,"9-13, 22-18, 11-15, 18x11, 7x16, 26-22, 10-15, 23-19, 16x23, 27x18x11, 8x15, 31-27, 6-9, 22-17, 13x22, 25x18x11, 3-7, 27-23, 7x16, 21-17, 1-6, 30-25, 9-13, 24-20, 13x22, 25x18, 2-7, 20x11x2x9, 5x14, 18x9, 4-8, 28-24, 12-16, 9-5, 16-19, 23x16, 8-11, 16x7"
599,1,599,1,0,"9-14, 22-17, 6-9, 17-13, 11-15, 13x6, 2x9, 21-17, 14x21, 24-20, 10-14, 23-19, 15x24, 28x19, 7-11, 32-28, 11-15, 19x10, 9-13, 26-22, 12-16, 20x11, 8x15, 30-26, 21x30x23x32, 31-26, 5-9, 26-23, 13-17, 22x13x6, 3-8, 23-19, 15x24, 28x19, 32-28, 29-25, 28-24, 6-2, 24x15x6, 2x9x18, 8-12, 25-22, 12-16, 18-23, 16-20, 23-27, 4-8, 22-17, 1-5, 17-14, 8-11, 27-24, 20x27, 14-9, 5x14"
600,1,600,0,0,"10-15, 23-19, 11-16, 19x10, 6x15, 24-20, 15-19, 20x11, 7x16, 22-17, 16-20, 25-22, 12-16, 17-13, 3-7, 13x6, 2x9, 26-23, 19x26, 30x23, 7-11, 28-24, 8-12, 21-17, 11-15, 31-26, 1-6, 29-25, 6-10, 24-19, 15x24x31, 32-27, 31x24, 17-13, 10-15, 13x6, 24-28, 23-18, 28-32, 18x11, 32-27, 11-7, 27-23, 26x19, 16x23, 6-1, 4-8, 25-21, 5-9, 22-17, 12-16, 17-14, 9x18, 7-3, 20-24, 3x12x19x26, 24-28, 26-22, 18x25, 1-6, 28-32, 6-1, 25-30, 1-5, 30-25, 5-1"
601,1,601,1,0,"9-14, 21-17, 14x21, 24-19, 11-16, 27-24, 7-11, 31-27, 10-15, 19x10, 6x15, 23-18, 16-20, 22-17, 15x22x31, 17-14, 2-6, 24-19, 31x24x15, 14-9, 5x14, 30-26, 21x30x23, 29-25, 12-16, 25-21, 23-19, 28-24, 19x28, 32-27, 8-12, 27-23, 16-19, 23x16x7, 3x10, 21-17, 14x21"
602,1,602,0,0,"11-15, 21-17, 15-19, 24x15, 10x19, 23x16, 12x19, 22-18, 19-23, 26x19, 9-14, 18x9, 6x13x22, 25x18, 1-6, 30-26, 6-9, 19-16, 9-13, 26-23, 5-9, 16-11, 7x16, 23-19, 16x23, 29-25, 2-7, 18-15, 7-10, 27x18, 10x19, 25-21, 3-7, 28-24, 19x28, 18-14, 9x18, 21-17, 13x22, 31-27, 8-12, 27-23, 18x27, 32x23, 4-8, 23-19, 12-16, 19x12x3x10, 22-26, 10-15, 26-31, 15-18, 28-32, 18-15, 31-27, 15-10, 27-31, 10-14"
603,1,603,0,0,"10-15, 24-19, 15x24, 27x20, 9-13, 21-17, 12-16, 32-27, 5-9, 27-24, 9-14, 17x10, 6x15, 31-27, 1-6, 23-18, 16-19, 27-23, 6-9, 23x16, 13-17, 22x13x6, 15x22x31, 24-19, 2x9, 19-15, 11x18, 25-22, 18x25, 29x22, 31-27, 16-12, 27-32, 30-25, 8-11, 22-17, 3-8, 12x3x10, 11-16, 20x11, 32-27, 10-6, 9-13, 6-1, 13x22x29, 28-24, 27x20, 11-7, 4-8, 7-2, 29-25, 1-5, 8-11, 2-6, 25-30, 6-9, 11-15, 9-13, 30-26, 13-17, 26-22, 17x26, 15-18, 26-23, 18x27, 5-9, 27-32, 9-5, 32-28, 5-1, 28-24, 1-6, 20-16, 6-9, 16-19, 9-5, 24-20, 5-1, 20-24, 1-6"
604,1,604,0,1,"10-14, 23-18, 14x23, 27x18, 11-15, 18x11, 8x15, 24-20, 7-10, 22-18, 15x22, 26x17, 4-8, 17-13, 3-7, 28-24, 7-11, 21-17, 10-14, 17x10, 6x15, 13x6, 1x10, 25-21, 15-19, 24x15x6, 2x9, 20-16, 11x20, 31-27, 9-14, 21-17, 14x21, 32-28, 20-24, 28x19, 8-11, 27-24, 12-16, 19x12, 5-9, 30-25, 21x30, 24-20, 9-13, 12-8, 30-26, 8-4, 13-17, 29-25, 26-22, 25x18, 11-15, 18x11, 17-21, 11-8, 21-25, 8-3, 25-30, 20-16, 30-25, 4-8, 25-22, 16-11, 22-17, 3-7, 17-22, 8-12, 22-18, 7-10, 18-15, 10x19"
605,1,605,0,1,"9-14, 21-17, 14x21, 22-17, 10-15, 24-19, 15x24, 27x20, 5-9, 20-16, 12x19, 23x16, 11x20, 31-27, 1-5, 25-22, 20-24, 27x20, 8-12, 17-13, 6-10, 13x6, 2x9, 29-25, 9-14, 32-27, 12-16, 20x11x2, 14-17, 22x13, 3-8, 28-24, 10-14, 27-23, 14-18, 23x14, 8-12, 25-22, 5-9, 13x6, 12-16, 14-10, 16-20, 24-19, 20-24, 10-7, 21-25, 30x21, 24-27, 22-17, 4-8, 6-1, 27-31, 19-16, 31x22x13, 1-5, 13-9, 5x14, 8-12, 21-17, 12x19, 14-18, 19-23, 18x27"
606,1,606,0,1,"10-15, 24-19, 15x24, 27x20, 6-10, 32-27, 11-15, 22-18, 15x22, 25x18, 10-15, 18x11, 8x15, 23-19, 15x24, 28x19, 12-16, 19x12, 1-6, 20-16, 9-13, 27-23, 7-10, 23-19, 10-15, 19x10x1, 13-17, 21x14, 2-7, 30-25, 7-10, 14x7, 3x10, 26-22, 4-8, 12x3, 5-9, 16-11, 9-14, 1-6, 14-18, 6x15, 18-23, 15-18, 23-27, 31x24"
607,1,607,0,0,"11-15, 24-20, 15-19, 23x16, 12x19, 20-16, 10-14, 16-11, 8x15, 22-18, 14x23, 27x18x11, 7x16, 32-27, 9-14, 28-24, 19x28, 21-17, 14x21, 27-23, 4-8, 25-22, 8-11, 22-17, 6-9, 23-18, 3-8, 18-14, 9x18, 29-25, 1-6, 17-13, 5-9, 25-22, 18x25, 26-23, 11-15, 23-18, 15x22, 31-26, 22x31, 30-26, 31x22"
608,1,608,0,0,"10-15, 24-20, 12-16, 23-18, 8-12, 28-24, 15-19, 24x15x8, 4x11, 22-17, 11-15, 18x11, 9-13, 27-23, 13x22, 26x17, 7-10, 11-7, 2x11, 32-28, 10-14, 17x10, 6x15, 31-26, 3-8, 25-22, 16-19, 23x16x7, 8-11, 20-16, 12x19, 21-17, 19-23, 26x19x10, 5-9, 29-25, 9-14, 7-2, 14x21, 22-18, 1-6, 10x1, 11-15, 18x11"
609,1,609,1,0,"10-15, 24-20, 9-13, 22-17, 13x22, 26x17, 12-16, 23-18, 15x22, 25x18, 6-9, 29-25, 1-6, 17-13, 9-14, 18x9, 5x14, 30-26, 6-9, 13x6, 2x9, 27-24, 14-18, 31-27, 7-10, 26-22, 9-14, 22x15x6, 11-15, 20x11, 14-18, 11-7, 3x10, 27-23, 18x27, 32x23, 10-14, 21-17, 14x21x30, 6-2, 30-26, 2-7, 26x19, 7-11, 8-12, 11x18, 19-16, 24-19, 16x23x14, 28-24, 14-17, 24-19, 17-13, 19-16, 12x19"
610,1,610,0,1,"9-13, 22-17, 13x22, 26x17, 6-9, 23-19, 9-14, 17-13, 10-15, 19x10, 2-6, 24-19, 6x15x24, 28x19, 14-17, 21x14, 5-9, 13x6, 1x10x17, 27-23, 17-21, 25-22, 12-16, 19x12, 11-16, 32-28, 16-19, 23x16, 7-10, 16-11, 8x15, 22-17, 3-7, 30-25, 21x30, 17-14, 10x17, 31-27, 30-25, 29x22x13, 7-11, 13-9, 4-8, 12x3, 15-19, 9-5, 19-23, 27x18, 11-15, 18x11"
611,1,611,0,0,"11-16, 22-17, 10-15, 23-18, 15x22, 25x18, 8-11, 26-23, 16-19, 24x15x8, 4x11, 18-15, 11x18, 23x14, 9x18, 17-14, 18-23, 27x18, 6-10, 29-25, 10x17, 21x14, 2-6, 14-10, 7x14x23, 25-22, 6-10, 31-27, 10-15, 27x18x11, 3-8, 11x4, 1-6, 28-24, 6-10, 30-25, 10-14, 32-27, 12-16, 22-17, 14x21x30, 27-23, 5-9, 24-19, 30-25, 19x12, 25-21, 4-8, 9-13, 8-3, 21-17, 3-8, 17-22, 23-18, 22x15, 8-3, 15-11, 12-8, 11x4, 3-7, 4-8, 7-10, 8-4, 10-7"
612,1,612,0,0,"10-14, 24-19, 7-10, 28-24, 14-18, 23x14x7, 3x10, 22-18, 10-14, 27-23, 6-10, 25-22, 11-15, 18x11, 8x15, 29-25, 2-6, 23-18, 14x23, 21-17, 9-14, 31-27, 14x21, 27x18x11, 5-9, 11-8, 4x11, 22-17, 10-15, 19x10, 6x15, 24-19, 15x24, 25-22, 1-6, 30-25, 21x30x23, 32-28, 11-16, 28x19, 23-18, 22x15, 16x23, 17-13, 23-27, 15-11, 6-10, 13x6, 27-31, 6-1, 31-27, 11-7, 27-23, 1-5, 10-14, 7-3, 23-26, 3-8, 12-16, 8-3, 26-23"
613,1,613,0,1,"12-16, 22-18, 10-14, 21-17, 14x21, 18-14, 9x18, 23x14, 7-10, 14x7, 3x10, 27-23, 11-15, 24-19, 15x24, 28x19x12x3, 2-7, 25-22, 6-9, 23-19, 10-15, 3x10, 15x24, 10-14, 9x18x25, 29x22, 24-27, 31x24, 21-25, 30x21, 1-6, 21-17, 6-9, 22-18, 4-8, 26-23, 9-13, 32-28, 13x22, 24-20, 22-26, 28-24, 26-31, 20-16, 8-11, 16x7, 5-9, 23-19, 9-14, 18x9, 31-27, 19-15, 27x20, 15-11, 20-16, 9-5, 16-12, 7-2, 12-16, 5-1, 16x7, 2x11"
614,1,614,0,1,"12-16, 23-18, 10-15, 24-20, 15-19, 18-15, 11x18, 22x15, 7-10, 20x11, 9-13, 27-24, 8-12, 25-22, 3-8, 22-18, 2-7, 11x2x9, 5x14x23, 15x6, 1x10, 24x15x6, 12-16, 26x19x12x3, 4-8, 3x12, 13-17, 21x14"
615,1,615,1,0,"10-15, 23-18, 9-14, 18x9, 5x14, 27-23, 15-18, 22x15, 11x18x27, 32x23, 14-18, 23x14, 7-11, 31-27, 2-7, 14-9, 6x13, 21-17, 13x22x31, 24-20, 31x24, 28x19, 1-5, 20-16, 11x20, 19-15, 20-24, 25-22, 12-16, 15-11, 8x15, 22-18, 15x22, 30-26, 22x31, 29-25, 24-28, 25-21, 7-11, 21-17, 16-19, 17-14, 31-27, 14-9, 5x14"
616,1,616,1,0,"11-16, 21-17, 10-15, 17-13, 9-14, 24-20, 16-19, 23x16, 12x19, 27-23, 6-9, 13x6, 2x9, 23x16, 7-11, 16x7, 3x10, 25-21, 9-13, 22-18, 15x22, 26x17, 13x22, 20-16, 8-12, 32-27, 12x19, 28-24, 19x28, 30-25, 28-32, 25x18x9, 5x14, 31-26, 32x23x30, 21-17, 14x21, 29-25, 10-14, 25-22, 21-25, 22-18, 14x23"
617,1,617,1,0,"11-15, 24-19, 15x24, 27x20, 8-11, 31-27, 9-13, 21-17, 6-9, 25-21, 12-16, 17-14, 9x18x25, 29x22, 16-19, 23x16, 13-17, 22x13, 11-15, 30-25, 5-9, 13x6, 2x9, 27-24, 7-11, 16x7, 1-5, 32-27, 3-8, 7-2, 9-13, 25-22, 10-14, 24-19, 15x24x31, 22-18, 31x22x15, 21-17, 13x22, 2-7, 14-18, 7-3, 22-25, 3x12, 5-9, 12-8, 4x11, 20-16, 11x20, 28-24, 20x27"
618,1,618,0,1,"12-16, 23-18, 10-15, 24-19, 16x23, 26x19x10, 7x14x23, 27x18, 9-14, 18x9, 5x14, 21-17, 14x21, 31-27, 3-7, 22-17, 6-10, 30-26, 21x30x23, 27x18, 10-14, 18x9, 11-15, 17-14, 7-10, 14x7, 2x11, 32-27, 1-6, 9x2, 11-16, 27-24, 16-19, 2-7, 19-23, 29-25, 15-19, 24x15, 8-12, 28-24, 4-8, 15-10, 23-27, 24-19, 12-16, 19x12x3, 27-31, 3-8, 31-26, 7-2, 26-23, 8-12, 23-27, 10-6, 27-31, 6-1, 31-27, 2-6, 27-24, 12-16, 24-27, 25-21, 27-23, 6-2, 23-19, 16x23"
619,1,619,1,0,"12-16, 23-18, 10-15, 22-17, 15x22, 25x18, 16-20, 18-15, 11x18, 17-14, 7-11, 26-22, 18x25, 29x22, 9x18x25, 24-19, 25-29, 28-24, 29-25, 19-15, 11x18, 32-28, 5-9, 27-23, 18x27, 24-19, 20-24, 31-26, 25-22, 26x17, 6-10, 19-16, 10-14, 17x10, 8-11, 16x7, 2x11, 28x19, 11-15, 10-7, 3x10, 21-17, 15x24, 17-14, 10x17, 30-25, 27-31, 25-21, 1-5, 21x14, 9x18"
620,1,620,0,1,"10-15, 22-18, 15x22, 25x18, 9-14, 18x9, 6x13, 23-19, 13-17, 21x14, 1-6, 26-23, 11-16, 29-25, 7-11, 30-26, 5-9, 14x5, 2-7, 25-21, 6-10, 21-17, 11-15, 26-22, 10-14, 17x10, 7x14, 19x10, 8-11, 5-1, 14-18, 23x14, 4-8, 14-9, 3-7, 10x3, 11-15, 31-26, 8-11, 26-23, 15-19, 24x15x8, 16-20, 22-17, 20-24, 27x20, 12-16, 20x11"
621,1,621,0,0,"12-16, 24-20, 10-15, 27-24, 16-19, 23x16, 9-14, 21-17, 14x21, 26-23, 15-19, 24x15, 11x18x27, 31x24, 5-9, 16-11, 8x15, 20-16, 4-8, 16-11, 7x16, 30-26, 21x30x23, 29-25, 23-26, 24-19, 26x17, 19x12, 3-7, 12x3x10x19, 2-7, 25-21, 9-14, 19-24, 1-5, 24-19, 17-22, 32-27, 14-17, 21x14, 22-17, 14-9, 6x13, 19-15, 17-21, 27-23, 7-11, 15x8, 21-17, 8-4, 17-22, 23-19, 22-26, 4-8, 26-23, 8-3, 23x16, 3-8, 16-19, 28-24, 19x28, 8-12, 28-24, 12-8, 24-19, 8-4, 19-23, 4-8, 23-18, 8-12, 18-22, 12-16, 22-17, 16-20, 5-9, 20-16, 9-14, 16-19, 14-18, 19-15, 17-14, 15x22, 14-10, 22-26, 13-17, 26-31, 10-15, 31-27, 17-22, 27-24, 15-18, 24-28, 18-23, 28-24, 23-19"
622,1,622,1,0,"9-13, 22-17, 13x22, 26x17, 12-16, 25-22, 16-20, 30-25, 10-14, 17x10, 7x14, 21-17, 14x21x30, 23-18, 6-9, 18-15, 11x18x25, 29x22, 8-12, 22-18, 12-16, 31-26, 30x23x14, 27-23, 20x27, 23-19, 16x23, 28-24, 14-17, 32-28, 17-21, 24-19, 27-31, 19-15, 31-26, 28-24, 26-30, 15-10, 1-6, 10x1, 23-26, 24-20, 3-7, 1-6, 9-13, 6-10, 7x14, 20-16, 21-17, 16-11, 4-8, 11x4, 17-21, 4-8, 2-7, 8-4, 14-17, 4-8, 30-25, 8-11, 7x16"
623,1,623,1,0,"10-14, 22-18, 14-17, 21x14, 6-10, 24-20, 10x17, 18-14, 9x18, 23x14, 11-15, 14-10, 7x14, 26-23, 14-18, 23x14, 1-6, 25-21, 6-10, 14x7, 2x11, 21x14, 5-9, 14x5, 11-16, 20x11, 3-7, 11x2, 15-18, 27-23, 18x27, 31x24, 8-11, 2-6, 4-8, 32-27, 12-16, 24-19, 16x23x32, 30-25, 11-15, 25-21, 15-19, 6-2, 8-11, 5-1, 11-15, 29-25, 19-23, 21-17, 15-19, 28-24, 19x28, 2-6, 23-26, 6-2, 26-30, 2-7, 30x21x14, 7-3, 14-10, 1-6, 10x1, 3-7, 1-6, 7-2, 6-10, 2-7, 10x3"
624,1,624,0,1,"10-15, 22-17, 15-18, 23x14, 9x18, 17-14, 18-22, 25x18, 7-10, 14x7, 3x10, 24-19, 12-16, 19x12x3, 11-15, 18x11, 10-15, 11-7, 2x11, 27-24, 6-9, 26-23, 15-19, 23x16x7, 4-8, 3x12, 9-14, 12-8, 14-18, 30-25, 5-9, 8-3, 18-22, 25x18, 9-14, 18x9, 1-6, 9x2"
625,1,625,1,0,"10-14, 24-20, 12-16, 23-19, 16x23, 27x18, 14x23, 26x19, 11-16, 20x11, 7x16x23, 28-24, 23-27, 32x23, 9-14, 23-18, 14x23, 21-17, 6-10, 30-26, 23x30x21x14, 29-25, 2-7, 24-20, 1-6, 22-18, 14x23, 31-27, 23x32, 25-22, 8-12, 20-16, 12x19, 22-18, 4-8, 18-15, 19-24, 15-11, 7x16"
626,1,626,0,1,"9-14, 22-18, 11-15, 18x11, 7x16, 24-20, 8-11, 27-24, 4-8, 25-22, 3-7, 31-27, 14-17, 21x14, 10x17, 22x13, 16-19, 23x16, 12x19, 24x15, 11x18, 30-25, 6-10, 26-22, 7-11, 22x15x6, 2x9, 13x6, 1x10, 27-24, 11-15, 24-19, 15x24, 28x19, 10-15, 19x10, 8-12, 25-22, 12-16, 20x11, 5-9, 32-28, 9-14, 11-8, 14-17, 22x13"
627,1,627,0,1,"11-16, 21-17, 8-11, 23-18, 3-8, 24-19, 16x23, 26x19, 11-15, 18x11, 8x15x24, 27x20, 4-8, 31-26, 10-15, 28-24, 15-18, 22x15, 8-11, 15x8, 6-10, 17-14, 9x18, 32-27, 18-23, 27x18, 7-11, 26-22, 2-6, 8-3, 12-16, 3-8, 5-9, 8x15, 10x19x28, 20x11, 6-10, 22-17, 10-14, 17x10, 9-14, 18x9, 28-32, 11-7, 1-6, 9x2, 32-28, 25-22, 28-24, 30-26, 24-28, 2-6, 28-24, 22-17, 24-28, 6-1, 28-24, 29-25, 24-27, 26-22, 27-31, 22-18, 31-27, 10-6, 27-31, 17-13, 31-26, 25-21, 26-22, 21-17, 22x15, 13-9, 15-11, 7-2, 11-7, 2x11"
628,1,628,1,0,"11-16, 22-17, 9-13, 26-22, 16-20, 23-19, 7-11, 17-14, 10x17x26, 30x23, 11-16, 19-15, 13-17, 21x14, 8-11, 15x8, 4x11, 23-19, 16x23, 27x18, 20x27, 32x23, 12-16, 14-9, 6x13, 18-15, 11x18x27, 31x24, 16-19, 24x15, 2-7, 25-21, 13-17, 21x14, 3-8, 28-24, 7-11, 14-10, 11x18, 24-20, 8-11, 10-6, 1x10, 29-25, 10-14, 25-22, 18x25, 20-16, 11x20"
629,1,629,0,0,"9-13, 24-20, 10-15, 23-18, 5-9, 27-23, 12-16, 31-27, 9-14, 18x9, 15-18, 23x14, 11-15, 20x11, 7x16, 21-17, 6-10, 14x7, 3x10, 28-24, 2-6, 9x2, 8-12, 24-20, 16-19, 17-14, 10x17, 26-23, 19x26, 30x23, 17x26, 23-19, 15x24x31, 32-28, 1-6, 2x9, 13-17, 9-5, 12-16, 20x11, 17-22, 25x18, 31-27, 5-9, 27-31, 18-15, 31-27, 9-5"
630,1,630,1,0,"10-15, 22-18, 15x22, 25x18, 9-14, 18x9, 5x14, 26-22, 14-17, 22x13, 11-16, 31-26, 8-11, 29-25, 11-15, 26-22, 4-8, 13-9, 6x13, 23-18, 7-11, 22-17, 15x22x29, 24-19, 13x22, 21-17, 16x23, 27x18, 22-26, 30x23, 12-16, 18-14, 11-15, 23-18, 15x22, 28-24, 8-11, 14-10, 16-19, 24x15x8, 3x12, 10-6, 2x9, 32-27, 12-16, 27-23, 22-26, 23-18, 26-30, 17-13, 16-19, 13x6, 1x10, 18-14, 10x17"
631,1,631,0,1,"11-16, 21-17, 10-15, 17-14, 9x18, 23x14, 16-19, 14-9, 6x13, 22-18, 15x22, 24x15, 7-10, 15x6, 2x9, 26x17, 13x22, 25x18, 12-16, 28-24, 8-11, 30-26, 3-7, 29-25, 16-19, 24x15x8, 4x11, 25-21, 11-16, 21-17, 7-11, 17-14, 11-15, 18x11, 9x18, 11-8, 18-23, 27x18, 5-9, 18-15, 9-13, 31-27, 1-6, 15-10, 6x15, 27-23, 15-18, 23x14, 16-19, 32-27, 19-23, 26x19, 13-17, 8-4, 17-22, 4-8, 22-26, 14-9, 26-31, 27-24, 31-26, 9-5, 26-23, 8-12, 23x16, 12x19"
632,1,632,1,0,"10-14, 24-19, 12-16, 19x12, 6-10, 27-24, 11-15, 24-20, 8-11, 23-18, 14x23, 26x19, 15x24, 28x19, 9-14, 22-18, 14x23, 21-17, 2-6, 31-27, 6-9, 27x18, 9-13, 32-27, 13x22, 18-15, 11x18, 25-21, 10-14, 30-25, 5-9, 27-24, 1-5, 12-8, 4x11, 20-16, 11x20x27, 19-16, 27-31, 16-12, 7-11, 12-8, 3x12, 21-17, 14x21x30, 29-25, 22x29"
633,1,633,1,0,"11-16, 24-19, 10-15, 19x10, 6x15, 27-24, 15-18, 23x14, 9x18, 22x15, 5-9, 31-27, 2-6, 24-20, 16-19, 15-11, 8x15, 25-22, 9-14, 29-25, 6-9, 22-18, 15x22x29, 20-16, 9-13, 16-11, 7x16, 27-24, 3-8, 24x15, 16-20, 30-25, 29x22x31, 28-24, 20x27, 32x23, 1-5, 15-11, 8x15, 23-19, 15x24, 21-17, 14x21"
634,1,634,0,0,"10-14, 23-19, 12-16, 19x12, 11-16, 22-17, 16-20, 17x10, 7x14, 26-23, 8-11, 12-8, 3x12, 21-17, 14x21, 23-18, 12-16, 18-15, 11x18, 25-22, 18x25, 29x22, 6-10, 27-23, 20x27, 31x24, 10-14, 32-27, 1-6, 30-25, 21x30, 22-17, 14x21, 24-19, 4-8, 19x12x3, 6-10, 23-18, 10-15, 18x11, 21-25, 27-23, 25-29, 11-7, 2x11, 28-24, 11-16, 3-7, 9-13, 23-18, 16-20, 7-3, 20x27, 18-14, 13-17, 14-10, 29-25, 10-7, 25-29, 7-2, 29-25, 2-6"
635,1,635,0,0,"10-15, 21-17, 9-13, 22-18, 13x22, 26x17, 15x22, 25x18, 11-16, 17-13, 16-19, 23x16, 12x19, 24x15, 5-9, 27-24, 8-11, 15x8, 4x11, 31-26, 11-15, 18x11, 7x16, 26-23, 16-19, 23x16, 6-10, 13x6, 2x9, 30-26, 3-8, 24-19, 9-13, 29-25, 1-5, 25-22, 13-17, 22x13, 8-12, 28-24, 10-14, 24-20, 14-17, 26-23, 17-22, 23-18, 22-25, 19-15, 12x19, 18-14, 19-24, 32-28, 25-29, 28x19, 29-25, 14-9, 5x14, 15-11, 25-29, 19-15, 14-18, 13-9, 29-25, 9-6, 25-21, 11-8, 18-23, 15-11, 21-25, 8-3, 25-30, 11-7, 30-26, 20-16, 23-27, 16-11, 26-22, 7-2, 22-26, 3-7, 26-22, 6-1, 22-26, 11-8, 27-32, 8-4, 32-28, 7-10, 26-23, 2-6, 28-24, 4-8, 23-19, 6-9, 19-16, 8-11, 16x7x14x5, 1-6, 24-28, 6-1, 28-24"
636,1,636,0,1,"10-14, 21-17, 14x21, 22-18, 9-13, 23-19, 6-10, 26-22, 1-6, 18-14, 10x17x26, 31x22, 7-10, 22-17, 13x22, 25x18, 11-15, 18x11, 8x15, 29-25, 10-14, 19x10x1, 5-9, 25-22, 2-7, 22-17, 7-10, 24-20, 9-13, 28-24, 13x22, 30-25, 21x30, 1-5, 22-26, 5-9, 30-25, 9x18, 25-30, 18-22, 3-7, 22x31, 10-15, 27-23, 15-19, 24x15, 30-26, 31x22, 4-8, 32-27, 8-11, 15x8, 7-11, 23-18, 11-15, 18x11, 12-16, 8-3, 16-19, 11-7, 19-24, 20-16, 24x31, 22-18, 31-26, 18-15, 26-30, 16-11, 30-25, 11-8, 25-22, 15-18, 22x15, 7-2, 15-11, 2-7, 11x4, 7-11, 4-8, 3x12"
637,1,637,0,1,"10-15, 24-19, 15x24, 28x19, 6-10, 21-17, 9-14, 19-15, 11x18, 22x15x6, 2x9, 17x10, 7x14, 27-24, 14-17, 31-27, 17-22, 25x18, 8-11, 24-19, 12-16, 19x12, 11-15, 18x11, 3-8, 12x3, 9-13, 30-25, 1-6, 27-24, 5-9, 32-28, 6-10, 11-7, 10-14, 7-2, 13-17, 2-6, 9-13, 6-10, 14-18, 23x14, 4-8, 3x12, 17-22, 25x18, 13-17, 24-20, 17-22, 26x17"
638,1,638,0,0,"10-15, 24-19, 15x24, 28x19, 6-10, 21-17, 10-15, 19x10, 7x14x21, 22-18, 11-16, 26-22, 9-14, 18x9, 5x14, 22-17, 8-11, 17x10, 3-8, 31-26, 1-6, 10x1, 16-20, 26-22, 2-6, 1x10, 11-15, 10x19, 8-11, 22-17, 11-16, 25-22, 4-8, 19-24, 8-11, 30-25, 21x30, 23-19, 16x23, 27x18, 20x27, 32x23, 12-16, 18-14, 11-15, 17-13, 16-20, 13-9, 30-25, 9-5, 25x18x9, 29-25, 15-18, 23x14, 9x18, 25-21, 18-15, 21-17, 20-24, 17-14, 15-10, 14x7, 24-28, 7-2, 28-32, 2-6, 32-28, 6-2"
639,1,639,0,0,"11-15, 24-19, 15x24, 28x19, 9-13, 23-18, 12-16, 19x12, 13-17, 22x13, 7-11, 21-17, 5-9, 26-22, 2-7, 30-26, 11-16, 17-14, 10x17, 27-24, 7-11, 24-19, 16x23x30x21, 31-27, 17x26, 18-14, 9x18, 29-25, 21x30, 13-9, 6x13, 32-28, 11-15, 28-24, 13-17, 24-19, 15x24x31"
640,1,640,1,0,"11-15, 24-20, 8-11, 23-18, 4-8, 26-23, 9-14, 18x9, 6x13, 23-19, 15x24, 28x19, 10-14, 22-17, 13x22, 25x18x9, 5x14, 19-16, 12x19, 30-25, 8-12, 25-22, 11-16, 20x11, 7x16, 27-23, 19x26, 32-28, 1-5, 31-27, 3-7, 29-25, 16-20, 22-17, 2-6, 17x10x1, 26-30, 27-24, 20x27, 25-22, 5-9, 1-6, 27-31, 6x13, 12-16, 13-17, 16-20, 28-24, 20x27, 17-14, 7-11, 14-9, 11-16, 9-14, 30-25, 22-18, 27-32, 18-15, 25-22, 15-11, 16-20, 14-18, 22x15x8, 21-17, 8-4, 17-14, 20-24, 14-10, 31-26, 10-7, 26-22, 7-3, 22-25, 3-8, 4x11"
641,1,641,1,0,"9-14, 23-18, 14x23, 26x19, 10-14, 31-26, 14-17, 22x13, 11-15, 19x10, 6x15, 26-23, 15-19, 23x16, 12x19, 24x15, 5-9, 13x6, 1x10x19, 28-24, 19x28, 30-26, 2-6, 25-22, 6-9, 21-17, 8-11, 26-23, 11-15, 23-19, 15x24x31, 32-27, 31x24, 17-14, 9x18x25, 29x22, 28-32, 22-18, 7-10, 18-15, 10x19"
642,1,642,0,0,"11-15, 22-17, 15-18, 23x14, 9x18, 17-13, 10-15, 27-23, 18x27, 32x23, 7-11, 23-19, 6-10, 26-22, 12-16, 19x12, 5-9, 13x6, 2x9, 31-26, 10-14, 24-19, 15x24, 28x19, 11-16, 22-17, 16x23, 26x19, 8-11, 17x10, 11-16, 10-6, 1x10, 21-17, 16x23, 12-8, 3x12, 17-13, 4-8, 13x6, 10-14, 25-22, 14-18, 22x15, 12-16, 6-2, 16-20, 15-10, 8-11, 10-6, 23-26, 30x23, 20-24, 23-18, 11-15, 18x11, 24-28, 6-1, 28-32, 1-6, 32-28"
643,1,643,0,1,"12-16, 23-18, 16-19, 24x15, 10x19, 27-24, 9-13, 24x15, 13-17, 22x13, 5-9, 18-14, 11x18, 14x5, 8-11, 21-17, 6-10, 25-21, 10-14, 17x10, 7x14, 13-9, 11-15, 31-27, 2-7, 21-17, 14x21, 28-24, 3-8, 27-23, 18x27, 32x23, 8-11, 26-22, 4-8, 23-19, 1-6, 19x10x3x12, 6x13, 12-8, 13-17, 8x15, 17x26, 30x23, 21-25, 29x22"
644,1,644,1,0,"10-15, 22-17, 7-10, 23-19, 10-14, 17x10, 9-14, 24-20, 15x24, 28x19, 6x15x24, 21-17, 14x21, 27-23, 24-28, 23-18, 2-6, 18-14, 3-7, 26-22, 12-16, 32-27, 6-10, 22-17, 1-6, 31-26, 10-15, 14-9, 6x13x22x31x24, 30-26, 21x30x23, 29-25, 24-19, 25-21, 19-24, 21-17, 16-19, 17-14, 8-12, 14-9, 5x14, 20-16, 11x20"
645,1,645,0,0,"10-14, 22-17, 12-16, 17x10, 7x14, 25-22, 6-10, 23-18, 14x23, 27x18, 3-7, 31-27, 10-14, 24-20, 14x23, 27x18, 1-6, 30-25, 6-10, 18-14, 10x17, 22x13x6, 2x9, 28-24, 9-13, 32-28, 5-9, 25-22, 13-17, 21x14x5, 8-12, 5-1, 7-10, 26-23, 11-15, 20x11, 15-19, 24x15x6, 12-16, 11-8, 4x11, 1-5, 16-20, 22-17, 11-16, 28-24, 20x27, 17-13, 16-19, 23x16, 27-32, 6-1, 32-28, 5-9, 28-32, 9-5"
646,1,646,0,0,"11-16, 24-19, 9-14, 27-24, 7-11, 19-15, 10x19, 24x15, 11x18x27, 31x24, 8-11, 22-17, 6-10, 17-13, 16-20, 24-19, 20-24, 13-9, 10-15, 19x10, 14-18, 28x19, 5x14, 21-17, 14x21, 25-22, 18x25, 29x22, 1-5, 30-25, 21x30x23x16, 22-17, 5-9, 32-28, 3-7, 10x3, 2-6, 17-13, 6-10, 13x6, 16-19, 3-8, 10-15, 6-1, 19-16, 28-24, 15-18, 8x15x22, 16-19, 24x15, 12-16, 22-17, 16-19, 1-5, 4-8, 15-11, 8x15, 17-22, 19-23, 22-25, 15-18, 25-21, 23-27, 21-25, 27-32, 25-22, 18x25, 5-9, 32-27, 9-6, 25-29, 6-1, 27-24, 1-6, 24-27"
647,1,647,0,1,"10-14, 23-18, 14x23, 27x18, 6-10, 26-23, 12-16, 24-19, 11-15, 19x12, 2-6, 18x11x2, 3-7, 2x11, 8x15, 30-26, 15-18, 23x14x7, 6-10, 28-24, 1-6, 12-8, 4x11, 26-23, 11-16, 24-19, 9-14, 19x12, 5-9, 12-8, 14-17, 21x14x5, 10-15, 23-19, 15x24, 7-3, 6-9, 22-17, 24-27, 31x24, 9-14, 17x10"
648,1,648,0,1,"11-15, 24-19, 15x24, 28x19, 7-11, 21-17, 10-15, 19x10, 6x15, 17-13, 2-6, 25-21, 6-10, 13x6, 3-7, 27-24, 10-14, 30-25, 1x10, 23-19, 12-16, 19x12x3, 4-8, 3x12, 11-16, 12x19, 15-18, 22x15x6, 14-17, 21x14, 5-9, 14x5, 7-10, 26-22, 10-14, 6-1, 14-18, 22x15"
649,1,649,0,1,"10-15, 21-17, 6-10, 24-20, 15-19, 23x16, 12x19, 22-18, 19-23, 26x19, 1-6, 25-22, 10-15, 19x10x1, 9-14, 18x9, 5x14x21, 30-26, 21-25, 1-6, 2x9, 27-24, 11-16, 20x11x2, 25-30, 24-20, 30x23, 2-6, 9-14, 6-9, 23-27, 31x24, 3-7, 9x18, 8-11, 18-14, 11-16, 20x11x2, 4-8, 14-17, 8-12, 24-19, 12-16, 19x12"
650,1,650,0,1,"11-15, 22-18, 15x22, 25x18, 9-14, 18x9, 6x13, 30-25, 8-11, 21-17, 13x22, 26x17, 1-6, 25-21, 11-15, 23-19, 10-14, 17x10x1, 7-11, 19x10, 3-7, 10x3, 2-7, 3x10, 11-15, 10x19, 12-16, 19x12, 5-9, 12-8, 4x11, 24-19, 9-14, 1-6, 11-16, 19x12, 14-18, 12-8, 18-22, 8-3, 22-26, 31x22"
651,1,651,0,0,"11-16, 24-19, 10-15, 19x10, 6x15, 28-24, 16-20, 32-28, 2-6, 23-18, 7-10, 18x11, 8x15, 24-19, 15x24, 28x19, 3-7, 19-15, 10x19, 21-17, 20-24, 27x20, 4-8, 22-18, 9-13, 31-27, 13x22x31x24, 18-14, 12-16, 20x11x4, 7-10, 14x7, 24-28, 7-2, 5-9, 25-22, 1-5, 2-7, 6-10, 7x14, 9x18x25, 30x21, 19-24, 21-17, 24-27, 4-8, 28-32, 8-3, 5-9, 29-25, 27-31, 3-7, 32-28, 17-14, 9x18, 7-3, 18-23, 25-22, 28-24, 3-7, 23-27, 7-3, 24-20, 22-18, 27-32, 3-8, 20-24, 8-12, 24-19, 18-15, 19x10, 12-8, 10-14, 8-11, 32-28, 11-16, 14-17, 16-11, 28-32"
652,1,652,0,1,"9-13, 23-18, 11-16, 27-23, 10-14, 18x9, 5x14, 23-19, 16x23, 26x19, 14-17, 21x14, 6-10, 32-27, 10x17x26, 30x23, 7-11, 24-20, 3-7, 27-24, 11-16, 20x11, 7x16, 24-20, 1-5, 20x11, 8x15x24, 28x19, 2-6, 31-27, 4-8, 25-21, 13-17, 21x14, 8-11, 27-24, 5-9, 14x5, 11-15, 19x10x1, 12-16, 23-18, 16-19, 24x15"
653,1,653,0,0,"10-14, 22-17, 12-16, 17x10, 6x15, 25-22, 9-13, 23-18, 2-6, 24-19, 16x23, 26x19x10, 6x15, 27-24, 7-10, 24-20, 3-7, 22-17, 13x22, 31-26, 22x31, 21-17, 15x22, 30-25, 10-15, 25x18, 15x22, 20-16, 11x20, 28-24, 20x27, 32x23, 8-12, 23-19, 22-26, 19-15, 7-11, 15x8, 4x11, 17-14, 5-9, 14x5, 11-16, 29-25, 16-19, 25-22, 12-16, 22-17, 1-6, 5-1, 26-30, 1x10, 16-20, 10-7, 31-26, 7-10, 26-23, 10-7, 30-25, 17-13, 23-18, 13-9, 18-23, 7-10, 23-18, 9-5, 25-29, 10-15, 18x11, 5-1, 19-24, 1-5, 24-27, 5-9, 29-25, 9-6, 25-21, 6-9, 21-25"
654,1,654,0,0,"12-16, 21-17, 11-15, 24-19, 15x24, 27x20x11, 8x15, 17-13, 3-8, 32-27, 15-18, 23x14, 9x18, 22x15, 10x19, 25-22, 19-23, 27x18, 5-9, 22-17, 7-11, 31-27, 8-12, 28-24, 9-14, 17x10, 6x15x22x31, 24-20, 31x24, 30-25, 11-15, 13-9, 15-19, 20-16, 2-6, 9x2, 24-27, 16-11, 4-8, 11x4, 1-5, 25-22, 12-16, 22-17, 19-24, 17-14, 16-20, 29-25, 27-32, 14-9, 5x14, 25-22, 24-27, 22-18, 14x23, 2-6, 20-24, 6-10, 32-28, 10-7, 28-32, 4-8, 32-28, 7-10"
655,1,655,0,1,"12-16, 24-20, 10-15, 23-19, 16x23, 27x18, 8-12, 32-27, 11-16, 18x11, 6-10, 27-23, 2-6, 11x2, 10-15, 20x11, 6-10, 21-17, 12-16, 17-13, 15-19, 13x6, 3-8, 11-7, 8-12, 28-24, 19x28, 22-17, 5-9, 7-3, 4-8, 23-19, 16x23, 26x19, 9-14, 19-15, 14x21, 31-27, 10x19, 27-24, 1x10, 24x15x6, 28-32, 30-26, 21x30x23, 6-1, 23-26, 2-6, 26-23, 6-9, 23-18, 9-13, 32-27, 1-6, 18-22, 6-10, 22-17, 13x22, 27-31, 22-18, 12-16, 3x12x19, 31-27, 10-14, 27-23, 18x27"
656,1,656,0,0,"11-15, 23-18, 9-13, 18x11, 7x16, 22-17, 13x22, 25x18, 2-7, 26-23, 7-11, 24-20, 16-19, 23x16x7, 10-14, 18x9x2, 3x10, 31-26, 5-9, 26-22, 9-13, 27-24, 10-15, 21-17, 15-18, 22x15, 13x22, 30-26, 22x31, 20-16, 12x19, 2-6, 1x10, 15x6, 8-12, 24x15, 12-16, 15-10, 16-19, 6-2, 4-8, 29-25, 31-27, 32x23x16, 8-12, 28-24, 12x19x28, 10-7, 28-32, 25-22, 32-28, 2-6, 28-32, 6-2"
657,1,657,0,1,"10-14, 22-18, 9-13, 18x9, 5x14, 24-19, 12-16, 19x12, 14-17, 21x14, 1-5, 23-18, 7-10, 14x7, 3x10, 12x3, 6-9, 18-15, 11x18, 25-21, 10-15, 3-8, 4x11, 26-23, 2-7, 23x14, 9x18, 28-24, 5-9, 30-25, 9-14, 31-26, 7-10, 26-23, 13-17, 32-28, 18-22, 25x18x9, 15-19, 24x15x6, 11-16, 21x14, 16-19, 23x16"
658,1,658,0,1,"10-14, 23-18, 14x23, 26x19, 6-10, 24-20, 2-6, 27-24, 9-14, 22-17, 6-9, 17-13, 11-15, 13x6, 14-18, 20-16, 10-14, 19x10, 12x19, 24x15, 5-9, 31-27, 9-13, 27-24, 8-11, 15x8, 3x12, 10x3, 1x10, 3-8, 4x11, 25-22, 18x25, 29x22, 14-17, 21x14x7, 13-17, 22x13, 12-16, 24-20, 16-19, 30-26, 19-24, 28x19, 11-16, 19x12"
659,1,659,0,0,"11-15, 24-19, 15x24, 28x19, 8-11, 22-17, 4-8, 32-28, 11-15, 23-18, 15x24, 27x20, 10-14, 17x10, 7x14x23, 26x19, 3-7, 31-26, 8-11, 26-22, 9-13, 22-18, 12-16, 19x12, 6-10, 18-15, 11x18, 20-16, 18-23, 12-8, 13-17, 21x14, 10x17, 16-12, 23-26, 30x23, 17-21, 23-18, 21x30, 18-15, 5-9, 15-11, 7x16, 8-4, 16-19, 29-25, 30x21, 12-8, 1-5, 28-24, 19x28, 8-3, 21-25, 3-7, 2x11, 4-8, 11-16, 8-4, 9-13, 4-8, 16-20, 8-12, 25-29, 12-16, 20-24, 16-11, 28-32, 11-7, 29-25, 7-10, 32-27, 10-7, 25-29"
660,1,660,0,0,"10-14, 24-19, 9-13, 22-17, 13x22, 26x17x10, 7x14, 19-16, 12x19x26, 31x22, 8-12, 22-18, 14x23, 27x18, 11-15, 18x11, 2-7, 11x2x9, 5x14, 21-17, 14x21, 25-22, 21-25, 30x21, 1-6, 29-25, 6-9, 32-27, 3-7, 27-23, 4-8, 28-24, 7-10, 21-17, 12-16, 22-18, 9-14, 18x9, 8-12, 23-19, 16x23, 17-13, 10-14, 9-6, 14-17, 6-1, 23-27, 24-20, 12-16, 20x11, 17-22, 25x18, 27-32, 18-14, 32-27, 13-9, 27-32, 11-7, 32-27, 14-10, 27-31, 7-2, 31-26, 10-6, 26-23, 1-5, 23-19, 6-1, 19-23, 1-6"
661,1,661,0,0,"12-16, 23-18, 9-13, 22-17, 13x22, 26x17, 10-15, 18-14, 15-19, 24x15, 11x18, 31-26, 18-22, 25x18, 7-10, 14x7, 3x10, 29-25, 2-7, 25-22, 5-9, 18-14, 9x18x25, 17-13, 7-11, 26-23, 16-19, 23x16x7, 25-29, 27-24, 6-9, 13x6, 8-11, 30-25, 29x22, 7-3, 1-5, 21-17, 22x13, 3-8, 5-9, 8x15, 10x19, 24x15, 13-17, 32-27, 17-14, 15-10, 14x7, 27-24, 7-3, 24-20, 3-8, 20-16, 8-3, 16-11, 4-8, 11x4, 9-13, 28-24, 3-7, 4-8, 7-10, 6-1, 10-6, 1x10, 13-17, 8-3, 17-22, 3-8, 22-25, 8-3, 25-29, 24-19, 29-25, 10-14, 25-21, 14-9, 21-25, 19-16, 25-21, 3-7, 21-17, 9-14, 17x10x3, 16-12, 3-7, 12-8, 7-2, 8-3, 2-6, 3-8, 6-1, 8-4, 1-5, 4-8, 5-1"
662,1,662,0,0,"12-16, 24-20, 8-12, 22-17, 10-15, 17-13, 15-18, 23x14, 9x18, 27-23, 18x27, 31x24, 6-9, 13x6, 1x10, 26-23, 5-9, 24-19, 10-15, 19x10, 7x14, 30-26, 2-6, 23-18, 14x23x30, 21-17, 30x21x14, 28-24, 14-18, 32-27, 9-14, 29-25, 18-22, 25x18x9x2, 3-7, 27-23, 7-10, 23-18, 10-14, 18x9, 11-15, 20x11, 15-19, 24x15, 12-16, 9-6, 16-20, 11-7, 20-24, 15-11, 4-8, 11x4, 24-27, 6-1, 27-31, 2-6, 31-26, 1-5, 26-31, 4-8, 31-27, 5-9, 27-24, 9-5, 24-27"
663,1,663,0,0,"11-15, 23-18, 15-19, 24x15, 10x19, 27-23, 9-14, 23x16, 12x19, 18x9, 5x14, 22-18, 14x23, 26-22, 6-9, 31-26, 1-6, 22-17, 7-11, 17-13, 11-16, 32-27, 23x32, 21-17, 9-14, 17x10x1, 2-6, 1x10, 32-27, 26-23, 27x18, 10-14, 18x9, 13x6, 3-7, 6-2, 8-12, 2x11x20, 19-23, 25-21, 4-8, 20-16, 12x19, 30-25, 8-11, 28-24, 19x28, 21-17, 11-15, 17-14, 23-27, 25-22, 15-18, 22x15, 27-31, 29-25, 28-32, 25-22, 32-27, 14-9, 31-26, 9-6, 26x17, 15-11, 17-22, 11-8, 27-24, 6-2, 22-26, 2-6, 26-31, 8-3, 24-27, 3-7, 27-32, 6-1, 32-27, 1-5, 27-23, 7-10, 31-26, 10-7, 26-22, 7-11, 23-27, 5-9, 22-25, 9-13, 27-24, 13-9, 24-20, 9-14, 25-21, 11-15, 21-25, 15-11"
664,1,664,0,1,"11-15, 23-19, 9-14, 19-16, 12x19, 22-17, 8-12, 17-13, 3-8, 26-23, 19x26, 31x22, 15-18, 22x15, 10x19, 24x15, 6-10, 15x6, 1x10, 25-22, 8-11, 29-25, 2-6, 22-18, 14x23, 27x18, 11-15, 18x11x2x9, 5x14, 13-9, 12-16, 30-26, 14-17, 21x14x7, 4-8, 25-22, 8-12, 7-2, 16-20, 22-17, 20-24, 28x19, 12-16, 19x12"
665,1,665,0,0,"10-14, 22-17, 11-16, 17x10, 7x14, 24-20, 14-18, 23x14, 9x18, 20x11, 8x15, 28-24, 6-9, 26-22, 3-7, 32-28, 2-6, 22-17, 9-13, 27-23, 18x27, 17-14, 6-9, 14-10, 7x14, 24-19, 15x24, 28x19, 12-16, 31x24, 16x23, 25-22, 4-8, 30-25, 23-27, 24-20, 14-18, 22x15, 13-17, 21x14, 9x18, 25-21, 18-23, 20-16, 1-6, 29-25, 27-31, 21-17, 23-27, 16-11, 8-12, 17-13, 27-32, 15-10, 6x15, 25-21, 32-28, 21-17, 28-32, 11-7, 32-28, 7-2, 31-27, 17-14, 28-32, 14-9, 5x14, 13-9, 27-24, 2-7, 14-17, 7-10, 15-18, 10-6, 12-16, 6-2, 24-19, 2-6, 32-27, 6-2, 19-24"
666,1,666,1,0,"10-14, 21-17, 14x21, 24-19, 7-10, 22-17, 11-15, 23-18, 15x24, 28x19, 10-15, 18x11, 8x15x24, 27x20, 4-8, 32-27, 8-11, 17-14, 9x18, 25-22, 18x25, 29x22, 11-16, 20x11, 12-16, 22-18, 5-9, 27-24, 16-19, 24x15, 6-10, 15x6, 1x10, 30-25, 21x30x23x14, 11-8, 3x12, 31-26, 12-16, 26-23, 2-7, 23-19, 16x23"
667,1,667,0,1,"10-14, 23-19, 7-10, 22-17, 14-18, 26-22, 10-15, 19x10, 6x15, 24-19, 15x24, 22x15, 11x18, 28x19, 18-23, 27x18, 1-6, 17-13, 12-16, 19x12, 3-7, 12x3x10x1, 2-6, 1x10, 4-8, 13x6, 8-11, 6-1, 11-16, 10-15, 16-20, 15-11, 5-9, 32-27, 20-24, 27x20, 9-14, 18x9"
668,1,668,0,1,"11-16, 24-20, 9-14, 20x11, 7x16, 22-18, 10-15, 18x9, 6x13, 23-19, 15x24, 27x20x11, 8x15, 21-17, 13x22, 25x18x11, 3-8, 31-27, 8x15, 27-24, 15-18, 24-20, 12-16, 20x11, 18-23, 26x19, 2-6, 19-15, 4-8, 11x4, 6-10, 15x6, 1x10, 30-25, 10-14, 25-21, 14-18, 4-8, 18-22, 8-12, 5-9, 28-24, 22-26, 12-8, 9-13, 24-19, 26-30, 8-11, 30-25, 29x22, 13-17, 21x14"
669,1,669,0,0,"11-15, 22-18, 15x22, 26x17, 9-13, 23-19, 13x22, 25x18, 5-9, 19-16, 12x19, 24x15, 10x19, 30-25, 8-11, 18-14, 9x18, 27-23, 19x26, 31x22x15x8, 4x11, 25-22, 3-8, 22-18, 11-16, 18-14, 1-5, 32-27, 8-11, 14-10, 6x15, 28-24, 2-6, 21-17, 15-19, 24x15x8, 7-10, 27-23, 16-19, 23x16, 10-15, 29-25, 15-19, 17-13, 5-9, 8-4, 6-10, 13x6, 10-14, 4-8, 14-18, 8-4, 19-24, 16-12, 18-22, 25x18, 24-27, 6-2, 27-31, 2-7, 31-27, 7-2"
670,1,670,0,0,"10-14, 21-17, 14x21, 24-19, 9-13, 23-18, 11-15, 19x10, 7x14x23, 27x18, 6-10, 26-23, 3-7, 23-19, 10-15, 18x11, 7x16x23, 22-18, 23-27, 31x24, 5-9, 25-22, 13-17, 22x13x6, 1x10, 18-15, 10x19, 24x15, 8-11, 15x8, 4x11, 30-25, 21x30, 29-25, 30x21, 32-27, 21-17, 27-24, 11-15, 24-20, 2-7, 28-24, 15-19, 24x15, 7-11, 15x8, 17-22, 8-4, 22-25, 4-8, 25-21"
671,1,671,0,1,"9-13, 23-19, 6-9, 27-23, 10-15, 19x10, 7x14, 21-17, 14x21, 24-20, 12-16, 23-19, 16x23, 26x19, 3-7, 28-24, 13-17, 22x13x6, 2x9, 25-22, 9-13, 19-16, 13-17, 22x13, 7-10, 16x7, 21-25, 30x21, 8-12, 32-27, 4-8, 24-19, 10-14, 19-16, 12x19, 20-16, 14-18, 21-17, 8-12, 7-2, 5-9, 13x6, 1x10, 29-25, 19-24, 27x20, 12x19, 25-21, 18-23, 17-13, 10-14, 31-26, 23x30, 20-16, 19-24, 16-12, 14-18, 2-7, 30-25, 21-17, 25-22, 7-10, 22-25, 13-9, 24-27, 17-13, 18-22, 10-6, 25-21, 12-8, 27-32, 6-10, 22-25, 10-7, 32-28, 8-4, 21-17, 7-3, 17-22, 3-7, 28-24, 7-3, 25-29, 3-8, 24-20, 8-3, 22-26, 4-8, 26-23, 8-12, 23-19, 12-8, 19-15, 9-5, 15-11, 8x15, 20-16, 13-9, 16-20, 3-7, 29-25, 15-18, 25-30, 9-6, 30-26, 6-2, 26-23, 18x27, 20-16, 7-10, 16-20, 10-14, 20-24, 27x20"
672,1,672,0,1,"9-13, 24-20, 10-14, 22-17, 13x22, 25x18x9, 5x14, 20-16, 11x20, 23-18, 14x23, 27x18, 12-16, 30-25, 16-19, 32-27, 8-12, 27-23, 7-10, 23x16, 12x19, 25-22, 20-24, 18-14, 10x17, 22x13, 4-8, 29-25, 8-12, 26-22, 6-9, 13x6, 2x9, 22-18, 3-8, 21-17, 24-27, 31x24x15, 1-6, 25-22, 9-13, 15-11, 8x15, 18x11, 6-9, 11-7, 9-14, 17x10, 13-17, 22x13, 12-16, 13-9, 16-20, 10-6, 20-24, 28x19"
673,1,673,0,0,"10-14, 22-18, 11-16, 18-15, 9-13, 15-11, 8x15, 23-18, 14x23, 27x18x11, 5-9, 25-22, 13-17, 22x13, 16-19, 24x15, 7x16, 32-27, 4-8, 26-23, 9-14, 21-17, 14x21, 28-24, 8-11, 15x8, 6-9, 13x6, 1x10, 31-26, 16-19, 23x16, 12x19x28, 26-22, 3x12, 22-17, 21-25, 30x21, 12-16, 27-23, 28-32, 17-13, 16-20, 21-17, 10-14, 17x10, 2-7, 10x3, 32-27, 3-8, 27x18, 8-12, 18-14, 13-9, 14x5, 12-8, 5-1, 8-4, 1-5, 29-25, 5-1, 25-21, 1-6, 4-8, 6-10, 8-3, 10-6, 3-8"
674,1,674,0,0,"10-14, 23-19, 12-16, 19x12, 6-10, 24-19, 1-6, 26-23, 9-13, 28-24, 14-17, 21x14, 10x17x26, 31x22, 5-9, 30-26, 11-15, 19x10x1, 13-17, 22x13x6, 2x9, 1-6, 9-14, 6-2, 7-11, 23-18, 14x23x30x21, 24-19, 21-25, 29x22, 3-7, 12x3x10, 4-8, 2-6, 11-15, 6-9, 15x24x31, 22-17, 31-26, 10-7, 26-30, 7-3, 8-12, 32-27, 30-25, 3-7, 12-16, 27-23, 25-21, 7-11, 21x14x5, 11x20, 5-1, 23-19, 1-6, 20-24, 6-1, 24-20"
675,1,675,0,1,"9-14, 22-17, 6-9, 24-20, 12-16, 26-22, 10-15, 17x10, 7x14, 28-24, 15-18, 22x15, 11x18, 20x11, 8x15, 24-20, 2-6, 30-26, 9-13, 32-28, 18-22, 26x17x10, 13-17, 21x14, 15-18, 20-16, 6x15, 14-10, 18-22, 25x18x11, 3-7, 10x3, 4-8, 11x4, 1-6, 3-8, 6-10, 8-11, 10-15, 11x18, 5-9, 18-14, 9x18, 23x14"
676,1,676,0,0,"10-15, 22-17, 7-10, 24-19, 15x24, 28x19, 9-14, 23-18, 14x23, 27x18, 6-9, 18-14, 9x18, 26-23, 18x27, 31x24, 10-14, 17x10, 2-6, 25-22, 6x15, 19x10, 12-16, 32-28, 3-7, 10x3x12x19, 11-16, 19x12, 5-9, 24-19, 1-6, 19-16, 6-10, 21-17, 9-13, 12-8, 4x11x20, 29-25, 20-24, 28x19, 10-15, 19x10"
677,1,677,0,1,"10-15, 22-18, 15x22, 26x17, 11-16, 25-22, 7-11, 31-26, 11-15, 29-25, 15-18, 22x15, 16-19, 23x16, 12x19, 25-22, 8-11, 15x8, 4x11, 24x15x8, 3x12, 30-25, 9-14, 17x10, 6x15, 27-24, 15-19, 24x15, 12-16, 21-17, 2-7, 22-18, 7-10, 15x6, 1x10, 17-14, 10x17, 25-22, 16-20, 22x13, 5-9, 13x6, 20-24, 28x19"
678,1,678,1,0,"11-15, 24-19, 15x24, 28x19, 12-16, 19x12, 8-11, 21-17, 9-14, 22-18, 14x21, 26-22, 11-16, 30-26, 21x30, 22-17, 16-19, 23x16, 30x23x14x21, 27-24, 21-17, 32-27, 17-13, 24-19, 7-11, 16x7, 2x11, 31-26, 5-9, 26-22, 1-5, 29-25, 11-15, 22-18, 15x22x29, 12-8, 4x11, 19-16, 11x20, 27-24, 20x27"
679,1,679,0,1,"11-16, 23-19, 16x23, 27x18, 12-16, 32-27, 10-15, 18x11, 8x15, 27-23, 9-13, 23-18, 7-10, 18x11, 2-7, 11x2x9, 5x14, 24-19, 16x23, 26x19, 4-8, 30-26, 1-5, 28-24, 5-9, 24-20, 8-12, 20-16, 14-17, 21x14x7, 3x10, 22-18, 9-14, 18x9, 10-14, 26-23, 14-18, 23x14, 13-17, 16-11, 17-22, 25x18, 12-16, 19x12"
680,1,680,0,1,"11-15, 22-18, 15x22, 25x18, 9-13, 21-17, 13x22, 26x17, 10-14, 17x10, 7x14, 18x9, 5x14, 30-26, 1-5, 23-19, 6-9, 24-20, 2-7, 26-22, 8-11, 20-16, 11x20, 27-24, 20x27, 31x24, 12-16, 19x12, 7-11, 24-20, 14-17, 22x13x6, 3-7, 12-8, 5-9, 32-27, 9-13, 8-3, 13-17, 3x10, 11-16, 20x11, 17-21, 10-14, 21-25, 29x22, 4-8, 11x4"
681,1,681,0,0,"10-14, 23-19, 14-18, 22x15, 11x18, 26-22, 18-23, 27x18, 9-14, 18x9, 6x13, 21-17, 2-6, 24-20, 5-9, 28-24, 7-10, 31-26, 8-11, 17-14, 9x18, 22x15x8, 4x11, 20-16, 11x20x27, 32x23, 10-14, 25-21, 1-5, 19-16, 12x19, 23x16, 6-9, 21-17, 14x21, 16-12, 3-7, 26-23, 7-10, 23-19, 10-14, 30-25, 21x30, 19-16, 30-26, 12-8, 14-18, 16-11, 18-23, 11-7, 23-27, 8-4, 26-31, 4-8, 31-26"
682,1,682,0,0,"12-16, 22-18, 9-13, 18-15, 11x18, 23x14, 10x17, 21x14, 8-12, 26-22, 5-9, 14x5, 7-11, 25-21, 3-7, 29-25, 6-9, 21-17, 9-14, 17x10x3, 13-17, 22x13, 2-6, 30-26, 4-8, 24-19, 16x23x30x21, 3-7, 11-15, 7-3, 6-10, 3-7, 1-6, 7x14, 15-18, 14x23, 6-10, 23-18, 10-14, 18x9, 21-25, 9-6, 8-11, 27-23, 25-29, 6-2, 11-15, 32-27, 29-25, 2-7, 25-22, 7-2, 22-25"
683,1,683,0,1,"9-14, 22-17, 14-18, 23x14, 12-16, 17-13, 10x17, 21x14, 6-9, 13x6, 1x10x17, 24-19, 16x23, 26x19, 5-9, 28-24, 11-16, 19x12, 9-14, 24-20, 7-11, 27-23, 17-21, 31-27, 14-17, 23-18, 3-7, 12x3x10, 2-6, 10x1, 4-8, 1-5, 11-16, 20x11x4, 17-22, 32-28, 22-26, 30x23, 21x30, 5-1, 30-26, 23-19, 26-22, 28-24, 22x15, 19x10"
684,1,684,1,0,"11-15, 21-17, 15-18, 22x15, 10x19, 23x16, 12x19, 24x15, 6-10, 15x6, 1x10, 25-21, 7-11, 26-23, 10-14, 17x10, 11-16, 30-26, 16-20, 28-24, 9-14, 23-18, 14x23x30, 31-26, 30x23, 27x18, 20x27, 32x23, 8-12, 10-6, 2x9, 29-25, 12-16, 18-15, 16-19, 23x16, 9-13, 15-10, 3-8, 16-11, 8x15, 10-6, 15-18, 21-17, 13x22x29, 6-1, 18-22, 1-6, 22-26, 6-10, 29-25, 10-6, 25-22, 6-2, 22-17, 2-6, 17-14, 6-10, 14x7"
685,1,685,0,0,"9-13, 21-17, 6-9, 23-19, 10-15, 19x10, 7x14x21, 22-17, 13x22, 26x17, 9-14, 17x10, 5-9, 10-6, 1x10, 31-26, 9-14, 25-22, 11-15, 22-18, 14x23, 26x19, 2-7, 30-25, 21x30, 24-20, 15x24x31, 32-27, 31x24, 28x19, 12-16, 20x11x2, 10-14, 19-16, 30-25, 29x22, 14-18, 22x15, 8-11, 16x7, 3x10x19, 2-7, 19-23, 7-3, 23-27, 3-7, 4-8, 7-2, 27-31, 2-6, 31-26, 6-1, 8-11, 1-6, 11-15, 6-10, 26-31, 10x19, 31-26, 19-15, 26-31, 15-18, 31-26, 18-15"
686,1,686,1,0,"9-14, 21-17, 14x21, 24-19, 5-9, 19-15, 10x19, 23x16, 11x20, 22-18, 6-10, 18-14, 10x17, 27-24, 20x27, 31x24, 17-22, 26x17, 7-10, 32-27, 2-7, 24-19, 10-15, 19x10, 7x14, 17x10, 3-7, 10x3, 1-5, 28-24, 8-11, 24-20, 11-15, 30-26, 21x30x23x32, 29-25, 9-13, 25-22, 5-9, 3-8, 4x11, 20-16, 12x19, 22-18, 15x22"
687,1,687,0,1,"12-16, 24-19, 9-13, 19x12, 10-15, 22-18, 15x22, 26x17, 13x22, 25x18, 7-10, 29-25, 3-7, 12x3, 10-15, 3x10x19, 6-10, 18-15, 11x18, 23x14x7, 2x11, 27-23, 11-15, 19x10, 4-8, 31-27, 8-11, 23-18, 1-6, 10x1, 11-15, 18x11, 5-9, 21-17, 9-14, 17x10"
688,1,688,0,0,"11-16, 22-17, 10-15, 17-14, 9x18, 23x14, 16-19, 21-17, 7-10, 14x7, 2x11, 25-22, 12-16, 27-23, 6-9, 29-25, 9-13, 22-18, 13x22x29, 26-22, 19x26, 30x23, 3-7, 24-20, 16-19, 23x16, 5-9, 22-17, 15x22, 16-12, 11-16, 12x3x10, 9-14, 20x11, 14x21, 11-8, 4x11, 28-24, 22-25, 24-19, 25-30, 32-27, 11-15, 10-6, 1x10, 19-16, 15-19, 27-24, 19x28, 31-27, 10-14, 16-11, 29-25, 11-7, 25-22, 27-24, 22-17, 7-2, 28-32, 2-7, 32-27, 24-20, 30-26, 20-16, 27-24, 16-11, 26-22, 11-8, 14-18, 8-4, 21-25, 4-8, 24-19, 8-12, 19-24, 12-8"
689,1,689,0,0,"11-15, 23-18, 7-11, 24-19, 15x24, 28x19, 9-13, 19-16, 11x20, 18-15, 10x19, 21-17, 6-10, 17-14, 10x17, 22-18, 1-6, 18-14, 5-9, 14x5, 3-7, 27-23, 6-9, 23x16, 12x19, 26-22, 17x26, 31x22, 8-12, 25-21, 2-6, 32-27, 7-10, 30-26, 4-8, 29-25, 13-17, 22x13, 12-16, 27-23, 8-11, 23-18, 10-15, 18-14, 9x18, 26-22, 6-9, 13x6, 19-24, 6-2, 18-23, 5-1, 24-28, 2-6, 28-32, 22-18, 15x22x29, 6-2, 16-19, 2-7, 11-15, 1-6, 32-27, 6-2, 23-26, 21-17, 27-23, 17-13, 23-18, 2-6, 26-31, 6-10, 18-23, 7-2, 31-26, 13-9, 23-18, 10-6, 26-30, 6-10, 30-25, 10-6, 19-24, 6-1, 24-27, 2-7, 18-14, 9-5, 14-18, 7-3, 25-30, 1-6, 20-24, 6-2, 18-14, 2-7, 14-10, 7x14, 27-32, 5-1, 30-26, 1-5, 26-31, 14-17, 29-25, 17-14, 31-27, 14-18, 15x22, 3-7, 22-26, 7-3, 32-28, 3-8, 25-21, 8-12, 27-31, 5-1, 28-32, 12-16, 26-30, 16-12, 31-27, 12-16, 30-26"
690,1,690,0,0,"11-16, 22-18, 8-11, 26-22, 10-14, 18-15, 11x18, 22x15, 3-8, 23-19, 16x23, 27x18, 14x23, 30-26, 23x30, 15-10, 6x15, 25-22, 7-10, 31-27, 12-16, 21-17, 2-7, 27-23, 9-13, 17-14, 10x17x26, 24-19, 15x24, 28x19x12x3x10, 1-6, 10x1, 30-25, 29x22, 26-31, 22-17, 13x22, 23-18, 22-25, 18-15, 31-26, 1-6, 25-30, 15-11, 5-9, 6x13, 4-8, 11x4, 26-23, 13-17, 23-18, 17-21, 30-26, 32-27, 26-31, 27-23, 18x27, 4-8, 27-23, 8-12, 23-27, 21-17, 27-23, 12-16, 31-26, 16-12, 23-18, 17-21, 26-30, 21-17, 18-15, 17-22, 15-18, 22x15, 30-25, 15-10, 25-22, 12-8, 22-25, 10-6, 25-30, 6-9, 30-25, 8-4, 25-22, 9-6, 22-18, 6-2, 18-23, 2-7, 23-18, 7-10"
691,1,691,1,0,"11-15, 23-19, 9-13, 24-20, 15x24, 28x19, 10-15, 19x10, 7x14, 21-17, 14x21, 22-17, 13x22, 26x17, 2-7, 17-14, 6-10, 25-22, 10x17x26, 30x23, 1-6, 23-18, 6-10, 20-16, 12x19, 31-26, 8-12, 26-23, 19x26, 18-14, 10x17, 29-25, 21x30, 27-23, 5-9, 23-19, 9-14, 32-28, 17-22, 19-16, 12x19, 28-24, 19x28"
692,1,692,1,0,"10-14, 24-20, 11-15, 22-18, 15x22, 25x18, 9-13, 18x9, 5x14, 27-24, 7-11, 32-27, 13-17, 23-18, 14x23x32, 21x14, 6-9, 14x5, 3-7, 20-16, 12x19, 24x15, 11x18, 26-23, 18x27, 31x24, 7-11, 30-25, 2-7, 24-20, 32-27, 28-24, 11-16, 20x11x2, 27x20, 2-6, 1x10, 25-22, 20-24, 29-25, 10-14, 25-21, 8-12, 22-18, 14x23, 5-1, 4-8, 21-17, 24-20, 1-6, 8-11, 6-10, 20-16, 10-7, 16-20, 7x16, 20x11, 17-14, 23-27, 14-10, 27-31, 10-7, 11x2"
693,1,693,0,0,"11-16, 24-20, 10-14, 20x11, 8x15, 22-17, 15-19, 17x10, 6x15, 23x16, 12x19, 28-24, 19x28, 27-24, 7-10, 26-23, 15-19, 24x15x6, 1x10, 23-19, 2-6, 32-27, 10-15, 19x10x1, 3-8, 27-23, 28-32, 31-27, 32-28, 1-6, 28-32, 6x13, 8-12, 27-24, 5-9, 13x6, 12-16, 6-9, 16-19, 24x15, 4-8, 9-14, 8-12, 15-11, 12-16, 11-7, 16-19, 23x16, 32-28, 25-22, 28-24, 22-18, 24-27, 29-25, 27-24, 7-3, 24-27, 3-7"
694,1,694,1,0,"11-15, 24-20, 9-13, 20-16, 12x19, 23x16, 13-17, 21x14, 10x17, 22x13, 8-11, 13-9, 6x13, 28-24, 11x20, 26-22, 3-8, 30-26, 7-11, 32-28, 15-19, 24x15, 11x18, 22x15, 8-11, 15x8, 4x11, 26-23, 2-7, 23-18, 7-10, 25-22, 13-17, 22x13, 11-16, 27-23, 10-14, 18x9, 5x14, 23-19, 16x23, 31-27, 23x32, 29-25, 1-6, 28-24, 20x27, 25-21, 14-18, 21-17, 27-31, 17-14, 31-27, 13-9, 6x13, 14-9, 18-22, 9-6, 22-25, 6-2, 27-23, 2-7, 23-27, 7-3, 27-24, 3-8, 13-17, 8-4, 24-20, 4-8, 17-21, 8-12, 20-16, 12x19, 32-28, 19-24, 28x19"
695,1,695,0,1,"9-14, 24-19, 14-17, 21x14, 10x17, 22x13, 11-15, 19x10, 6x15, 26-22, 8-11, 23-19, 15x24, 27x20, 7-10, 25-21, 1-6, 20-16, 11x20, 31-27, 5-9, 30-26, 4-8, 27-23, 9-14, 23-19, 10-15, 19x10x1, 2-7, 22-18, 14x23x30, 29-25, 7-10, 1-5, 10-15, 5-1, 30-26, 32-27, 15-19, 27-23, 8-11, 23x16x7, 3x10, 1-5, 20-24, 28x19, 26-22, 25x18, 10-14, 18x9, 12-16, 19x12"
696,1,696,0,0,"9-14, 23-19, 11-15, 27-23, 5-9, 31-27, 12-16, 19x12, 14-18, 23x14x5, 10-14, 27-23, 7-11, 24-20, 6-10, 22-18, 15x22x31, 23-18, 14x23, 21-17, 3-7, 12x3, 11-16, 20x11, 7x16, 28-24, 31-27, 25-22, 27x20, 30-26, 23x30, 32-27, 10-15, 3-7, 2x11, 29-25, 30x21x14, 27-23, 20-24, 23-18, 14x23, 22-18, 23x14"
697,1,697,0,0,"12-16, 24-20, 11-15, 20x11, 7x16, 22-18, 15x22, 25x18, 10-15, 18x11, 8x15, 28-24, 16-19, 23x16, 3-8, 29-25, 15-18, 16-11, 8x15, 26-23, 6-10, 23x14x7, 2x11, 21-17, 11-16, 24-20, 9-14, 20x11, 14x21, 31-26, 15-19, 25-22, 21-25, 30x21, 4-8, 11x4, 5-9, 4-8, 9-14, 8-12, 1-6, 27-24, 19x28, 32-27, 6-10, 22-17, 14-18, 17-14, 10x17, 21x14, 18-22, 26x17, 28-32, 12-16, 32x23, 14-10, 23-26, 16-19, 26-22, 19-23, 22x13, 10-6, 13-17, 23-27, 17-21, 6-1, 21-17, 27-32, 17-21, 32-28, 21-25, 1-6, 25-29, 6-2, 29-25, 2-6"
698,1,698,0,0,"9-13, 24-20, 10-14, 27-24, 14-18, 22x15, 11x18x27, 32x23, 7-10, 25-22, 10-14, 22-17, 13x22, 26x17x10, 6x15, 30-25, 5-9, 25-22, 12-16, 20x11, 9-14, 31-27, 1-5, 22-18, 15x22, 24-19, 8x15x24x31, 23-19, 2-7, 21-17, 14x21, 19-16, 5-9, 16-11, 7x16, 28-24, 22-25, 29x22, 4-8, 22-17, 16-19, 24x15, 3-7, 15-11, 7x16, 17-13, 9-14, 13-9, 31-26, 9-6, 26-23, 6-2, 21-25, 2-7, 16-19, 7-10, 23-27, 10x17, 19-23, 17-14, 8-11, 14-10, 25-29, 10-14, 29-25"
699,1,699,0,1,"10-15, 23-19, 6-10, 27-23, 15-18, 23x14, 9x18, 22x15x6, 2x9, 26-22, 11-16, 24-20, 16x23, 31-27, 9-13, 27x18, 7-11, 20-16, 12x19, 18-14, 5-9, 14x5, 3-7, 22-17, 13x22, 25x18, 11-16, 18-15, 19-23, 30-26, 23x30, 32-27, 8-11, 15x8, 4x11, 27-24, 16-19, 24x15x8, 30-26, 8-4, 1-6, 21-17, 26-31, 28-24, 7-11, 17-13, 31-27, 24-19, 6-10, 5-1, 27-32, 13-9, 10-14, 4-8, 14-17, 8x15, 32-27, 9-5, 27-31, 15-10, 17-21, 19-15, 31-27, 29-25, 21x30, 1-6, 27-23, 15-11, 30-25, 5-1, 23-26, 1-5, 25-22, 6-9, 22-25, 11-7, 26-23, 10-14, 23-19, 14-17, 25-29, 17-21, 19-16, 21-25, 29x22, 9-6, 16-11, 6-2, 22-17, 7-3, 17-13, 5-9, 13x6, 2x9, 11-8, 3x12"
700,1,700,0,1,"10-14, 23-19, 7-10, 22-18, 14x23, 27x18, 12-16, 19x12, 10-14, 31-27, 14x23, 26x19, 9-14, 21-17, 14x21, 19-16, 11x20, 24-19, 2-7, 19-16, 20-24, 28x19, 6-9, 30-26, 21x30x23, 27x18, 8-11, 29-25, 11x20, 25-22, 7-11, 32-27, 4-8, 22-17, 11-16, 19-15, 20-24, 27x20x11x4, 1-6, 17-13, 3-7, 15-10, 6x15x22, 13x6, 5-9, 6-1, 7-10, 1-5, 22-26, 5x14x7, 26-31, 7-3, 31-27, 3-7, 27-23, 12-8, 23-27, 7-10, 27-31, 8-3, 31-26, 10-15, 26-23, 3-7, 23-18, 15x22"
701,1,701,0,0,"11-16, 24-20, 16-19, 23x16, 12x19, 21-17, 9-13, 27-24, 10-14, 17x10, 6x15, 31-27, 8-12, 20-16, 5-9, 22-17, 13x22x31, 24-20, 31x24, 25-22, 3-8, 29-25, 24-27, 32x23, 19x26, 30x23, 12x19x26, 25-21, 8-12, 28-24, 4-8, 22-18, 15x22, 24-19, 9-13, 21-17, 26-30, 19-15, 30-25, 17-14, 7-11, 14-9, 11x18, 20-16, 12x19, 9-5, 25-29"
702,1,702,1,0,"9-13, 22-17, 13x22, 25x18, 5-9, 18-15, 11x18, 23x14x5, 8-11, 29-25, 4-8, 26-23, 11-15, 24-20, 10-14, 28-24, 6-9, 21-17, 14x21, 32-28, 1-6, 31-26, 15-19, 23x16, 12x19, 24x15, 9-13, 28-24, 6-9, 20-16, 8-11, 15x8, 3x12x19x28, 27-23, 28-32, 23-19, 7-10, 19-16, 2-7, 16-11, 7x16, 26-23, 16-20, 30-26, 21x30, 23-18, 30x23x14, 5-1, 14-17, 1-6, 20-24, 6x15, 17-22, 15-18, 22x15"
703,1,703,0,0,"9-14, 23-18, 14x23, 26x19, 11-16, 22-18, 16x23, 30-26, 23x30, 25-22, 7-11, 27-23, 2-7, 23-19, 5-9, 19-15, 10x19, 24x15, 7-10, 31-26, 30x23x14, 32-27, 11x18x25, 29x22, 10-15, 27-24, 14-18, 22-17, 18-23, 24-19, 15x24, 28x19, 23x16, 17-14, 9x18, 21-17, 6-10, 17-13, 18-23, 13-9, 10-14, 9-5, 3-7"
704,1,704,0,1,"10-15, 21-17, 9-14, 17x10, 7x14, 22-18, 15x22, 26x17x10, 6x15, 25-21, 15-19, 24x15, 11x18, 23x14, 2-6, 27-24, 3-7, 24-19, 7-11, 21-17, 5-9, 14x5, 12-16, 19x12x3, 6-10, 3-7, 4-8, 7x16, 1-6, 28-24, 6-9, 17-13, 10-14, 13x6, 8-11, 16x7, 14-18, 30-25, 18-23, 7-2, 23-27, 32x23"
705,1,705,0,1,"10-15, 21-17, 15-18, 23x14, 9x18, 22x15, 11x18, 27-23, 18x27, 32x23, 12-16, 23-18, 7-11, 31-27, 3-7, 26-22, 7-10, 25-21, 11-15, 18x11, 8x15, 29-25, 10-14, 17x10, 15-19, 24x15, 16-20, 30-26, 20-24, 28x19, 6-9, 26-23, 4-8, 10-6, 1x10, 15x6, 8-12, 22-18, 12-16, 19x12, 2-7, 21-17, 7-11, 17-14, 11-15, 18x11, 9x18, 23x14, 5-9, 14x5"
706,1,706,0,1,"11-16, 23-19, 16x23, 26x19, 9-13, 22-18, 10-14, 18x9, 5x14, 24-20, 6-9, 19-15, 1-6, 27-23, 14-18, 23x14x5, 6-9, 25-22, 7-11, 30-26, 11x18x25, 29x22, 8-11, 32-27, 11-15, 20-16, 12x19, 26-23, 19x26, 28-24, 9-14, 21-17, 14x21, 27-23, 3-7, 24-20, 26-30, 31-27, 7-10, 20-16, 15-18, 22x15x6, 2x9, 5-1, 4-8, 16-11, 8x15, 23-19, 15x24x31, 1-6, 13-17, 6x13x22, 30-25, 22x29, 21-25, 29x22, 31-26, 22x31"
707,1,707,1,0,"10-15, 24-19, 15x24, 27x20, 9-14, 23-19, 6-9, 19-15, 11x18, 22x15, 7-10, 15x6, 1x10, 21-17, 14x21, 26-23, 10-15, 20-16, 12x19x26, 31x22, 9-14, 22-18, 14x23, 32-27, 23x32, 30-26, 21x30x23, 28-24, 23-26, 24-20, 26-22, 29-25, 22x29, 20-16, 5-9, 16-11, 9-13, 11-7, 3x10"
708,1,708,1,0,"11-16, 23-19, 16x23, 26x19, 9-13, 22-17, 13x22, 25x18, 5-9, 21-17, 8-11, 27-23, 3-8, 18-14, 9x18x27, 32x23, 11-16, 30-26, 7-11, 17-13, 10-15, 19x10, 6x15, 31-27, 15-18, 23x14, 2-6, 14-10, 6x15, 13-9, 1-5, 9-6, 15-18, 29-25, 11-15, 25-22, 18x25, 6-2, 15-19, 24x15, 16-20, 15-10, 8-11, 27-24, 20x27, 10-7, 27-31, 2-6, 31x22, 7-3, 4-8, 6-10, 11-16, 10-7, 25-30, 7-10, 22-18, 3-7, 18-15, 10x19, 16x23, 7-2, 8-11, 28-24, 23-27, 24-19, 5-9, 2-6, 30-26, 6x13, 26-30, 13-9, 11-15, 19x10, 30-26, 10-6, 26-30, 6-2, 30-26, 9-6, 26-31, 6-10, 27-32, 10-6, 12-16, 6-1, 32-27, 1-5, 27-24, 2-7, 24-19, 7-10, 19-23, 5-1, 23-26, 10-6, 26-22, 6-10, 31-26, 1-6, 22-17, 10-15, 17-13, 15-19, 16x23, 6-1, 26-22, 1-6, 22-17, 6-9, 13x6"
709,1,709,0,0,"12-16, 23-18, 9-14, 18x9, 6x13, 26-23, 11-15, 21-17, 8-12, 23-19, 16x23, 27x18x11, 7x16, 24-20, 2-6, 20x11, 12-16, 28-24, 10-14, 17x10, 6x15, 24-20, 15-18, 22x15, 4-8, 11x4, 3-7, 20x11x2, 5-9, 32-28, 1-5, 2-6, 9-14, 6-2, 13-17, 15-10, 14-18, 30-26, 5-9, 28-24, 17-21, 24-20, 21x30x23, 31-27, 23x32, 29-25, 18-23, 4-8, 32-27, 2-7, 9-14, 8-12, 23-26, 10-6, 14-18, 7-11, 27-23, 11-8, 18-22, 25x18, 23x14, 20-16, 14-10, 6-1, 10-15, 8-3, 15-18, 16-11, 26-30, 11-8, 30-25, 8-4, 18-23, 12-8, 25-21, 8-11, 21-25, 11-16"
710,1,710,0,1,"11-15, 21-17, 15-19, 23x16, 12x19, 24x15, 10x19, 22-18, 9-14, 17x10, 6x15x22, 25x18, 7-10, 30-25, 19-23, 26x19, 10-15, 18x11, 8x15x24, 28x19, 4-8, 19-15, 8-12, 15-11, 1-6, 25-21, 3-8, 11x4, 12-16, 27-24, 2-7, 29-25, 6-10, 31-27, 5-9, 24-20, 7-11, 27-23, 9-14, 4-8, 10-15, 8-12, 15-18, 12x19, 18x27, 32x23, 11-15, 19x10x17"
711,1,711,0,0,"11-16, 21-17, 7-11, 24-19, 3-7, 17-13, 10-15, 19x10x3, 9-14, 23-18, 14x23, 27x18, 11-15, 18x11, 8x15, 3-8, 4x11, 32-27, 2-7, 27-24, 15-19, 24x15x8, 16-20, 22-17, 6-10, 25-21, 5-9, 13x6, 7-11, 26-22, 11-15, 17-13, 20-24, 28x19, 15x24, 8-3, 10-15, 6-2, 15-18, 22x15, 1-6, 2x9, 24-27, 31x24, 12-16, 9-5, 16-20, 3-7, 20x27, 5-9, 27-32, 7-3, 32-27, 30-26, 27-32, 26-22, 32-28, 9-6, 28-24, 22-18, 24-27, 18-14, 27-31, 13-9, 31-26, 15-10, 26-31, 21-17, 31-27, 6-2, 27-32, 9-5, 32-28, 5-1, 28-24, 2-7, 24-19, 7-2, 19-24"
712,1,712,0,0,"11-15, 22-17, 9-13, 26-22, 10-14, 17x10, 7x14, 23-18, 14x23, 27x18x11, 8x15, 31-27, 3-8, 24-19, 15x24x31, 30-26, 6-9, 22-18, 31x22x15, 28-24, 2-6, 24-19, 15x24, 21-17, 13x22, 25x18, 9-14, 18x9x2, 5-9, 2-6, 1x10, 29-25, 9-14, 25-22, 10-15, 22-18, 15x22, 32-28, 22-25, 28x19, 12-16, 19x12x3, 14-18, 3-7, 4-8, 7-3, 8-11, 3-8, 11-15, 8-12, 18-22, 12-16, 15-18, 16-20, 25-30, 20-24, 30-25, 24-28, 18-23, 28-32, 22-26, 32-28, 23-27, 28-32, 27-31, 32-28, 31-27"
713,1,713,0,1,"10-15, 23-19, 12-16, 19x12, 15-18, 22x15, 11x18, 26-23, 7-10, 23x14x7, 2x11, 21-17, 11-16, 31-26, 6-10, 27-23, 9-13, 26-22, 16-19, 24x15x6, 1x10, 23-18, 10-15, 18x11, 8x15, 25-21, 5-9, 29-25, 15-19, 12-8, 4x11, 32-27, 11-16, 27-24, 3-7, 24x15, 7-10, 15x6, 16-19, 17-14, 9x18, 22x15, 13-17, 21x14, 19-23, 6-2, 23-27, 25-21, 27-31, 30-25, 31-26, 28-24, 26-31, 2-7, 31-26, 21-17, 26-22, 25x18"
714,1,714,1,0,"9-14, 24-19, 11-16, 19-15, 10x19, 27-24, 14-18, 24x15, 18x27, 32x23, 8-11, 15x8, 4x11, 22-18, 3-8, 23-19, 16x23, 26x19, 7-10, 19-16, 12x19, 30-26, 19-23, 26x19, 10-15, 19x10, 6x15x22, 25x18, 1-6, 18-14, 11-15, 29-25, 8-12, 21-17, 2-7, 14-9, 6x13x22x29, 31-26, 7-10, 26-23, 12-16, 23-18, 15x22, 28-24, 22-26, 24-19, 16x23"
715,1,715,0,0,"11-15, 22-18, 15x22, 26x17, 10-14, 17x10, 6x15, 25-22, 12-16, 29-25, 15-18, 22x15, 16-20, 25-22, 9-14, 23-18, 14x23, 27x18, 20x27, 32x23, 7-11, 28-24, 3-7, 23-19, 5-9, 24-20, 9-13, 31-26, 7-10, 15x6, 2x9, 20-16, 11x20, 26-23, 1-5, 19-15, 8-12, 15-11, 9-14, 18x9, 5x14, 22-17, 13x22, 11-8, 4x11, 23-18, 14x23, 21-17, 11-15, 17-14, 23-27, 14-9, 15-18, 30-26, 22x31, 9-5, 18-23, 5-1, 20-24, 1-6, 31-26, 6-1, 26-30, 1-5, 12-16, 5-1, 16-20, 1-6, 23-26, 6-9, 24-28, 9-14, 20-24, 14-17, 27-32, 17-14, 30-25, 14-17, 32-27"
716,1,716,1,0,"11-15, 22-18, 15x22, 25x18, 10-14, 29-25, 6-10, 24-20, 9-13, 18x9, 5x14, 21-17, 13x22x29, 23-18, 14x23, 27x18, 1-5, 28-24, 10-14, 18x9, 5x14, 30-25, 29x22, 26x17x10, 7x14, 24-19, 3-7, 19-15, 8-11, 15x8, 4x11, 32-27, 14-18, 27-24, 2-6, 31-26, 12-16, 26-23, 18x27, 24-19, 16x23, 20-16, 11x20"
717,1,717,0,1,"9-14, 21-17, 14x21, 22-18, 5-9, 23-19, 11-15, 18x11, 7x16x23, 26x19, 3-7, 30-26, 21x30x23x16, 29-25, 16-19, 24x15, 10x19, 28-24, 19x28, 31-26, 7-10, 25-22, 2-7, 26-23, 8-11, 23-19, 4-8, 22-18, 10-15, 19x10x3, 11-15, 18x11x4, 9-13, 3-8, 13-17, 8-11, 12-16, 11x20, 1-5, 20-16, 17-22, 16-11, 22-25, 4-8, 25-29, 27-24, 6-9, 24-19, 9-13, 11-16, 13-17, 19-15, 29-25, 16-12, 25-30, 8-4, 17-21, 12-8, 21-25, 15-10, 5-9, 10-6, 9-13, 8-12, 30-26, 12-16, 13-17, 32-27, 25-30, 16-12, 26-23, 27x18, 30-26, 6-2, 28-32, 12-16, 26-31, 2-7, 32-27, 7-10, 31-26, 16-11, 27-32, 18-15, 26-23, 11-8, 23-19, 10-14, 19x10, 14x21, 10-6, 21-25, 6-10, 8-12, 10-7, 25-22, 32-27, 12-16, 7-3, 16-12, 27-23, 22-18, 23x14, 12-16, 3-7, 16-19, 14-9, 19-24, 7-2, 24-28, 9-14, 28-32, 2-7, 32-28, 7-10, 28-24, 10-15, 4-8, 15-19, 24x15, 14-9, 8-4, 9-5, 4-8, 5-1, 15-10, 1-6, 10x1"
718,1,718,1,0,"9-14, 23-18, 14x23, 26x19, 6-9, 30-26, 9-13, 22-17, 13x22, 25x18, 11-16, 29-25, 16x23x30, 27-23, 12-16, 24-20, 8-11, 31-27, 1-6, 21-17, 30x21x14, 18x9, 5x14, 23-18, 14x23, 27x18, 10-14, 18x9, 6x13, 32-27, 13-17, 27-23, 7-10, 23-18, 3-7, 28-24, 11-15, 18x11, 17-22, 24-19, 16x23, 20-16, 23-26, 16-12, 7x16, 12-8, 4x11"
719,1,719,0,0,"9-14, 22-18, 6-9, 25-22, 11-15, 18x11, 8x15, 24-19, 15x24, 28x19, 12-16, 19x12, 7-11, 29-25, 1-6, 21-17, 14x21, 12-8, 3x12, 22-18, 11-16, 26-22, 10-14, 31-26, 2-7, 18-15, 7-10, 23-18, 10x19, 27-23, 14-17, 22x13, 4-8, 32-28, 16-20, 23x16, 12x19, 25-22, 21-25, 30x21, 19-23, 26x19, 20-24, 18-15, 24-27, 15-10, 6x15x24, 28x19, 27-31, 13x6, 5-9, 19-15, 8-12, 6-1, 9-14, 21-17, 14x21, 1-6, 12-16, 15-10, 21-25, 10-7, 25-30, 6-9, 16-20, 22-18, 31-26, 9-14, 26-22, 14-10, 22x15x6, 7-3, 30-25, 3-8, 25-21, 8-4, 6-9, 4-8, 9-6"
720,1,720,0,0,"10-15, 22-18, 15x22, 26x17, 9-14, 17x10, 7x14, 24-20, 11-15, 27-24, 2-7, 23-18, 15x22, 25x18x9x2x11, 8x15, 31-27, 15-18, 30-26, 18-23, 27x18, 5-9, 21-17, 9-13, 18-14, 13x22x31, 24-19, 31-27, 32x23, 4-8, 19-16, 12x19x26, 14-10, 8-11, 10-6, 1x10, 28-24, 11-16, 20x11, 3-8, 11x4, 10-14, 4-8, 26-31, 24-19, 31-26, 29-25, 14-17, 19-16, 26-22, 25x18, 17-21, 16-11, 21-25, 8-3, 25-30, 11-8, 30-25, 8-4, 25-30, 18-15, 30-25, 4-8"
721,1,721,0,0,"12-16, 22-18, 8-12, 23-19, 16x23, 26x19, 12-16, 19x12, 11-15, 18x11, 7x16, 25-22, 10-14, 27-23, 14-17, 21x14, 9x18x27, 32x23, 4-8, 31-27, 6-10, 22-18, 16-19, 23x16, 5-9, 30-26, 9-13, 18-15, 10x19, 24x15, 2-7, 29-25, 1-6, 26-22, 8-11, 15x8, 7-10, 27-23, 13-17, 22x13, 10-14, 25-21, 14-17, 21x14, 6-10, 14x7, 3x10, 23-19, 10-14, 28-24, 14-18, 16-11, 18-23, 19-16, 23-26, 8-4, 26-31, 12-8, 31-27, 16-12, 27x20, 13-9, 20-24, 9-5, 24-19, 5-1, 19-15, 11-7, 15-19, 8-3, 19-24, 1-6, 24-19, 3-8"
722,1,722,1,0,"11-16, 24-20, 16-19, 23x16, 12x19, 21-17, 10-15, 28-24, 19x28, 25-21, 15-19, 29-25, 7-10, 27-23, 9-14, 23x16, 14-18, 22x15, 10x19, 31-27, 6-10, 25-22, 8-12, 27-23, 4-8, 16-11, 8x15, 23x16, 12x19, 30-25, 3-7, 17-13, 19-23, 26x19, 15x24, 20-16, 1-6, 22-17, 7-11, 16x7, 2x11, 32-27, 24x31, 13-9, 6x13x22x29, 21-17, 31-26, 17-14, 10x17"
723,1,723,1,0,"9-14, 24-20, 14-18, 22x15, 11x18, 23x14, 10x17, 21x14, 6-9, 27-24, 9x18, 25-21, 18-22, 26x17, 2-6, 17-13, 6-9, 13x6, 1x10, 21-17, 7-11, 17-14, 10x17, 30-26, 17-21, 20-16, 12x19, 24x15, 11x18, 32-27, 18-23, 27x18, 8-11, 18-15, 11x18, 31-27, 5-9, 26-23, 9-14, 28-24, 18-22, 24-20, 14-18, 23x14, 4-8, 20-16, 21-25, 27-24, 22-26, 29x22, 8-12, 22-17, 12x19x28, 17-13, 26-30, 14-10, 28-32, 13-9, 30-25, 10-7, 3x10, 9-5, 32-28, 5-1, 28-24, 1-6, 25-22, 6x15, 24-20, 15-18, 22x15"
724,1,724,1,0,"11-16, 21-17, 8-11, 24-20, 10-15, 17-13, 6-10, 13x6, 2x9, 25-21, 3-8, 30-25, 15-19, 22-18, 1-6, 26-22, 19x26, 18-15, 11x18, 20x11x2, 26-30, 22x15, 10x19, 27-23, 19x26, 31x22, 8-11, 21-17, 30x21x14, 22-17, 14x21, 2-7, 21-25, 29x22, 11-16, 22-17, 4-8, 17-14, 9x18, 7-2, 5-9, 2-7, 9-14, 28-24, 8-11, 24-19, 16x23, 7x16, 12x19, 32-27, 23x32"
725,1,725,0,1,"9-13, 23-18, 6-9, 18-14, 9x18, 22x15x6, 1x10, 27-23, 11-16, 31-27, 7-11, 26-22, 3-7, 24-19, 10-14, 27-24, 11-15, 19x10x3, 2-6, 23-19, 16x23, 22-18, 14-17, 21x14, 12-16, 3x12x19x26, 5-9, 14x5, 6-10, 5-1, 10-15, 18x11, 13-17, 26-22, 17x26, 30x23, 4-8, 11x4"
726,1,726,0,1,"9-14, 24-19, 11-16, 22-17, 14-18, 23x14, 16x23, 27x18, 5-9, 14x5, 7-11, 18-15, 11x18, 32-27, 18-23, 26x19, 6-9, 25-22, 10-15, 19x10, 9-14, 30-26, 2-7, 27-24, 12-16, 10-6, 1x10, 31-27, 16-19, 24x15x6, 14-18, 22x15, 8-11, 15x8, 4x11, 28-24, 3-8, 24-20, 8-12, 6-2, 7-10, 27-23, 11-16, 20x11, 10-14, 17x10, 12-16, 11-8, 16-20, 10-7, 20-24, 21-17, 24-27, 8-4, 27-31, 7-3, 31x22x13, 2-6, 13-9, 6x13"
727,1,727,0,0,"9-13, 22-17, 13x22, 25x18, 10-15, 30-25, 15x22, 25x18, 12-16, 24-20, 7-10, 26-22, 16-19, 23x16x7, 2x11, 28-24, 10-15, 20-16, 11x20, 18x11, 8x15, 27-23, 20x27, 31x24, 4-8, 32-27, 8-12, 29-25, 15-18, 23x14, 6-10, 14x7, 3x10, 22-18, 5-9, 24-19, 10-14, 19-16, 12x19, 18-15, 14-18, 15-11, 18-22, 25x18, 19-24, 27x20, 1-5, 18-14, 9x18, 11-7, 18-22, 7-2, 5-9, 2-6, 22-25, 6x13, 25-30, 13-9, 30-25, 21-17, 25-29, 9-13, 29-25, 17-14, 25-21, 14-9, 21-25, 13-17"
728,1,728,0,0,"9-13, 24-19, 5-9, 19-16, 12x19, 23x16, 11x20, 28-24, 8-11, 27-23, 20x27, 31x24, 3-8, 23-18, 8-12, 24-19, 10-15, 19x10x3, 11-16, 32-28, 9-14, 18x9, 1-5, 28-24, 5x14, 24-20, 6-10, 20x11, 10-15, 21-17, 14x21, 3-7, 13-17, 22x13, 15-18, 25-22, 18x25, 29x22, 2-6, 13-9, 6x13, 22-18, 12-16, 7-2, 16-19, 11-7, 21-25, 30x21, 19-23, 26x19, 13-17, 21x14, 4-8, 19-16, 8-12, 16-11, 12-16, 18-15, 16-19, 14-10, 19-23, 2-6, 23-27, 6-2, 27-31, 2-6, 31-26"
729,1,729,1,0,"11-15, 21-17, 10-14, 17x10, 7x14, 23-18, 14x23, 27x18x11, 8x15, 31-27, 9-14, 22-17, 14x21, 24-19, 15x24x31x22, 25x18, 3-8, 30-25, 21x30, 32-27, 6-9, 18-15, 12-16, 27-23, 2-6, 15-11, 8x15, 28-24, 15-19, 24x15, 9-14, 15-11, 16-19, 23x16, 5-9, 29-25, 30x21, 11-8, 4x11x20"
730,1,730,1,0,"12-16, 24-20, 9-13, 27-24, 10-14, 32-27, 11-15, 20x11, 7x16, 23-18, 14x23x32, 24-20, 6-9, 20x11, 2-7, 11x2, 9-14, 28-24, 13-17, 22x13, 32-27, 2-6, 27x20, 6-10, 8-11, 10x17, 3-8, 17-22, 15-19, 26-23, 19x26, 30x23, 11-15, 22-26, 15-18, 23x14, 8-12, 25-22, 5-9, 14x5, 1-6, 26-23, 12-16, 31-26, 16-19, 23x16, 20x11, 29-25, 6-10, 5-1, 10-14, 21-17, 14x21x30x23, 22-18, 23x14, 1-6, 4-8, 6-9, 14x5, 13-9, 5x14"
731,1,731,0,1,"11-16, 22-18, 10-15, 18x11, 8x15, 23-19, 16x23, 27x18x11, 7x16, 26-22, 16-20, 31-26, 20x27, 32x23, 3-8, 23-18, 8-11, 26-23, 6-10, 23-19, 9-13, 28-24, 4-8, 18-14, 10x17x26, 30x23, 11-15, 19x10, 12-16, 10-6, 1x10, 25-22, 8-12, 24-20, 5-9, 20x11, 9-14, 21-17, 14x21, 22-18, 21-25, 29x22, 10-14, 18x9, 12-16, 11-8, 2-6, 9x2, 16-19, 23x16, 13-17, 22x13"
732,1,732,0,1,"10-15, 21-17, 7-10, 17-14, 9x18, 23x14x7, 3x10, 22-18, 15x22, 26x17, 5-9, 25-21, 11-16, 17-14, 10x17, 21x14x5, 16-20, 30-25, 12-16, 25-22, 6-10, 22-17, 8-11, 29-25, 2-7, 25-22, 1-6, 5-1, 16-19, 24x15x8, 4x11, 28-24, 10-14, 1x10x3, 14x21, 32-28, 11-15, 22-18, 15x22, 27-23, 20x27, 31x24, 21-25, 23-19, 25-29, 19-16, 22-25, 24-19, 25-30, 19-15, 29-25, 28-24, 30-26, 3-8, 26-23, 8-4, 25-22, 15-10, 22-18, 16-11, 18-14, 4-8, 14x7x16, 24-20, 16-19, 8-11, 19-16, 11-7, 16-11, 7x16, 23-18, 16-19, 18-23, 19x26"
733,1,733,0,1,"9-13, 23-18, 13-17, 21x14, 10x17, 22x13, 12-16, 24-20, 6-9, 13x6, 1x10, 26-23, 2-6, 23-19, 16x23, 18-14, 10x17, 27x18, 11-16, 20x11x2x9, 5x14x23, 32-27, 23x32, 25-22, 17x26, 30x23, 3-7, 23-19, 7-10, 19-15, 10x19, 31-26, 19-23, 26x19, 8-11, 29-25, 11-16, 19x12, 4-8, 12x3, 32-27, 25-21, 27-23, 28-24, 23-18, 24-19, 18-15, 19x10"
734,1,734,0,0,"11-16, 22-18, 10-14, 18-15, 6-10, 15x6, 1x10, 23-18, 14x23, 27x18, 16-20, 26-23, 20x27, 31x24, 9-13, 23-19, 8-11, 25-22, 12-16, 19x12, 2-6, 30-26, 6-9, 21-17, 11-16, 32-27, 16-19, 24x15x6, 7-11, 12-8, 3x12, 18-15, 11x18x25, 29x22, 12-16, 22-18, 13x22x31x24, 28x19x12, 9-14, 18x9, 5x14, 6-2, 14-17, 2-7, 17-21, 7-2, 21-25, 12-8, 4x11, 2-7, 25-29, 7x16, 29-25, 16-12, 25-22, 12-8, 22-17, 8-4, 17-14, 4-8, 14-18"
735,1,735,1,0,"9-13, 22-17, 13x22, 25x18, 11-16, 29-25, 8-11, 21-17, 16-19, 24x15x8, 4x11, 25-22, 10-15, 27-24, 12-16, 24-20, 7-10, 17-14, 10x17, 22x13, 15x22, 26x17, 3-8, 31-26, 5-9, 26-22, 8-12, 30-25, 1-5, 22-18, 11-15, 20x11, 15x22x29, 11-8, 12-16, 23-18, 9-14, 17x10x1, 5-9, 13x6, 2x9, 18-14, 9x18, 8-4, 18-23, 32-27, 23x32, 4-8, 16-19, 8-12, 29-25, 1-6, 25-21, 6-2, 32-27, 28-24, 27x20, 12-16, 20x11, 2-7, 11x2"
736,1,736,0,1,"12-16, 24-19, 9-13, 19x12, 13-17, 22x13, 5-9, 23-18, 11-15, 18x11, 8x15, 26-22, 15-18, 22x15, 10x19, 30-26, 4-8, 27-24, 19-23, 26x19, 6-10, 13x6, 2x9, 24-20, 7-11, 19-16, 3-7, 12x3, 9-13, 25-22, 1-5, 29-25, 11-15, 22-17, 13x22x29, 3-8, 7-11, 16x7, 15-18, 7-2, 18-23, 32-27, 23x32, 8-12, 29-25, 2-7, 25-30, 7x14, 5-9, 14x5, 30-26, 31x22, 32-27, 5-1, 27-24, 28x19"
737,1,737,0,0,"9-14, 24-20, 5-9, 27-24, 14-17, 22x13, 12-16, 26-22, 16-19, 23x16, 10-15, 31-27, 6-10, 13x6, 2x9, 30-26, 15-18, 22x15x6, 1x10, 24-19, 11-15, 28-24, 10-14, 19x10, 8-12, 26-22, 12x19x28, 20-16, 9-13, 22-17, 13x22, 25x18x9, 7x14, 16-11, 14-18, 11-8, 3x12, 9-5, 12-16, 21-17, 4-8, 27-23, 18x27, 32x23, 28-32, 17-13, 32-28, 5-1, 8-12, 1-5, 16-20, 5-1, 20-24, 1-6, 12-16, 6-10, 24-27, 29-25, 27-31, 10-7, 31-27, 23-18, 28-24, 25-22, 16-20, 7-11, 27-32, 22-17, 32-27, 11-16, 24-28, 13-9, 27-31, 18-15, 20-24, 16-11, 24-27, 17-13, 28-24, 9-6, 24-20, 11-16, 20x11x18, 13-9, 18-15, 6-2, 15-19, 9-6, 31-26, 2-7, 26-22, 7-3, 22-17, 3-7, 19-23, 6-2, 17-14, 2-6, 14-10, 6x15, 27-32, 15-19, 23x16, 7-10, 16-19, 10-6, 19-16, 6-2"
738,1,738,1,0,"11-16, 24-19, 9-13, 22-17, 13x22, 25x18, 5-9, 27-24, 9-13, 32-27, 1-5, 30-25, 7-11, 18-14, 10x17, 21x14, 3-7, 23-18, 16x23x30x21, 29-25, 21x30, 14-9, 5x14x23x32, 24-19, 11-16, 31-27, 32x23, 19-15, 23-19, 15-10, 7x14, 28-24, 19x28"
739,1,739,0,0,"9-13, 22-17, 13x22, 25x18, 12-16, 24-20, 10-15, 28-24, 15x22, 26x17, 6-9, 17-13, 9-14, 23-19, 16x23, 27x18x9, 5x14, 30-25, 11-16, 20x11, 7x16, 24-20, 2-6, 20x11, 8x15, 21-17, 14x21x30, 31-26, 30x23, 32-28, 23-26, 29-25, 4-8, 25-22, 26x17, 28-24, 15-19, 24x15, 17-22, 15-10, 6x15, 13-9, 8-12, 9-5, 22-26"
740,1,740,0,1,"12-16, 23-18, 8-12, 27-23, 9-13, 18-15, 10x19, 24x15x8, 4x11, 28-24, 6-9, 24-20, 9-14, 32-28, 11-15, 20x11, 7x16, 22-17, 13x22, 25x18x11, 14-17, 21x14, 2-7, 11x2, 5-9, 14x5, 16-20, 31-27, 1-6, 2x9, 12-16, 23-18, 16-19, 18-15, 3-7, 26-22, 7-11, 15x8, 19-24, 28x19, 20-24, 27x20"
741,1,741,1,0,"10-15, 23-19, 6-10, 27-23, 9-13, 21-17, 12-16, 19x12, 2-6, 31-27, 6-9, 24-20, 15-19, 23x16, 11-15, 25-21, 15-18, 22x15x6, 13x22x31x24, 28x19, 1x10, 29-25, 9-13, 16-11, 8x15x24, 21-17, 13x22x29, 20-16, 4-8, 32-28, 5-9, 28x19, 9-14, 30-26, 8-11, 12-8, 3x12, 19-15, 10x19, 26-22, 11x20, 22-17, 14x21"
742,1,742,1,0,"11-16, 24-19, 9-13, 23-18, 16x23, 26x19, 12-16, 19x12, 13-17, 22x13, 6-9, 13x6, 2x9, 30-26, 7-11, 26-23, 11-15, 18x11, 8x15, 31-26, 9-14, 12-8, 4x11, 23-18, 15x22x31x24, 28x19, 14-17, 21x14x7, 3x10, 25-22, 5-9, 32-28, 1-5, 22-17, 9-13, 28-24, 13x22, 19-16, 11x20x27, 29-25, 22x29"
743,1,743,1,0,"9-14, 22-17, 10-15, 17x10, 7x14, 23-19, 11-16, 19x10, 6x15, 26-23, 5-9, 21-17, 14x21, 25-22, 9-14, 23-19, 16x23, 27x18x9, 3-7, 24-19, 15x24, 28x19, 8-11, 31-26, 11-16, 9-6, 16x23, 26x19, 1x10, 19-15, 10x19, 29-25, 4-8, 32-28, 2-6, 22-18, 6-9, 28-24, 19x28, 30-26, 21x30x23x14"
744,1,744,0,0,"10-15, 21-17, 9-14, 17x10, 7x14, 25-21, 15-19, 24x15, 11x18x25, 29x22, 2-7, 21-17, 14x21, 27-24, 7-11, 22-18, 6-9, 24-19, 3-7, 30-25, 21x30, 28-24, 9-14, 18x9, 5x14, 24-20, 14-18, 23x14, 30x23x16, 14-9, 1-6, 9x2, 11-15, 20x11, 7x16, 32-28, 8-11, 2-6, 15-19, 6-10, 11-15, 31-26, 19-23, 10x19, 23x30, 19-23, 4-8, 23-27, 16-19, 28-24, 19x28, 27-23, 30-25, 23-18, 25-29, 18-23, 12-16, 23-27, 28-32, 27-23, 16-20, 23-26, 8-11, 26-22, 11-16, 22-18, 29-25, 18-15, 32-27, 15-10, 25-30, 10-14, 16-19, 14-17, 27-23, 17-14, 23-27"
745,1,745,0,0,"9-14, 23-19, 11-16, 21-17, 16x23, 26x19, 14x21, 22-18, 10-14, 18x9, 6x13, 27-23, 12-16, 19x12, 5-9, 23-19, 9-14, 25-22, 14-18, 22x15, 1-6, 29-25, 8-11, 15x8, 4x11, 12-8, 3x12, 19-16, 11x20x27, 31x24, 7-10, 24-19, 6-9, 25-22, 12-16, 19x12, 21-25, 30x21, 10-15, 12-8, 13-17, 22x13x6, 2x9, 8-4, 9-13, 21-17, 13x22, 4-8, 22-26, 8-3, 26-30, 28-24, 30-25, 32-28, 25-30, 24-20, 15-18, 3-7, 30-26, 20-16, 26-30, 16-11, 18-23, 7-10, 30-25, 28-24, 23-27, 10-7, 25-22, 7-2, 22-26, 11-7, 26-22, 24-20, 22-17, 2-6, 17-13, 20-16, 13-17, 6-2"
746,1,746,0,1,"12-16, 22-17, 10-15, 23-18, 15x22, 25x18, 7-10, 26-22, 8-12, 24-19, 16x23, 18-15, 10x19, 27x18, 4-8, 31-27, 6-10, 27-23, 19x26, 30x23, 2-7, 28-24, 10-14, 17x10, 7x14, 24-19, 3-7, 32-28, 12-16, 19x12x3x10x17, 9-13, 17-14, 11-16, 29-25, 16-19, 23x16, 13-17, 22x13, 1-6, 28-24, 6-10, 14x7, 5-9, 13x6"
747,1,747,0,0,"11-16, 22-17, 9-14, 23-18, 14x23, 27x18, 6-9, 24-20, 8-11, 18-14, 9x18, 32-27, 11-15, 20x11, 7x16, 26-23, 16-19, 23x14x7, 2x11, 30-26, 12-16, 25-22, 4-8, 17-13, 3-7, 28-24, 19x28, 22-18, 15x22, 26x17, 1-6, 27-24, 16-19, 24x15, 11x18, 31-27, 6-9, 13x6, 18-22, 17-13, 5-9, 21-17, 7-10, 29-25, 22x29, 27-23, 28-32, 6-1, 8-12, 13x6, 29-25, 23-19, 32-28, 19-16, 12x19, 17-14, 10x17, 1-5, 28-32, 6-2, 25-29, 2-6, 19-23, 5-1, 17-22, 6-10, 23-27, 10-15, 22-25, 1-6, 25-30, 6-10, 30-25, 10-7, 25-30, 7-3, 27-31, 15-10, 30-26, 10-7, 26-22, 7-10, 32-27, 10-14, 27-24, 14-10, 29-25, 10-6, 24-19, 6-9, 22-18, 9-13, 19-16, 3-7, 25-30, 7-10, 31-27, 13-17, 18-22, 17x26, 30x23, 10-7, 16-19, 7-2, 27-31, 2-7, 23-26, 7-11, 19-23, 11-15, 23-27, 15-11, 27-24"
748,1,748,1,0,"11-15, 24-20, 15-18, 23x14, 9x18, 22x15, 10x19, 25-22, 6-10, 27-23, 10-14, 23x16, 12x19, 29-25, 1-6, 22-18, 14x23, 21-17, 6-10, 28-24, 19x28, 26x19, 2-6, 31-26, 8-11, 32-27, 6-9, 19-16, 4-8, 17-14, 9x18, 26-22, 10-15, 25-21, 18x25, 30-26, 15-18, 27-23, 18x27, 21-17, 27-32, 17-14, 7-10, 14x7, 3x10, 16x7, 32-27, 26-23, 27x18, 20-16, 18-15, 16-11, 25-29, 11x4, 29-25, 7-2, 25-21, 2-7, 15-19, 7x14, 19-15, 14-17, 21x14, 4-8, 14-18, 8-12, 15-11, 12-16, 11x20"
749,1,749,0,0,"11-16, 23-18, 9-13, 18-15, 10x19, 24x15, 16-20, 22-17, 13x22, 25x18, 7-10, 30-25, 10x19, 18-14, 6-9, 14-10, 19-23, 27x18, 12-16, 10-7, 2x11, 28-24, 20x27, 31x24, 3-7, 26-22, 11-15, 18x11x2, 8-12, 24-19, 16x23, 22-18, 23-26, 18-15, 12-16, 32-28, 26-31, 25-22, 31-27, 15-11, 16-19, 11-7, 9-14, 22-18, 14x23, 29-25, 5-9, 28-24, 19x28, 7-3, 9-13, 2-7, 4-8, 3x12, 23-26, 21-17, 13x22x29, 7-11, 27-24, 11-16, 1-6, 16-11, 26-30, 11-7, 30-26, 7-11"
750,1,750,1,0,"10-15, 24-19, 15x24, 27x20, 9-14, 21-17, 14x21, 22-18, 7-10, 18-14, 10x17, 31-27, 3-7, 20-16, 12x19, 23x16, 11x20, 27-24, 20x27, 32x23, 8-12, 28-24, 6-10, 26-22, 17x26, 23-19, 4-8, 30x23, 21x30, 23-18, 1-6, 19-15, 10x19x28, 29-25, 30x21, 18-15, 6-10, 15x6, 2x9"
751,1,751,0,1,"9-14, 23-19, 6-9, 24-20, 11-16, 20x11, 8x15x24, 27x20, 9-13, 28-24, 1-6, 32-28, 6-9, 26-23, 14-17, 21x14, 10x17x26, 31x22, 13-17, 22x13x6, 2x9, 23-18, 9-13, 24-19, 7-11, 25-22, 11-15, 18x11, 13-17, 22x13, 3-8, 19-15, 12-16, 11-7, 8-11, 15x8, 4x11, 28-24, 16-19, 24x15x8, 5-9, 13x6"
752,1,752,0,0,"10-15, 23-18, 15-19, 24x15, 7-10, 18-14, 10x19, 22-17, 9x18, 27-23, 18x27, 32x23x16x7, 2x11, 26-22, 5-9, 30-26, 6-10, 22-18, 9-13, 28-24, 13x22, 26x17, 3-7, 24-20, 10-14, 17x10x3, 11-15, 18x11, 8x15, 31-27, 1-5, 27-24, 15-18, 21-17, 12-16, 20x11, 18-23, 25-22, 23-27, 24-19, 4-8, 3x12, 5-9, 19-15, 9-13, 12-16, 27-31, 16-19, 31-26, 15-10, 26-31, 19-16"
753,1,753,0,0,"11-15, 23-19, 9-13, 27-23, 8-11, 31-27, 5-9, 21-17, 10-14, 19x10, 6x15, 17x10, 7x14, 23-18, 14x23, 27x18, 2-7, 24-20, 15-19, 18-14, 9x18, 22x15x8, 4x11, 26-22, 3-8, 20-16, 11x20, 25-21, 12-16, 29-25, 19-24, 28x19x12x3x10, 13-17, 21x14, 1-6, 10x1, 20-24, 25-21, 24-28, 14-9"
754,1,754,0,1,"9-13, 24-19, 6-9, 22-17, 13x22, 25x18, 9-14, 18x9, 5x14, 23-18, 14x23, 27x18, 11-16, 18-14, 16x23, 26x19, 10x17, 21x14, 2-6, 30-25, 6-9, 14x5, 1-6, 31-27, 7-10, 25-22, 10-15, 19x10x1, 3-7, 1-6, 7-10, 6x15, 12-16, 22-17, 8-12, 15-19, 16x23, 27x18, 12-16, 32-27, 4-8, 28-24, 8-11, 17-14, 16-20, 18-15, 11x18, 24-19, 20-24, 27x20, 18-22, 5-1, 22-25, 29x22"
755,1,755,1,0,"12-16, 24-20, 10-14, 21-17, 14x21, 28-24, 7-10, 23-18, 9-13, 18-14, 10x17, 22-18, 5-9, 27-23, 11-15, 18x11, 8x15, 20x11, 1-5, 11-7, 2x11, 25-22, 3-7, 23-19, 6-10, 26-23, 17x26, 31x22, 10-14, 19x10x3, 14-17, 32-28, 17x26, 24-19, 11-16, 19x12, 13-17, 3-8, 4x11, 30-25, 21x30, 12-8, 11-15, 28-24, 26-31, 24-19, 15x24, 8-4, 9-14, 4-8, 30-26, 29-25, 26x19, 8-3, 19-16, 25-21, 24-27, 3-7, 17-22, 7-2, 22-25, 2-6, 5-9, 6x13, 16-12, 21-17, 14x21, 13-9, 31-26, 9-13, 26-22, 13-17, 22x13"
756,1,756,1,0,"9-14, 21-17, 14x21, 24-20, 12-16, 28-24, 10-15, 23-19, 16x23, 26x19x10, 6x15, 31-26, 11-16, 20x11, 7x16, 22-17, 16-20, 24-19, 15x24x31x22x13, 32-28, 13-9, 28-24, 20x27, 30-26, 21x30x23, 29-25, 3-7, 25-21, 23-19, 21-17, 8-11, 17-13, 7-10, 13x6, 2x9"
757,1,757,0,1,"10-15, 23-18, 6-10, 18-14, 9x18, 21-17, 5-9, 17-13, 12-16, 13x6, 2x9, 24-19, 15x24, 22x15x6, 1x10, 27x20, 9-13, 28-24, 11-15, 20x11x2, 15-18, 25-22, 18x25, 29x22, 10-15, 2-7, 3x10, 22-18, 15x22, 26x17, 13x22, 30-26, 10-15, 26x17, 15-18, 24-20, 8-12, 32-28, 18-22, 17-14, 12-16, 20x11, 4-8, 11x4, 22-25, 31-27, 25-30, 4-8, 30-26, 27-23, 26x19, 14-9, 19-24, 28x19"
758,1,758,1,0,"9-14, 23-19, 11-16, 24-20, 16x23, 27x18x9, 5x14, 26-23, 6-9, 32-27, 1-5, 22-18, 9-13, 18x9, 5x14, 31-26, 12-16, 20x11, 7x16, 21-17, 14x21, 26-22, 16-19, 23x16, 10-14, 27-23, 13-17, 22x13, 2-7, 13-9, 8-11, 23-18, 11x20, 30-26, 21x30x23, 9-5, 7-11, 18x9, 3-7, 28-24, 20x27, 9-6, 11-16, 6-2, 27-32, 2x11x20, 23-19, 5-1, 19-24, 20x27, 32x23, 1-5, 23-26, 5-9, 26-30, 9-14, 30-25, 29x22, 4-8, 14-18, 8-12, 18-15, 12-16, 15-19, 16x23, 22-17, 23-27, 17-14, 27-31, 14-10, 31-27, 10-7, 27-32, 7-2, 32-28, 2-6, 28-24, 6-10, 24-19, 10-15, 19x10"
759,1,759,0,0,"9-13, 21-17, 11-15, 24-20, 6-9, 25-21, 15-18, 22x15x6, 13x22, 26x17, 1x10, 17-13, 8-11, 13x6, 2x9, 23-18, 9-13, 31-26, 5-9, 20-16, 11x20, 28-24, 10-15, 18x11x2, 4-8, 26-23, 8-11, 30-26, 11-16, 23-19, 16x23x30, 21-17, 13x22, 32-28, 30-25, 27-23, 20x27, 23-19, 12-16, 19x12, 3-8, 12x3, 9-14, 28-24, 25-21, 24-20, 14-18, 2-7, 21-17, 3-8, 17-14, 29-25, 22x29, 20-16, 18-23, 7-11, 23-26, 8-4, 26-31, 11-15, 14-17, 4-8, 31-26, 15-19, 17-21, 19-24, 21-17, 24x31x22x13, 29-25, 13-9, 25-29, 8-11, 29-25, 9-5, 25-21, 16-12, 21-25, 5-1, 25-22, 11-7, 22-26, 7-11, 26-30"
760,1,760,0,0,"10-15, 21-17, 9-14, 17x10, 7x14, 24-20, 6-10, 23-19, 15x24, 28x19, 14-17, 22x13, 1-6, 32-28, 2-7, 27-24, 10-14, 19-16, 12x19, 24x15, 11x18, 25-21, 6-9, 13x6, 14-17, 21x14, 7-10, 14x7, 3x10, 28-24, 5-9, 6-1, 10-14, 20-16, 14-17, 31-27, 17-21, 30-25, 21x30x23x32, 16-11, 8x15, 29-25, 4-8, 25-22, 18x25, 1-5, 9-13, 5-9, 15-18, 24-20, 18-23, 9-6, 23-27, 6-1, 13-17, 20-16, 25-29, 16-12, 17-22, 12x3, 22-26, 3-8, 32-28, 8-4, 28-24, 1-6, 24-28, 4-8"
761,1,761,0,1,"9-13, 23-19, 13-17, 22x13, 12-16, 19x12, 6-9, 13x6, 2x9, 21-17, 9-14, 24-19, 14x21, 19-15, 11x18, 25-22, 18x25, 29x22, 7-11, 26-23, 11-16, 31-26, 16-19, 23x16, 3-7, 12x3, 7-11, 16x7, 21-25, 30x21, 4-8, 3x12, 10-15, 27-24, 5-9, 21-17, 1-6, 7-3, 15-19, 24x15, 9-14, 17x10x1"
762,1,762,0,0,"10-14, 23-18, 14x23, 27x18, 9-13, 24-20, 12-16, 18-14, 6-10, 22-18, 10x17, 21x14, 11-15, 20x11, 7x16, 18x11, 8x15, 31-27, 15-18, 28-24, 18-23, 26x19x12, 4-8, 25-22, 2-6, 27-23, 13-17, 22x13, 8-11, 32-27, 3-8, 12x3, 6-10, 14x7, 5-9, 13x6, 1x10, 30-25, 10-15, 24-19, 15x24x31, 23-19, 11-15, 19x10, 31-27, 3-8, 27-24, 8-4, 24-28, 7-2, 28-32, 2-7, 32-27"
763,1,763,1,0,"12-16, 23-18, 16-19, 24x15, 10x19, 27-24, 19-23, 26x19, 8-12, 22-17, 6-10, 19-16, 12x19, 24x15x8, 4x11, 25-22, 11-16, 18-15, 10x19, 17-14, 9x18x25, 29x22, 1-6, 30-25, 5-9, 28-24, 19x28, 31-26, 9-13, 22-17, 13x22x31, 25-22, 7-10, 21-17, 10-14, 17x10x1, 31-27, 32x23, 3-8, 1-5, 8-12, 22-18, 16-20, 18-15, 28-32, 5-9, 12-16, 9-14, 20-24, 15-11, 2-6, 14-18, 16-20, 18-14, 32-28, 11-8, 24-27, 23-19, 27-31, 19-15, 28-24, 14-9, 6x13, 8-3, 13-17, 15-11, 24-28, 3-8, 31-27, 8-4, 27-31, 11-8, 31-27, 8-3, 17-22, 3-8, 20-24, 8-3, 22-26, 4-8, 27-32, 8-12, 24-27, 3-7, 26-30, 12-16, 30-26, 16-11, 26-31, 11-16, 28-24, 7-3, 32-28, 16-19, 24x15, 3-8, 28-24, 8-12, 24-19, 12-8, 27-32, 8-3, 31-27, 3-8, 19-24, 8-12, 27-23, 12-16, 23-19, 16x23, 24-20, 23-27, 32x23"
764,1,764,0,1,"9-13, 24-19, 13-17, 21x14, 10x17, 22x13, 6-9, 13x6, 2x9, 19-15, 11x18, 23x14, 9x18, 25-22, 18x25, 29x22, 7-10, 22-17, 5-9, 17-14, 10x17, 28-24, 9-14, 26-23, 17-21, 31-26, 21-25, 30x21, 12-16, 24-20, 14-17, 20x11, 8x15, 21x14, 15-19, 23x16, 3-8, 26-22, 1-6, 14-9, 6x13, 22-17, 13x22, 32-28, 22-25, 27-23, 25-30, 23-19, 30-25, 16-12, 25-22, 12x3, 22-18, 3-7, 18-15, 19x10, 4-8, 7-2, 8-12, 2-6, 12-16, 6-9, 16-20, 9-13, 20-24, 28x19"
765,1,765,1,0,"12-16, 23-18, 10-15, 18-14, 9x18, 27-23, 18x27, 32x23, 6-9, 23-19, 16x23, 26x19x10, 7x14, 31-27, 1-6, 24-20, 6-10, 22-17, 11-16, 20x11, 8x15, 28-24, 4-8, 24-19, 15x24x31, 30-26, 31x22x13, 21-17, 14x21x30, 29-25, 30x21"
766,1,766,0,1,"9-14, 23-18, 14x23, 26x19, 10-14, 31-26, 12-16, 19x12, 6-10, 27-23, 11-15, 32-27, 5-9, 22-17, 7-11, 23-18, 15x22x31, 17-13, 31-26, 13x6, 2x9, 30x23, 11-16, 21-17, 14x21x30, 24-20, 16-19, 23x16, 9-13, 27-24, 10-14, 29-25, 30x21, 16-11, 8x15, 20-16, 15-19, 24x15, 21-25, 16-11, 14-18, 15-10, 25-30, 28-24, 18-22, 24-19, 3-8, 12x3, 4-8, 11x4, 22-26, 10-6, 1x10, 19-16, 10-15, 16-12, 26-31, 3-8, 31-27, 8-11, 30-25, 11x18, 25-29, 12-8, 27-23, 18x27, 29-25, 27-31, 25-21, 31-26, 21-17, 26-23, 17-21, 8-3, 13-17, 23-19, 17-22, 19-23, 21-25, 3-7, 25-21, 23-27, 22-26, 7-10, 21-25, 10-6, 25-21, 27-24, 26-31, 6-10, 21-17, 4-8, 17-14, 10x17, 31-27, 24x31"
767,1,767,1,0,"9-13, 22-17, 13x22, 25x18, 10-14, 18x9, 6x13, 26-22, 2-6, 31-26, 12-16, 21-17, 8-12, 17-14, 16-20, 22-17, 13x22x31, 24-19, 31x24x15, 23-19, 15x24, 28x19, 4-8, 32-28, 6-10, 30-26, 10x17, 19-16, 12x19, 26-23, 19x26, 29-25, 1-6, 28-24, 20x27, 25-22, 11-16, 22x13, 27-32, 13-9, 6x13"
768,1,768,0,1,"9-13, 22-18, 6-9, 25-22, 10-15, 23-19, 2-6, 19x10, 7x14x23, 27x18, 9-14, 18x9x2, 11-16, 22-18, 13-17, 21x14, 1-6, 2x9, 16-20, 9-13, 20x27, 31x24, 3-7, 14-10, 7x14x23, 26x19, 8-11, 30-26, 5-9, 13x6, 11-15, 19x10, 4-8, 24-19, 12-16, 19x12x3"
769,1,769,0,0,"12-16, 22-18, 9-13, 24-20, 13-17, 21x14, 10x17, 18-15, 11x18, 23x14, 5-9, 20x11, 7x16, 14x5, 17-22, 25x18, 2-7, 28-24, 6-10, 26-22, 7-11, 22-17, 11-15, 18x11, 8x15, 30-26, 16-20, 17-13, 10-14, 29-25, 4-8, 32-28, 3-7, 25-21, 14-18, 27-23, 18x27, 26-23, 7-10, 24-19, 15x24, 28x19, 10-15, 31x24, 20x27, 19x10, 27-32, 13-9, 8-12, 10-6, 1x10, 23-18, 10-15, 18x11, 32-27, 5-1, 27-32, 9-5, 12-16, 11-7, 16-20, 1-6, 20-24, 6-10, 24-27, 7-3, 27-31, 10-15, 32-27, 3-8, 31-26, 5-1, 27-24, 21-17, 26-31, 8-11, 24-20, 1-6, 20-16, 11x20, 31-27, 20-24, 27x20, 15-10, 20-24, 10-15, 24-28, 15-18, 28-32, 6-9, 32-27, 9-6, 27-31, 17-13, 31-26, 6-2, 26-30, 2-6, 30-26"
770,1,770,0,1,"10-14, 24-20, 7-10, 23-19, 11-15, 27-24, 14-18, 22-17, 9-14, 19-16, 12x19, 31-27, 5-9, 27-23, 18x27, 32x23x16, 14-18, 25-22, 18x25, 29x22, 8-11, 16x7, 2x11, 30-25, 15-19, 24x15x8, 3x12, 26-23, 12-16, 20x11, 1-5, 23-19, 10-15, 19x10x1, 9-13, 17-14, 5-9, 14x5, 13-17, 21x14, 4-8, 11x4"
771,1,771,0,1,"12-16, 22-17, 11-15, 25-22, 16-20, 23-19, 10-14, 19x10, 6x15, 17x10, 7x14, 26-23, 15-19, 23x16, 2-7, 30-26, 14-17, 21x14, 9x18x25, 29x22, 7-11, 16x7, 3x10, 22-18, 10-15, 18x11, 8x15, 27-23, 20x27, 31x24, 4-8, 26-22, 8-12, 24-20, 15-18, 22x15, 5-9, 23-18, 1-5, 18-14, 9x18, 28-24, 18-23, 15-10, 23-26, 32-27, 5-9, 24-19, 12-16, 19x12, 9-14, 27-23, 14-17, 23-19, 26-31, 10-6, 17-21, 12-8, 31-27, 20-16, 21-25, 6-2, 27-32, 16-12, 25-30, 19-15, 30-25, 15-10, 32-27, 8-3, 27-32, 3-7, 25-22, 2-6, 22-17, 12-8, 32-28, 6-2, 28-32, 8-4, 32-28, 7-3, 17-22, 3-8, 22-25, 2-7, 25-21, 7-2, 28-24, 10-6, 21-25, 2-7, 24-20, 8-3, 25-21, 4-8, 20-16, 7-10, 16-11, 8x15, 21-25, 15-18, 25-22, 18x25"
772,1,772,0,0,"9-13, 24-20, 11-16, 20x11, 8x15, 28-24, 15-18, 22x15, 10x19x28, 23-18, 3-8, 27-24, 7-10, 25-22, 5-9, 24-19, 12-16, 19x12x3, 10-14, 26-23, 1-5, 18-15, 2-7, 3x10x17, 9-14, 17x10x1, 13-17, 21x14, 4-8, 15-10, 8-12, 31-27, 12-16, 22-17, 16-20, 10-6, 20-24, 27x20, 5-9, 14x5"
773,1,773,0,0,"11-15, 23-19, 15-18, 22x15, 8-11, 15x8, 4x11, 27-23, 11-15, 24-20, 15x24, 28x19, 9-14, 25-22, 14-17, 22x13, 12-16, 19x12, 5-9, 21-17, 7-11, 17-14, 9x18x27, 31x24, 3-7, 20-16, 11x20x27, 32x23, 1-5, 26-22, 10-15, 30-25, 15-19, 23x16, 7-11, 16x7, 2x11, 13-9, 6x13, 22-17, 13x22, 25x18, 11-16, 12-8, 16-19, 18-15, 19-24, 8-3, 5-9, 29-25, 24-27, 15-10, 9-13, 10-7, 27-32, 3-8, 13-17, 8-11, 32-28, 11-16, 17-21, 7-3, 21x30, 16-11, 28-32, 11-15, 30-25, 3-8, 25-21, 8-4, 21-25, 4-8"
774,1,774,0,1,"11-15, 24-19, 15x24, 28x19, 12-16, 19x12, 9-14, 32-28, 7-11, 21-17, 14x21, 27-24, 10-14, 24-19, 3-7, 12x3x10x17, 11-16, 19x12, 6-10, 17-14, 10x17, 22x13, 2-7, 25-22, 21-25, 30x21, 7-10, 29-25, 10-15, 31-27, 15-18, 23x14, 5-9, 14x5, 4-8, 12x3, 1-6, 5-1, 6-9, 13x6"
775,1,775,1,0,"10-14, 21-17, 14x21, 24-20, 11-16, 20x11, 8x15, 23-19, 15x24, 27x20, 6-10, 26-23, 12-16, 20x11, 7x16, 30-26, 21x30, 23-18, 30x23x14, 31-26, 16-20, 22-18, 14x23x30, 28-24, 20x27, 32x23, 4-8, 23-18, 3-7, 29-25, 30x21, 18-14, 9x18"
776,1,776,0,1,"9-14, 23-18, 14x23, 27x18, 10-14, 18x9, 5x14, 22-18, 14x23, 26x19, 11-16, 19-15, 16-20, 31-26, 20x27, 32x23, 1-5, 26-22, 6-9, 23-18, 9-14, 18x9, 5x14, 15-10, 7-11, 22-17, 2-7, 17-13, 11-16, 10-6, 8-11, 30-26, 14-17, 21x14, 4-8, 28-24, 16-19, 24x15, 11x18, 14-9, 12-16, 9-5, 8-12, 25-22, 18x25, 29x22, 7-11, 26-23, 16-20, 22-18, 11-15, 18x11, 20-24, 6-1, 24-28, 11-7, 3x10, 1-6, 10-15, 6-10, 12-16, 10x19x12, 28-32, 5-1, 32-27, 12-8, 27x18, 13-9, 18-15, 1-6, 15-11, 8x15"
777,1,777,0,1,"11-16, 24-20, 10-14, 20x11, 7x16, 22-18, 2-7, 26-22, 9-13, 18x9x2x11x20, 3-7, 20-24, 8-11, 22-17, 13x22, 25x18, 12-16, 31-26, 5-9, 18-14, 9x18, 23x14, 1-6, 24-20, 6-9, 14x5, 4-8, 5-1, 7-10, 1-5, 10-15, 5-9, 15-19, 26-23, 19x26, 30x23, 8-12, 27-24, 16-19, 23x16x7, 12-16, 20x11"
778,1,778,1,0,"9-14, 22-17, 5-9, 24-20, 10-15, 17x10, 7x14, 27-24, 6-10, 20-16, 12x19, 23x16x7, 2x11, 31-27, 14-18, 24-19, 15x24x31x22, 28-24, 10-14, 32-27, 14-17, 21x14x5, 11-15, 24-20, 8-11, 27-23, 18x27, 25x18, 15x22, 20-16, 11x20, 30-26, 22x31, 29-25, 4-8, 25-21, 27-32, 21-17, 31-26, 17-13, 26-22, 13-9, 1-6, 9x2, 22-18, 2-7, 3x10, 5-1, 18-22, 1-6, 32-27, 6x15, 27-31, 15-18, 22x15"
779,1,779,0,0,"11-15, 21-17, 15-19, 23x16, 12x19, 24x15, 10x19, 28-24, 19x28, 17-14, 9x18, 22x15, 8-11, 15x8, 4x11, 25-21, 6-9, 29-25, 3-8, 27-23, 9-13, 21-17, 13x22x29, 26-22, 11-16, 23-18, 16-19, 22-17, 1-6, 31-27, 29-25, 30x21, 6-9, 18-14, 9x18, 17-14, 7-10, 14x7, 2x11, 27-23, 19x26, 21-17, 18-23, 32-27, 23x32, 17-14, 11-16, 14-10, 5-9, 10-7, 26-30, 7-3, 9-13, 3x12x19, 30-26, 19-15, 26-22, 15-11, 22-18, 11-8, 18-14, 8-11, 32-27, 11-7, 27-31, 7-3, 14-17, 3-7, 31-27"
780,1,780,0,1,"11-16, 22-18, 7-11, 25-22, 10-14, 30-25, 16-20, 24-19, 3-7, 27-24, 20x27, 31x24, 6-10, 22-17, 10-15, 19x10x3, 11-16, 17x10, 16-19, 24x15, 2-6, 3-7, 9-14, 18x9x2, 1-6, 2x9, 5x14, 25-22, 14-17, 21x14, 8-11, 15x8, 4x11, 7x16, 12x19, 23x16"
781,1,781,0,0,"9-13, 23-18, 11-15, 18x11, 7x16, 27-23, 8-11, 32-27, 10-15, 22-17, 13x22, 25x18, 15x22, 26x17, 5-9, 17-13, 6-10, 13x6, 2x9, 30-26, 3-7, 23-18, 9-13, 27-23, 16-19, 24x15x6, 1x10, 31-27, 10-15, 23-19, 15x22x31x24x15"
782,1,782,1,0,"10-14, 21-17, 14x21, 23-18, 12-16, 24-20, 6-10, 26-23, 9-14, 18x9, 5x14, 22-17, 1-6, 25-22, 16-19, 23x16, 6-9, 29-25, 8-12, 27-24, 12x19, 24x15x6, 3-8, 17x10x3x12, 9-14, 32-27, 2x9, 27-23, 9-13, 20-16, 11x20, 30-26, 21x30, 28-24, 20x27, 31x24, 14-17, 12-16, 30-25, 16-11, 25x18x27x20, 11-8, 4x11, 26-22, 17x26"
783,1,783,0,0,"10-15, 24-20, 11-16, 20x11, 7x16, 23-19, 16x23, 26x19x10, 6x15, 27-24, 15-18, 22x15, 9-13, 15-11, 8x15, 30-26, 3-7, 32-27, 5-9, 24-19, 15x24, 27x20, 13-17, 21x14x5, 2-6, 20-16, 12x19, 28-24, 19x28, 25-22, 6-10, 26-23, 28-32, 22-17, 32-27, 31x24, 1-6, 29-25, 6-9, 17-14, 9x18x27, 25-22, 10-15, 5-1, 27-31, 24-20, 15-19, 22-17, 31-26, 17-14, 26-23, 20-16, 23-18, 14-9, 19-24, 9-5, 7-11, 16x7, 18-23, 7-3, 24-28, 3-8, 4x11, 1-6, 11-15, 6-9, 23-27, 9-6, 27-32, 6-9, 32-27"
784,1,784,1,0,"11-16, 23-19, 16x23, 27x18, 10-15, 18x11, 7x16, 24-19, 16x23, 26x19, 3-7, 31-27, 9-13, 28-24, 6-10, 32-28, 5-9, 22-18, 2-6, 19-16, 12x19, 24x15, 10x19, 30-26, 8-11, 26-22, 19-23, 28-24, 23x32, 18-15, 11x18, 22x15, 9-14, 15-10, 6x15, 24-20, 14-17, 21x14, 15-18, 25-22, 18x25, 29x22, 4-8, 20-16, 1-6, 16-11, 8x15, 22-18, 15x22, 14-10, 6x15"
785,1,785,0,1,"10-14, 21-17, 14x21, 22-18, 9-14, 18x9, 6x13, 23-18, 1-6, 24-19, 12-16, 19x12, 5-9, 27-24, 9-14, 18x9, 11-16, 24-19, 16x23, 26x19, 7-11, 19-15, 11x18, 32-27, 18-23, 27x18, 2-7, 9x2x11, 8x15x22, 25x18, 3-8, 12x3, 4-8, 3x12, 13-17, 29-25, 17-22, 28-24, 22x29, 24-20, 29-25, 31-26, 25-22, 26x17, 21-25, 30x21"
786,1,786,0,0,"11-15, 23-18, 15-19, 24x15, 10x19, 27-23, 8-11, 23x16, 11x20, 28-24, 20x27, 31x24, 9-13, 24-20, 4-8, 21-17, 6-9, 20-16, 12x19, 18-15, 2-6, 26-23, 19x26, 30x23, 7-11, 15-10, 6x15, 17-14, 9x18x27, 32x23, 15-18, 23x14, 13-17, 22x13, 8-12, 14-10, 12-16, 25-21, 16-19, 29-25, 3-7, 10x3, 11-16, 3-8, 16-20, 8-3, 19-23, 25-22, 23-26, 22-18, 20-24, 21-17, 5-9, 13x6, 1x10, 3-8, 10-14, 18x9, 24-28, 8-11, 28-32, 9-6, 32-27, 11-16, 26-31, 6-2, 27-24, 16-19, 24x15, 17-13, 15-18, 2-7, 18-23, 13-9, 23-19, 9-5, 31-27, 7-10, 27-24, 10-15, 19x10, 5-1, 10-14, 1-5, 14-17, 5-9, 24-19, 9-5, 19-24"
787,1,787,0,0,"10-15, 21-17, 7-10, 24-19, 15x24, 27x20, 9-13, 32-27, 6-9, 23-18, 9-14, 18x9, 5x14x21, 26-23, 11-15, 31-26, 1-6, 23-18, 13-17, 22x13, 15x22x31x24, 28x19, 10-15, 19x10x1, 2-6, 1x10, 3-7, 10x3, 12-16, 20x11, 8x15, 13-9, 15-18, 3-8, 4x11, 25-22, 18x25, 29x22, 11-16, 9-6, 21-25, 30x21, 16-20, 6-2, 20-24, 22-18, 24-28, 21-17, 28-32, 2-7, 32-28, 7-3, 28-24, 17-14, 24-19, 18-15, 19x10x17, 3-7, 17-13, 7-11, 13-17, 11-16, 17-21, 16-11, 21-25, 11-8, 25-29, 8-12, 29-25, 12-16"
788,1,788,1,0,"11-15, 21-17, 9-13, 17-14, 10x17, 23-18, 17-21, 18x11, 7x16, 27-23, 6-10, 24-20, 2-7, 20x11x2, 8-11, 31-27, 4-8, 28-24, 5-9, 22-17, 13x22x31, 24-19, 31x24x15, 2-7, 1-5, 7x14, 9x18x27, 32x23, 15-18, 23x14, 11-15, 14-9, 5x14, 25-22, 15-19, 29-25, 19-24, 22-17, 8-11, 17x10, 3-8, 10-7, 12-16, 30-26, 21x30x23, 7-3, 16-19, 3x12, 23-26, 12-8, 19-23, 8x15, 26-30, 15-19, 24-27, 19x26, 30x23"
789,1,789,0,0,"9-13, 24-20, 11-16, 20x11, 7x16, 23-18, 10-15, 18x11, 8x15, 22-17, 13x22, 26x17, 15-19, 28-24, 19x28, 31-26, 6-10, 27-24, 1-6, 32-27, 16-19, 24x15, 10x19, 27-24, 6-10, 24x15x6, 2x9, 17-13, 4-8, 13x6, 12-16, 25-22, 5-9, 22-18, 8-12, 26-22, 3-8, 29-25, 9-13, 6-2, 16-20, 21-17, 20-24, 30-26, 12-16, 26-23, 28-32, 23-19, 16x23, 18-15, 8-11, 15x8, 23-27, 2-6, 24-28, 8-3, 27-31, 6-9, 31-27, 9-6"
790,1,790,1,0,"12-16, 24-20, 10-14, 21-17, 14x21, 27-24, 9-13, 31-27, 6-10, 22-17, 13x22x31, 25-22, 1-6, 29-25, 10-15, 24-19, 15x24, 28x19x12, 31x24, 32-27, 24x31, 20-16, 11x20, 23-19, 31-26, 30x23, 21x30, 23-18, 6-10, 22-17, 8-11, 19-16, 10-14, 17x10, 7x14x23, 16x7, 2x11, 12-8, 3x12"
791,1,791,1,0,"11-15, 24-19, 15x24, 27x20, 9-13, 20-16, 12x19, 23x16, 5-9, 31-27, 9-14, 22-17, 13x22x31x24, 28x19, 7-11, 16x7, 2x11, 19-15, 10x19, 32-28, 1-5, 28-24, 19x28, 30-26, 6-10, 26-22, 3-7, 22-17, 11-16, 17-13, 10-15, 13-9, 7-11, 21-17, 14x21x30, 9-6, 16-20, 6-2, 15-19, 2-7, 19-23, 7x16, 28-32, 16-19, 30-25, 19x26, 25-21, 26-22, 32-27, 29-25, 21x30, 22-26, 30x23"
792,1,792,1,0,"11-16, 22-17, 10-15, 17-14, 9x18, 23x14, 7-11, 26-23, 6-10, 14x7, 3x10, 30-26, 1-6, 23-18, 15x22, 26x17, 16-19, 24x15, 10x19, 28-24, 19x28, 17-14, 6-9, 21-17, 9x18, 25-22, 18x25, 29x22, 12-16, 22-18, 2-7, 27-23, 16-19, 23x16, 11x20, 17-13, 8-12, 32-27, 7-11, 18-15, 11x18, 31-26, 4-8, 27-24, 20x27, 13-9, 5x14, 26-23, 27-32, 23-19, 8-11, 19-15, 14-17, 15x8, 18-23, 8-3, 17-21, 3-7, 32-27, 7-11, 21-25, 11-16, 12x19"
793,1,793,1,0,"10-14, 24-19, 14-18, 23x14, 9x18, 22x15, 11x18, 19-15, 5-9, 26-22, 12-16, 15-11, 8x15, 27-24, 18-23, 22-17, 4-8, 17-14, 9x18, 24-20, 7-11, 25-22, 18x25, 29x22, 16-19, 22-18, 15x22, 30-26, 23x30, 32-27, 3-7, 20-16, 11x20, 28-24, 19x28, 27-24, 20x27, 31x24, 28-32, 24-20, 6-10, 21-17, 10-14, 17x10x3x12, 30-26, 20-16, 1-6, 12-8, 26-31, 16-12, 6-9, 8-11, 9-13, 11-16, 13-17, 12-8, 31-26, 8-3, 2-6, 16-11, 22-25, 11-7, 17-22, 7-2, 25-30, 2x9, 30-25, 3-7, 32-28, 9-14, 26-30, 7-11, 28-32, 11-16, 30-26, 16-11, 25-21, 14-17, 21x14, 11-15, 26-23, 15-18, 14-10, 18x27, 32x23"
794,1,794,0,0,"9-13, 23-19, 12-16, 19x12, 11-16, 24-19, 16x23, 27x18, 6-9, 18-15, 10x19, 21-17, 1-6, 31-27, 9-14, 17x10x1, 8-11, 28-24, 19x28, 25-21, 11-16, 30-25, 7-10, 12-8, 4x11, 27-24, 13-17, 21x14x7, 3x10, 26-23, 16-19, 24x15x6, 2x9, 22-18, 9-13, 25-21, 11-15, 18x11, 5-9, 29-25, 9-14, 11-8, 14-18, 23x14, 13-17, 14-10, 17-22, 25x18"
795,1,795,0,1,"9-13, 21-17, 10-14, 17x10, 6x15, 23-18, 15-19, 24x15, 13-17, 22x13, 1-6, 26-23, 12-16, 15-10, 6x15x22, 25x18, 8-12, 18-14, 3-8, 23-19, 16x23, 27x18, 2-6, 31-26, 11-15, 18x11x2x9, 12-16, 26-22, 8-11, 29-25, 4-8, 32-27, 16-19, 14-10, 5x14, 28-24, 19x28, 10-6, 14-17, 25-21, 17x26, 30x23, 11-15, 27-24, 8-11, 23-19, 11-16, 19x10, 28-32, 24-20, 32-28, 20x11, 28-32, 10-7, 32-27, 6-1, 27-32, 1-5, 32-28, 21-17, 28-24, 17-14, 24-28, 5-9, 28-24, 7-3, 24-19, 11-7, 19-15, 9-5, 15-10, 7-2, 10x17, 13-9, 17-13, 5-1, 13x6, 2x9"
796,1,796,1,0,"10-15, 22-18, 15x22, 25x18, 11-15, 18x11, 8x15, 21-17, 6-10, 23-18, 15x22, 27-23, 2-6, 24-20, 10-15, 32-27, 7-10, 29-25, 22x29, 28-24, 3-7, 30-25, 29x22x13, 26-22, 7-11, 31-26, 13-17, 22x13, 4-8, 26-22, 15-19, 24x15, 11x18x25, 27-24, 8-11, 23-19, 9-14, 19-16, 12x19x28, 13-9, 6x13, 20-16, 11x20"
797,1,797,1,0,"12-16, 23-19, 16x23, 27x18, 10-14, 24-20, 14x23, 26x19, 9-13, 19-15, 11x18, 22x15, 5-9, 32-27, 9-14, 31-26, 14-17, 21x14, 7-11, 15-10, 6x15, 27-24, 11-16, 20x11, 1-5, 24-20, 15-19, 25-22, 8x15, 30-25, 3-7, 14-10, 7x14, 25-21, 14-18, 20-16, 18x25, 29x22, 2-6, 21-17, 19-24, 28x19x10x1, 4-8, 1-6, 8-12, 6-1, 12x19, 22-18, 13x22x31, 1-6, 31-26, 18-15, 26-30, 15-10, 30-25, 6-9, 5x14, 10-6, 19-23, 6-2, 25-29, 2-6, 23-27, 6-2, 14-18, 2-7, 18-22, 7-11, 27-31, 11-15, 31-26, 15-10, 26-23, 10-14, 29-25, 14-18, 23x14"
798,1,798,0,1,"9-13, 23-19, 12-16, 19x12, 10-15, 24-20, 13-17, 22x13, 11-16, 20x11, 7x16, 27-23, 16-19, 23x16, 15-19, 31-27, 3-7, 12x3x10, 6x15, 21-17, 2-6, 16-11, 19-24, 28x19x10, 6x15, 26-22, 15-18, 22x15, 5-9, 13x6, 1x10x19, 30-26, 4-8, 11x4, 19-23, 26x19"
799,1,799,1,0,"10-14, 21-17, 14x21, 22-17, 9-13, 17-14, 11-16, 24-19, 7-10, 14x7, 2x11, 27-24, 5-9, 23-18, 16x23, 26x19, 9-14, 18x9x2, 1-5, 32-27, 11-16, 30-26, 21x30x23x32, 2-6, 16x23, 6-1, 32-27, 29-25, 27x20, 25-21, 13-17, 21x14, 3-7, 14-9, 5x14, 1-6, 14-17, 6-2, 7-10, 31-26, 23x30, 28-24, 20x27, 2-7, 27-32, 7x14x21, 32-28, 21-17, 28-32, 17-22, 32-27, 22-26, 30x23"
800,1,800,0,0,"10-15, 23-19, 15-18, 22x15, 11x18, 26-22, 7-11, 22x15, 11x18, 24-20, 18-22, 25x18, 9-13, 18-15, 2-7, 30-25, 8-11, 15x8, 4x11, 21-17, 13x22, 25x18, 12-16, 19x12, 5-9, 20-16, 11x20, 29-25, 9-13, 28-24, 6-9, 24-19, 1-5, 18-14, 9x18, 25-21, 20-24, 27x20, 7-11, 32-28, 3-8, 12x3, 11-15, 19x10, 18-23, 21-17, 13x22, 31-27, 23x32, 20-16, 22-26, 28-24, 26-30, 16-11, 32-28, 24-20, 5-9, 20-16, 9-14, 16-12, 14-18, 3-7, 28-32, 7-2, 32-27, 12-8, 27-31, 8-3, 30-26, 11-8, 26-23, 8-4, 23-19, 2-6, 18-22, 4-8, 19-23, 8-12, 22-26, 12-8, 23-19"
801,1,801,1,0,"9-14, 24-19, 6-9, 19-16, 11x20, 23-18, 14x23, 27x18, 2-6, 31-27, 12-16, 18-15, 10x19, 27-24, 20x27, 32x23, 7-11, 22-17, 11-15, 28-24, 19x28, 26-22, 28-32, 17-14, 9x18x27, 30-26, 8-12, 22-18, 15x22x31, 21-17, 31-26, 17-14, 3-8, 14-10, 6x15, 25-22, 26x17, 29-25, 1-6, 25-22, 17x26"
802,1,802,0,0,"11-15, 22-17, 8-11, 23-18, 15x22, 25x18, 3-8, 26-23, 9-14, 18x9, 6x13x22, 21-17, 22-26, 31x22, 2-6, 24-20, 11-15, 30-25, 8-11, 22-18, 15x22, 25x18, 10-15, 27-24, 15x22, 23-18, 4-8, 17-13, 6-9, 13x6, 1x10, 24-19, 10-15, 19x10x3, 22-26, 28-24, 11-15, 18x11x4, 26-31, 32-27, 5-9, 27-23, 9-13, 3-8, 12-16, 20x11, 13-17, 29-25, 31-26, 24-20, 26x19, 20-16, 19x12x3, 11-7, 3x10, 4-8, 10-14, 8-12, 14-9, 25-22, 17x26, 12-16, 26-31, 16-11, 9-5, 11-8, 31-27, 8-12, 27-32, 12-16, 32-28, 16-12, 28-24"
803,1,803,0,0,"12-16, 22-17, 8-12, 17-13, 10-14, 23-19, 16x23, 26x19, 12-16, 19x12, 4-8, 24-19, 11-15, 19x10, 6x15, 13x6, 2x9, 28-24, 7-10, 21-17, 14x21, 24-20, 15-19, 20-16, 8-11, 16x7, 10-15, 32-28, 3x10, 28-24, 19x28, 27-24, 28-32, 25-22, 32-27, 22-18, 27x20, 18x11, 1-6, 29-25, 10-15, 31-27, 15-19, 11-8, 20-24, 27x20, 6-10, 30-26, 21x30x23, 8-3, 19-24, 12-8, 9-13, 20-16, 24-28, 3-7, 23-26, 7x14, 26-30, 8-3, 30-26, 14-10, 28-32, 16-11, 26-22, 10-14, 32-28, 11-8, 5-9, 14x5, 28-32, 5-9, 22-17, 3-7, 17-14, 9x18, 32-27, 18-22, 13-17, 22x13, 27-24, 7-11, 24-28, 13-17, 28-24, 17-13"
804,1,804,0,0,"11-16, 21-17, 7-11, 24-20, 16-19, 23x16x7, 2x11, 26-23, 11-16, 20x11, 8x15, 28-24, 12-16, 17-13, 15-19, 24x15, 10x19x26, 30x23, 6-10, 13x6, 4-8, 23-19, 16x23, 27x18, 8-12, 22-17, 3-7, 31-27, 12-16, 18-15, 10x19, 6-2, 7-10, 2-6, 10-15, 6-10, 1-6, 10x1, 5-9, 17-14, 9x18, 25-21, 18-23, 27x18x11, 16-20, 21-17, 19-23, 32-28, 23-27, 11-7, 20-24, 28x19, 27-32, 7-3, 32-28, 1-5, 28-32, 17-13, 32-27, 3-8, 27-24, 5-1, 24x15, 29-25, 15-18, 1-5, 18-23, 25-22, 23-26, 8-4, 26x17, 5-1, 17-22, 13-9, 22-26, 9-5, 26-22, 4-8, 22-25, 8-11, 25-29, 11-7, 29-25, 7-11"
805,1,805,0,0,"11-16, 21-17, 16-20, 25-21, 10-15, 29-25, 12-16, 24-19, 15x24, 28x19x12, 8-11, 12-8, 3x12, 23-18, 9-13, 18-15, 11x18, 22x15, 13x22x29, 21-17, 7-10, 15-11, 4-8, 11x4, 29-25, 30x21, 2-7, 27-23, 10-14, 17x10x3, 5-9, 32-28, 9-14, 3-8, 6-9, 28-24, 20x27, 31x24, 1-6, 23-18, 14x23x30, 24-19, 30-25, 8-11, 25-22, 11-8, 12-16, 19x12, 22-26, 21-17, 26-23, 8-3, 9-13, 12-8, 13x22, 3-7, 23-27, 7-11, 22-25, 11-16, 27-23, 8-3, 23-27, 16-11"
806,1,806,0,1,"10-14, 22-18, 6-10, 26-22, 11-15, 18x11, 8x15, 23-18, 14x23, 27x18x11, 7x16, 24-19, 16x23, 28-24, 9-13, 31-27, 12-16, 27x18, 2-6, 24-20, 16-19, 32-28, 19-23, 18-15, 10x19, 20-16, 3-8, 16-11, 8x15, 28-24, 19x28, 21-17, 6-9, 17-14, 9x18, 25-21, 18x25, 29x22, 15-18, 22x15, 28-32, 15-10, 23-26, 30x23, 13-17, 21x14, 1-6, 10x1, 32-28, 1-6, 4-8, 6-1, 28-24, 1-6, 24-19, 23x16, 8-11, 16x7, 5-9, 14x5"
807,1,807,1,0,"10-14, 24-20, 11-15, 20-16, 12x19, 23x16, 15-18, 22x15, 8-12, 28-24, 12x19x28, 25-22, 4-8, 26-23, 14-18, 23x14, 9x18x25, 29x22, 5-9, 30-25, 9-13, 27-23, 13-17, 21x14, 8-12, 32-27, 6-10, 15x6, 1x10x17x26, 31x22, 7-11, 23-18, 28-32, 22-17, 32x23x14x21x30"
808,1,808,0,0,"9-14, 21-17, 14x21, 24-19, 6-9, 19-15, 11x18, 22x15x6, 1x10, 26-22, 2-6, 30-26, 21x30, 27-24, 30-25, 22-17, 8-11, 29x22, 3-8, 22-18, 11-15, 18x11x2, 10-14, 17x10x1, 12-16, 24-20, 16-19, 23x16, 9-14, 26-23, 14-17, 2-7, 8-12, 23-18, 12x19, 18-15, 17-22, 7-11, 5-9, 28-24, 19x28, 32-27, 9-13, 11-16, 22-25, 27-23, 25-30, 16-19, 13-17, 1-5, 30-25, 19-24, 25-30, 5-1"
809,1,809,1,0,"9-13, 23-19, 13-17, 21x14, 10x17, 22x13, 6-10, 19-15, 10x19, 24x15, 11x18, 25-21, 18-22, 26x17, 8-11, 13-9, 5x14, 17x10, 7x14, 31-26, 2-6, 28-24, 6-10, 21-17, 14x21, 29-25, 1-6, 32-28, 10-14, 25-22, 3-7, 30-25, 21x30x23x32, 22-18, 14x23, 24-19, 4-8, 28-24, 6-10, 19-16, 12x19x28"
810,1,810,1,0,"9-13, 21-17, 11-16, 22-18, 13x22, 26x17, 10-15, 18x11, 8x15, 30-26, 3-8, 24-19, 15x24, 28x19, 7-10, 23-18, 16x23x30x21x14, 18x9, 5x14, 27-24, 1-5, 24-19, 6-9, 19-16, 12x19, 32-28, 2-7, 31-27, 19-23, 27x18, 14x23, 29-25, 9-13, 25-21, 8-11, 21-17, 13x22, 28-24, 22-25, 24-19, 11-15, 19-16, 5-9, 16-11, 7x16"
811,1,811,1,0,"10-14, 23-19, 12-16, 19x12, 14-18, 22x15, 11x18, 27-23, 18x27, 32x23, 9-14, 25-22, 8-11, 24-19, 5-9, 23-18, 14x23, 29-25, 23-27, 31x24, 1-5, 21-17, 4-8, 24-20, 9-14, 17x10x1, 2-6, 1x10, 7x14, 20-16, 11x20, 26-23, 8-11, 23-18, 14x23, 12-8, 3x12, 22-17, 11-16, 28-24, 20x27, 17-13, 16-20, 13-9, 5x14, 19-15, 12-16, 25-22, 20-24, 15-11, 16-20, 11-8, 14-18, 22x15, 24-28, 8-3, 28-32, 3-7, 27-31, 30-26, 23x30, 15-10, 32-28, 7-3, 30-25, 10-7, 25-29, 3-8, 31-27, 8-11, 28-24, 11-15, 27-31, 15-10, 31-26, 10-14, 26-30, 14-17, 30-25, 17-13, 24-27, 13-17, 27-32, 7-2, 32-28, 17-22, 25x18, 2-7, 28-24, 7-3, 29-25, 3-7, 18-23, 7-10, 23-18, 10-15, 18x11"
812,1,812,0,0,"10-15, 23-19, 15-18, 22x15, 11x18, 25-22, 18x25, 29x22, 6-10, 30-25, 9-14, 27-23, 14-17, 21x14, 10x17, 22x13, 7-11, 19-16, 12x19, 24x15, 11x18x27, 31x24, 5-9, 13x6, 1x10, 25-21, 8-12, 26-23, 3-8, 23-19, 10-15, 19x10, 8-11, 21-17, 2-6, 10x1, 11-15, 17-13, 15-18, 24-20, 18-22, 1-5, 22-25, 5-9, 12-16, 20x11, 4-8, 11x4, 25-30, 9-6, 30-25, 6-10, 25-29, 32-27, 29-25, 10-15, 25-30, 15-18, 30-26, 27-23, 26x19, 18-15, 19x10, 13-9, 10-14, 9-5, 14-9, 28-24, 9-14, 5-1, 14-17, 1-6, 17-13, 6-9, 13x6, 4-8, 6-10, 8-12, 10-6, 12-8"
813,1,813,0,0,"9-13, 21-17, 10-15, 23-19, 11-16, 19x10, 6x15, 26-23, 15-19, 24x15, 1-6, 31-26, 7-10, 23-19, 16x23, 26x19, 3-7, 22-18, 13x22, 18-14, 10x17, 25x18, 8-11, 15x8, 4x11, 27-24, 6-9, 18-15, 11x18, 24-20, 7-10, 19-15, 10x19, 30-25, 17-22, 25-21, 2-7, 21-17, 22-26, 17-14, 19-23, 28-24, 9-13, 14-9, 5x14, 29-25, 14-17, 32-28, 7-11, 25-21, 26-31, 21x14, 31-26, 24-19, 23-27, 28-24, 18-23, 19-15, 11x18, 14-9, 13-17, 9-6, 17-22, 24-19, 27-32, 20-16, 22-25, 19-15, 12x19, 15-11, 23-27, 11-8, 26-22, 8-3, 19-23, 3-8, 32-28, 6-2, 25-29, 8-4, 28-32, 2-7, 23-26, 7-2, 27-31, 2-7, 32-27, 7-11, 27-32, 11-8, 22-25, 8-11, 25-22"
814,1,814,1,0,"9-14, 22-18, 14-17, 21x14, 10x17, 25-22, 6-10, 22x13, 11-15, 18x11, 8x15, 24-20, 7-11, 13-9, 5x14, 29-25, 15-18, 28-24, 10-15, 24-19, 15x24, 25-21, 4-8, 20-16, 11x20, 23-19, 1-5, 21-17, 14x21, 30-25, 21x30x23x16, 32-28, 3-7, 28x19, 16x23x32, 31-27, 32x23"
815,1,815,1,0,"11-16, 23-19, 16x23, 27x18, 10-15, 18x11, 8x15, 21-17, 9-13, 31-27, 7-11, 27-23, 4-8, 22-18, 15x22x31, 24-20, 13x22, 25x18, 5-9, 28-24, 31-27, 30-26, 9-13, 18-15, 11x18, 23x14, 2-7, 32x23, 1-5, 24-19, 6-10, 19-15, 10x17, 23-19, 17-22, 26x17, 13x22, 20-16, 22-25, 29x22, 5-9, 15-10, 7x14, 22-17, 14x21, 19-15, 12x19, 15-10, 19-23, 10-6, 8-11, 6-2, 23-27, 2-7, 3x10"
816,1,816,0,1,"10-14, 21-17, 14x21, 24-19, 6-10, 23-18, 2-6, 18-14, 10x17, 22x13, 7-10, 27-24, 3-7, 26-23, 11-16, 31-27, 16-20, 25-22, 10-14, 19-15, 6-10, 15x6, 1x10, 13x6, 8-11, 6-2, 11-16, 2x11, 14-18, 23x14x7, 4-8, 11x4, 5-9, 30-26, 16-19, 24x15, 12-16, 15-11, 9-14, 7-3, 14-17, 22x13, 21-25, 29x22, 16-19, 22-17, 20-24, 27x20, 19-24, 28x19"
817,1,817,0,0,"12-16, 24-20, 10-14, 22-18, 16-19, 23x16, 14x23, 26x19, 11-15, 19x10, 6x15, 16-12, 7-11, 28-24, 2-6, 30-26, 9-14, 26-23, 11-16, 20x11, 14-17, 21x14, 5-9, 14x5, 6-9, 23-18, 15x22, 25x18, 8x15x22, 27-23, 3-8, 12x3, 22-26, 31x22, 4-8, 3x12, 1-6, 32-27, 9-13, 22-18, 6-9, 29-25, 13-17, 24-20, 17-21, 23-19, 21x30, 20-16, 30-26, 27-24, 9-13, 18-14, 26-30, 14-9, 13-17, 5-1, 30-26, 12-8, 26-22, 8-4, 22-26, 16-12, 26-30, 19-15, 17-22, 12-8, 22-25, 15-11, 30-26, 11-7, 26-22, 1-5, 22-18, 5-1, 25-29, 24-19, 18-15, 19x10, 29-25, 7-3, 25-22, 1-6, 22-18, 6-1, 18-22"
818,1,818,0,0,"11-16, 23-18, 10-14, 27-23, 9-13, 18x9, 5x14, 32-27, 16-19, 23x16, 12x19, 24x15, 6-9, 27-24, 8-11, 15x8, 4x11, 21-17, 14x21, 24-19, 7-10, 28-24, 10-15, 19x10, 1-5, 26-23, 11-15, 10-7, 3x10, 31-27, 9-14, 24-20, 15-19, 23x16, 2-6, 16-11, 5-9, 20-16, 13-17, 22x13, 10-15, 11-7, 15-18, 30-26, 21x30x23x32, 16-11, 6-10, 13x6, 32-28, 6-1, 18-23, 7-2, 28-24, 1-5, 14-17, 2-7, 10-15, 5-9, 23-26, 9-5, 24-20, 11-8, 17-21, 8-3, 20-16, 7-10, 16-12, 10x19, 12-16, 19x12, 21-25, 29x22, 26-31, 5-9, 31-26, 9-14, 26x17x10, 12-16, 10-14, 16-12, 14-9, 12-8, 9-14, 8-12"
819,1,819,0,1,"11-15, 23-19, 12-16, 19x12, 9-13, 26-23, 15-18, 22x15, 10x19x26, 30x23, 8-11, 31-26, 7-10, 23-18, 10-14, 18x9, 5x14, 12-8, 3x12, 25-22, 14-18, 22x15x8, 4x11, 21-17, 13x22x31, 27-23, 11-15, 24-20, 31-27, 20-16, 12x19x26, 32x23, 2-7, 29-25, 15-19, 23x16, 26-30, 28-24, 30x21, 24-19, 1-5, 19-15, 6-9, 15-11, 9-14, 11x2, 21-17, 2-6, 5-9, 6x13x22, 14-18, 22x15"
820,1,820,0,0,"11-16, 24-19, 9-14, 28-24, 7-11, 22-18, 5-9, 26-22, 11-15, 18x11, 8x15, 32-28, 16-20, 23-18, 14x23x32, 22-17, 20x27, 31x24, 3-8, 24-20, 15x24, 28x19, 9-14, 17-13, 14-18, 25-22, 18x25, 29x22, 1-5, 22-18, 32-27, 30-25, 27-31, 21-17, 2-7, 18-14, 7-11, 14x7, 6-9, 13x6, 12-16, 19x12x3, 11-15, 7-2, 4-8, 3x12, 31-27, 25-22, 5-9, 12-8, 15-18, 22x15, 27-32, 8-12, 32-28, 15-10, 9-13, 20-16, 13x22, 6-1, 28-32, 10-6, 32-28, 12-8, 22-26, 1-5, 28-24, 8-4, 24-28, 2-7, 28-32, 5-9, 32-27, 16-11, 27-24, 6-2, 24-19, 9-6, 19-24, 6-9"
821,1,821,1,0,"12-16, 23-18, 16-19, 24x15, 10x19, 28-24, 19x28, 22-17, 11-16, 26-23, 16-20, 31-26, 7-11, 27-24, 20x27, 26-22, 8-12, 18-14, 9x18, 22x15x8, 4x11, 17-13, 2-7, 13-9, 6x13, 21-17, 13x22, 25x18, 11-15, 18x11x2, 3-8, 2-7, 12-16, 23-19, 16x23, 30-25, 1-6, 7-2, 6-10, 25-21, 10-15, 2-7, 23-26, 32x23, 5-9, 23-19, 15x24, 21-17, 28-32, 7-11, 8x15, 29-25, 15-19, 17-13, 26-31, 13x6, 32-27, 25-21, 31-26, 6-1, 27-23, 1-5, 26-30, 5-1, 30-25, 21-17, 25-21, 1-5, 21x14, 5-9, 14x5"
822,1,822,1,0,"10-14, 21-17, 14x21, 24-20, 7-10, 27-24, 10-14, 20-16, 11x20x27, 31x24, 3-7, 23-18, 14x23, 26x19, 8-11, 19-16, 12x19, 24x15x8, 4x11, 32-27, 9-13, 28-24, 6-10, 22-18, 11-16, 30-26, 21x30x23x14, 29-25, 14-9, 24-20, 10-15, 20x11, 7x16, 25-21, 2-6, 27-23, 13-17, 21x14, 9x18x27"
823,1,823,0,0,"11-16, 22-18, 8-11, 21-17, 4-8, 26-22, 10-14, 17x10, 7x14, 23-19, 16x23, 24-19, 9-13, 18x9, 5x14, 27x18x9, 13-17, 22x13, 2-7, 9x2, 1-5, 31-27, 5-9, 13x6, 12-16, 19x12, 7-10, 25-22, 11-16, 27-23, 10-15, 29-25, 16-19, 23x16, 8-11, 16x7, 3x10, 30-26, 15-18, 22x15, 10x19, 26-23, 19x26, 2-7, 26-30, 12-8, 30x21, 7-2, 21-17, 8-4, 17-13, 2-7, 13-17, 4-8"
824,1,824,0,0,"9-14, 24-19, 6-9, 27-24, 11-16, 23-18, 16x23, 26x19, 14x23, 24-20, 8-11, 31-27, 1-6, 27x18, 11-16, 20x11, 7x16x23, 28-24, 23-26, 30x23, 3-8, 32-28, 9-13, 22-17, 13x22, 21-17, 22-26, 25-22, 5-9, 18-14, 9x18x27, 17-14, 10x17, 22x13, 8-11, 29-25, 4-8, 25-21, 2-7, 24-20, 7-10, 20-16, 12x19, 21-17, 10-14, 17x10x1, 27-31, 28-24, 19x28, 1-6, 26-30, 6-9, 30-25, 9-14, 25-30, 14-10"
825,1,825,0,1,"10-14, 23-18, 14x23, 26x19, 7-10, 22-17, 11-15, 24-20, 15x24, 28x19, 3-7, 27-24, 9-14, 19-16, 12x19x28, 25-22, 6-9, 29-25, 1-6, 32-27, 7-11, 27-24, 8-12, 24-19, 11-16, 20x11, 2-7, 11x2, 10-15, 17x10x1, 15x24, 22-17, 24-27, 31x24, 28-32, 24-19, 9-14, 17x10, 5-9, 30-26, 32-28, 2-7, 4-8, 19-15, 8-11, 7x16, 12x19, 25-22, 28-24, 1-6, 24-20, 6x13, 20-16, 15-11, 16x7x14, 13-17, 14-10, 22-18, 10-6, 18-15, 6-10, 15x6, 19-24, 17-22, 24-27, 26-23, 27-32, 6-2, 32-27, 22-18, 27-31, 23-19, 31-26, 19-16, 26-30, 18-23, 30-25, 21-17, 25-30, 17-14, 30-26, 23x30"
826,1,826,0,1,"9-13, 22-18, 10-15, 24-20, 15x22, 26x17, 13x22, 25x18, 12-16, 30-26, 8-12, 26-22, 11-15, 18x11, 6-9, 23-18, 4-8, 11x4, 2-6, 20x11x2, 12-16, 27-24, 9-13, 2x9, 5x14x23, 21-17, 16-20, 17-14, 20x27, 31x24, 23-26, 14-9, 13-17, 22x13, 1-5, 4-8, 3x12, 24-19, 5x14, 13-9, 14-18, 32-27, 18-22, 19-16, 12x19, 27-24, 22-25, 29x22, 26-31, 24x15, 31-27, 22-18, 27-31, 15-11, 31-27, 11-8, 27-23, 18-15, 23-19, 28-24, 19x28, 8-3, 28-24, 3-7, 24-27, 7-10, 27-23, 10-6, 23-19, 6-1, 19x10, 9-6, 10-7, 6-2, 7-3, 1-6, 3-8, 6-10, 8-11, 2-6, 11-15, 10x19"
827,1,827,0,0,"9-14, 23-18, 14x23, 27x18, 6-9, 32-27, 9-13, 22-17, 13x22, 26x17, 10-14, 17x10, 7x14x23x32, 25-22, 12-16, 30-25, 5-9, 24-19, 16x23, 31-26, 23x30, 22-17, 1-6, 28-24, 8-12, 24-20, 3-7, 25-22, 11-16, 20x11, 7x16, 22-18, 9-14, 17x10x1, 16-20, 1-6, 2x9, 21-17, 12-16, 17-13, 30-25, 29x22, 16-19, 13x6, 19-23, 22-17, 23-27, 18-15, 27-31, 15-11, 4-8, 11x4, 31-27, 6-1, 27-23, 1-5, 32-28, 17-13, 20-24, 5-9, 23-19, 9-14, 19-15, 4-8, 15-10, 14x7, 28-32, 8-4, 32-27, 4-8, 24-28"
828,1,828,0,1,"12-16, 23-19, 16x23, 26x19, 11-16, 19x12, 10-14, 24-20, 14-18, 22x15, 6-10, 15x6, 1x10, 27-23, 8-11, 31-27, 2-6, 27-24, 11-16, 20x11x2, 10-15, 24-20, 3-7, 2x11x18, 9-14, 18x9x2, 5-9, 2-6, 9-13, 12-8, 4x11, 6-9, 13-17, 21x14, 11-15, 9-13, 15-19, 23x16"
829,1,829,1,0,"11-16, 24-20, 10-15, 20x11, 7x16, 21-17, 9-14, 17x10, 8-11, 22-18, 15x22, 25x18, 6x15x22, 26x17, 16-20, 29-25, 3-8, 17-13, 2-7, 27-24, 20x27, 31x24, 1-6, 24-20, 6-10, 32-27, 11-16, 20x11x2, 10-14, 23-18, 14x23x32, 30-26, 5-9, 13x6, 12-16, 2-7, 8-12, 7-10, 4-8, 28-24, 16-20, 25-21, 20x27, 6-2, 27-31, 10-7, 31x22, 7-11, 8x15, 2-7, 22-17, 21x14, 15-18, 7-11, 18-23, 11-15, 32-27, 15-11, 23-26, 11-16, 12x19, 14-9, 27-32, 9-6, 32-27, 6-2, 26-30, 2-7, 30-26, 7-11, 19-23, 11-8, 27-24, 8-11, 26-30, 11-16, 23-27, 16-19, 24x15"
830,1,830,0,1,"11-16, 21-17, 16-19, 24x15, 10x19, 23x16, 12x19, 27-24, 6-10, 24x15x6, 1x10, 22-18, 7-11, 25-22, 10-14, 17x10, 9-14, 18x9, 5x14, 30-25, 14-17, 22x13, 2-7, 26-22, 7x14, 32-27, 14-18, 22x15, 11x18, 27-24, 18-22, 25x18, 8-11, 24-19, 3-7, 31-26, 11-15, 18x11x2, 4-8, 13-9, 8-11, 9-5, 11-15, 19x10"
831,1,831,0,0,"10-15, 24-20, 15-19, 23x16, 12x19, 27-24, 11-15, 20-16, 7-10, 22-18, 15x22, 26x17, 10-15, 31-26, 15-18, 24x15, 18-22, 25x18, 8-12, 15-11, 12x19, 26-23, 19x26, 30x23, 9-14, 18x9, 5x14, 17x10, 6x15, 28-24, 2-6, 32-28, 3-8, 21-17, 15-19, 24x15, 6-9, 23-18, 1-6, 15-10, 8x15x22, 10x1, 9-13, 29-25, 22x29, 17-14, 4-8, 14-10, 29-25, 28-24, 25-22, 24-20, 22-18, 20-16, 8-12, 10-7, 12x19, 7-3, 19-24, 3-7, 18-23, 7-3, 24-27, 3-7, 27-31, 7-2, 31-26, 2-7, 26-31"
832,1,832,1,0,"11-16, 22-18, 16-19, 23x16, 12x19, 24x15, 10x19, 26-23, 19x26, 31x22, 8-11, 18-14, 9x18, 22x15x8, 3x12, 28-24, 4-8, 25-22, 5-9, 21-17, 9-13, 30-26, 1-5, 29-25, 8-11, 32-28, 6-10, 22-18, 13x22x31, 18-14, 10x17, 25-22, 17x26, 27-23, 5-9, 23-19, 11-16, 19-15, 2-6, 24-19, 16x23, 15-10, 6x15, 28-24, 23-27, 24-19, 15x24"
833,1,833,0,0,"9-13, 23-19, 11-16, 27-23, 6-9, 21-17, 10-14, 17x10, 7x14, 22-18, 2-7, 32-27, 16-20, 19-16, 12x19, 24x15, 8-12, 27-24, 20x27, 31x24, 14-17, 15-10, 7x14, 18-15, 3-7, 15-10, 7-11, 23-19, 1-6, 10x1, 12-16, 19x12, 17-21, 24-20, 13-17, 26-23, 9-13, 30-26, 21x30, 29-25, 30x21, 12-8, 5-9, 20-16, 11x20, 1-6, 4x11, 23-19, 17-22, 26x17x10, 13-17, 6x13x22, 21-25, 22x29, 20-24, 29-25, 24-27, 10-6, 27-32, 19-16, 11x20, 25-29, 20-24, 28x19, 32-27, 6-2, 27-31, 19-15, 31-27, 2-7, 27-23, 15-10, 23-27, 7-2"
834,1,834,1,0,"9-13, 24-20, 10-14, 28-24, 12-16, 21-17, 14x21, 23-18, 11-15, 20x11, 7x16, 18x11, 8x15, 22-17, 13x22, 25x18x11, 16-20, 11-8, 3x12, 26-22, 12-16, 22-17, 6-9, 17-14, 9x18, 32-28, 5-9, 30-26, 18-23, 26x19x12, 1-6, 27-23, 20x27, 31x24, 9-13, 29-25, 21x30, 23-19, 2-7, 19-15, 30-26, 15-10, 6x15, 24-19, 15x24, 28x19, 7-11, 19-15, 11x18, 12-8, 4x11"
835,1,835,0,0,"9-13, 24-19, 11-16, 22-17, 13x22, 26x17, 10-15, 19x10, 6x15, 23-19, 15x24, 27x20x11, 7x16, 31-26, 3-7, 25-22, 16-19, 17-13, 2-6, 21-17, 5-9, 26-23, 19x26, 30x23, 1-5, 17-14, 9x18x27, 32x23, 5-9, 29-25, 9-14, 13-9, 6x13, 22-18, 13-17, 18x9, 8-11, 25-22, 17x26, 23-18, 11-15, 18x11x2, 26-30, 2-6, 30-26, 6-10, 26-30, 9-6, 4-8, 6-1, 12-16, 10-7, 8-12, 1-6, 30-25, 7-11, 25-29, 11x20, 12-16, 20x11, 29-25, 11-15, 25-22, 6-9, 22-25, 15-18, 25-30, 9-6, 30-25, 18-23, 25-22, 23-18"
836,1,836,0,0,"10-14, 24-19, 7-10, 22-17, 11-15, 25-22, 15x24, 28x19, 10-15, 19x10, 6x15, 17x10, 12-16, 10-7, 3x10, 23-18, 16-20, 18x11, 8x15, 26-23, 20-24, 27x20, 15-18, 22x15x6, 1x10, 23-19, 9-14, 29-25, 2-6, 30-26, 6-9, 19-15, 10x19, 21-17, 14x21x30x23, 31-26, 23x30, 32-27, 30-26, 27-24, 19x28, 20-16, 26-31, 16-11, 4-8, 11x4, 28-32, 4-8, 31-26, 8-12, 26-31, 12-8"
837,1,837,0,0,"9-13, 22-17, 13x22, 25x18, 10-15, 18-14, 12-16, 23-19, 16x23, 26x19x10, 6x15, 24-20, 15-19, 28-24, 19x28, 27-24, 11-15, 14-10, 7x14, 30-26, 14-17, 21x14, 15-18, 14-10, 18-23, 26x19, 1-6, 10x1, 5-9, 29-25, 8-12, 32-27, 3-7, 31-26, 7-10, 25-21, 12-16, 19x12, 2-6, 24-19, 28-32, 12-8, 32x23x30, 19-15, 10x19, 1x10, 4x11, 10-15, 11x18, 21-17, 30-25, 20-16, 19-23, 16-11, 23-27, 11-7, 18-23, 17-13, 27-32, 13x6, 32-28, 7-3, 25-21, 3-7, 28-24, 7-3, 24-27, 3-8, 27-24, 8-4, 24-28, 6-2, 23-27, 4-8, 21-17, 8-3, 28-24, 2-7, 17-22, 7-2, 22-17"
838,1,838,0,1,"11-15, 22-18, 15x22, 26x17, 7-11, 23-19, 11-15, 27-23, 9-14, 32-27, 5-9, 30-26, 14-18, 23x14x5, 10-14, 19x10, 6x15, 17x10, 8-11, 25-22, 11-16, 24-19, 16x23x32, 10-7, 3x10, 26-23, 4-8, 23-18, 1-6, 18x11x4, 12-16, 22-17, 16-20, 5-1, 6-9, 1-6, 10-14, 17x10, 32-27, 6x13, 27-24, 28x19, 2-6, 10x1, 20-24, 19-16, 24-28, 13-9, 28-32, 16-12, 32-28, 1-5, 28-32, 31-26, 32-27, 9-13, 27-24, 26-23, 24-19, 23x16"
839,1,839,0,1,"9-14, 22-18, 10-15, 18x9, 6x13, 23-19, 13-17, 21x14, 15-18, 24-20, 12-16, 19x12, 1-6, 26-23, 11-15, 27-24, 18x27, 32x23, 8-11, 23-18, 15x22, 25x18, 11-15, 18x11, 7x16, 20x11, 4-8, 11x4, 6-10, 14x7, 3x10, 4-8, 2-6, 8-11, 10-14, 30-26, 5-9, 26-22, 6-10, 24-19, 14-17, 22x13x6, 10-15, 11x18"
840,1,840,1,0,"10-14, 23-19, 6-10, 22-17, 10-15, 19x10, 12-16, 24-19, 16x23, 26x19, 11-16, 19x12, 2-6, 17-13, 6x15, 13x6, 1x10, 21-17, 14x21, 27-24, 5-9, 31-26, 10-14, 26-23, 8-11, 24-19, 15x24, 28x19, 3-8, 12x3x10x17, 11-16, 19x12, 9-13, 30-26, 21x30, 32-27, 13x22x31x24, 23-19, 24x15, 12-8, 4x11, 29-25, 30x21"
841,1,841,0,0,"9-13, 24-19, 11-16, 27-24, 7-11, 21-17, 10-15, 19x10, 6x15, 23-18, 16-20, 31-27, 5-9, 25-21, 1-5, 29-25, 11-16, 18x11, 8x15, 22-18, 15x22x31, 30-26, 31x22x29, 24-19, 16x23, 27x18, 13x22, 32-27, 29-25, 27-24, 20x27, 21-17, 2-6, 18-14, 9x18, 17-13, 18-23, 28-24, 5-9, 24-19, 27-31, 19-16, 12x19"
842,1,842,0,1,"10-15, 22-17, 6-10, 24-20, 15-18, 23x14, 9x18, 26-23, 11-16, 23x14, 2-6, 20x11x2x9, 1-6, 14x7, 3x10, 9x2, 12-16, 27-23, 10-14, 17x10, 8-12, 28-24, 16-20, 10-7, 20x27, 31x24, 4-8, 32-28, 12-16, 23-19, 16x23, 25-22, 8-12, 30-26, 23x30, 22-17, 12-16, 2-6, 16-19, 24x15, 30-26, 6-2, 5-9, 17-14, 9x18, 29-25, 26-31, 2-6, 18-22, 25x18, 31-27, 28-24, 27x20, 21-17, 20-24, 6-9, 24-20, 9-13, 20-16, 17-14, 16-11, 15x8"
843,1,843,0,1,"9-14, 22-18, 11-16, 18x9, 6x13, 23-19, 16x23, 27x18, 12-16, 32-27, 10-14, 18x9, 5x14, 26-23, 1-5, 23-18, 14x23x32, 30-26, 13-17, 21x14, 5-9, 14x5, 2-6, 25-21, 6-10, 24-20, 8-11, 26-22, 16-19, 22-18, 32-27, 31x24x15x8, 4x11, 5-1, 10-14, 18x9, 11-15, 21-17, 7-10, 20-16, 3-7, 17-13, 7-11, 16x7, 10-14, 9-6, 14-17, 1-5, 15-19, 13-9, 17-21, 28-24, 19x28, 7-3, 28-32, 29-25, 21x30, 3-8, 30-26, 8-11, 26-22, 5-1, 22-17, 11-15, 32-27, 1-5, 17-14, 6-1, 27-32, 1-6, 32-28, 15-11, 14-10, 6x15, 28-24, 5-1, 24-27, 11-7, 27-31, 9-6, 31-27, 7-10, 27-31, 10-14, 31-26, 15-18, 26-22, 18x25"
844,1,844,1,0,"10-15, 22-18, 15x22, 26x17, 9-13, 31-26, 13x22x31, 30-26, 31x22, 25x18, 6-10, 18-15, 10x19x26, 24-20, 12-16, 27-23, 5-9, 21-17, 1-6, 17-14, 9x18x27, 32x23, 26-31, 23-19, 16x23, 28-24, 6-10, 20-16, 11x20x27, 29-25, 31-26, 25-21, 10-14, 21-17, 14x21"
845,1,845,1,0,"9-14, 21-17, 14x21, 24-20, 10-15, 22-17, 6-10, 26-22, 1-6, 23-18, 15-19, 27-24, 19-23, 24-19, 23-26, 30x23, 21x30, 29-25, 30x21x14, 18x9, 6x13, 31-27, 11-15, 28-24, 7-11, 19-16, 12x19x28, 20-16, 11x20, 22-18, 15x22, 23-19, 20-24, 27x20, 2-7, 32-27, 8-11, 20-16, 11x20, 27-24, 20x27, 19-15, 10x19"
846,1,846,0,1,"12-16, 22-18, 16-20, 18-15, 10x19, 23x16, 11-15, 27-23, 20x27, 31x24, 9-14, 23-18, 15x22x31, 30-26, 31x22, 25x18x9, 5x14, 16-11, 8x15, 24-19, 15x24, 28x19, 4-8, 19-15, 7-11, 21-17, 11x18, 17x10, 6x15, 29-25, 8-11, 25-22, 18x25, 32-27, 1-5, 27-24, 11-16, 24-20, 2-7, 20x11x2, 15-19, 2-6, 5-9, 6x13, 19-23, 13-17, 3-8, 17-13, 25-30, 13-17, 23-26, 17-13, 26-31, 13-9, 31-27, 9-5, 8-11, 5-9, 30-25, 9-13, 25-22, 13-9, 22-17, 9-6, 17-22, 6-2, 27-23, 2-6, 22-18, 6-1, 23-19, 1-5, 19-16, 5-9, 18-14, 9x18, 11-15, 18x11x20"
847,1,847,0,1,"11-16, 24-19, 9-14, 21-17, 14x21, 27-24, 10-14, 32-27, 6-10, 22-18, 10-15, 18x11, 8x15, 19x10, 14-18, 23x14, 2-6, 14-9, 7x14, 9x2, 1-6, 2x9x18, 16-19, 24x15, 12-16, 26-23, 16-19, 23x16, 3-7, 18-14, 7-10, 15x6, 5-9, 14x5, 4-8, 16-12, 8-11, 12-8, 11-15, 25-22, 21-25, 30x21, 15-18, 22x15"
848,1,848,0,0,"10-14, 24-20, 12-16, 22-18, 6-10, 21-17, 14x21, 27-24, 11-15, 20x11, 15x22, 26x17, 8x15, 31-27, 7-11, 23-18, 15x22, 25x18, 3-8, 17-14, 10x17, 29-25, 2-7, 18-14, 9x18, 24-19, 5-9, 25-22, 17x26, 30x23x14x5, 21-25, 19-16, 11x20, 27-23, 7-10, 23-18, 25-29, 32-27, 10-15, 18x11, 8x15, 28-24, 1-6, 27-23, 20x27, 23-19, 15x24, 5-1, 27-32, 1x10, 32-28, 10-15, 29-25, 15-11, 25-29, 11-15"
849,1,849,1,0,"9-13, 24-20, 13-17, 21x14, 10x17, 22x13, 5-9, 26-22, 9-14, 20-16, 11x20, 27-24, 20x27, 31x24, 7-10, 24-19, 6-9, 13x6, 2x9, 22-17, 14x21, 25-22, 8-11, 19-15, 11x18x27, 32x23, 10-15, 22-17, 9-14, 17x10, 4-8, 29-25, 15-18, 23x14, 12-16, 10-7, 3x10x17, 25-22, 17x26, 30x23, 8-12, 28-24, 16-19, 23x16, 12x19x28"
850,1,850,0,1,"10-14, 24-20, 6-10, 23-19, 10-15, 19x10, 12-16, 22-17, 8-12, 25-22, 16-19, 28-24, 19x28, 10-6, 1x10, 17-13, 12-16, 13x6, 2x9, 27-23, 9-13, 23-19, 16x23, 26x19, 11-16, 20x11x2, 3-7, 2x11, 4-8, 11x4, 13-17, 22x13, 5-9, 13x6, 14-18, 19-15, 10x19, 4-8, 19-23, 6-2, 23-27, 32x23x14, 28-32, 8-11, 32-27, 31x24"
851,1,851,1,0,"11-15, 22-17, 10-14, 17x10, 7x14, 24-19, 15x24, 27x20, 2-7, 31-27, 14-17, 21x14, 9x18, 23x14, 7-10, 14x7, 3x10, 25-21, 10-14, 26-22, 8-11, 22-17, 5-9, 17x10, 6x15, 20-16, 11x20, 29-25, 4-8, 28-24, 1-6, 24-19, 15x24x31, 32-28, 12-16, 21-17, 8-11, 30-26, 31x22x13, 28-24, 20x27, 25-22, 16-19, 22-18, 19-24, 18-15, 11x18"
852,1,852,1,0,"11-16, 23-18, 10-15, 18x11, 8x15, 21-17, 7-10, 24-20, 3-7, 20x11, 7x16, 25-21, 16-19, 17-14, 10x17, 22x13, 12-16, 26-23, 19x26, 31x22, 15-18, 22x15, 6-10, 15x6, 1x10, 13x6, 2x9, 29-25, 9-14, 28-24, 10-15, 24-19, 16x23, 27x18x9, 5x14, 30-26, 4-8, 25-22, 8-11, 32-27, 14-18, 21-17, 18x25, 27-23, 15-18, 23x14, 25-29, 14-9, 11-16, 9-5, 16-20, 5-1, 20-24, 26-22, 24-27, 17-13, 27-32, 22-17, 29-25, 13-9, 25-22, 1-5, 22x13x6, 5-9, 6x13"
853,1,853,1,0,"12-16, 24-20, 10-15, 23-18, 16-19, 21-17, 6-10, 27-24, 8-12, 26-23, 19x26, 30x23, 4-8, 25-21, 9-13, 20-16, 12x19x26, 31-27, 8-12, 17-14, 10x17, 21x14, 7-10, 14x7, 3x10, 22-17, 15x22, 17-14, 10x17, 24-20, 5-9, 28-24, 9-14, 29-25, 22x29, 32-28, 26-30, 20-16, 11x20, 24-19, 30-25, 19-16, 12x19, 27-24, 20x27, 28-24, 19x28"
854,1,854,1,0,"11-16, 22-18, 9-13, 18-15, 10x19, 24x15, 6-9, 28-24, 16-20, 21-17, 13x22, 25x18, 8-11, 15x8, 4x11, 23-19, 2-6, 27-23, 20x27, 31x24, 3-8, 24-20, 12-16, 19x12x3x10, 6x15x22x31, 20-16, 11x20, 23-19, 9-14, 19-15, 1-6, 15-10, 6x15, 29-25, 15-18, 30-26, 31x22x29, 32-28, 14-17, 28-24, 20x27"
855,1,855,0,1,"9-13, 23-18, 10-14, 18x9, 5x14, 24-19, 7-10, 26-23, 12-16, 19x12, 2-7, 23-19, 14-18, 22x15, 11x18, 27-23, 18x27, 32x23, 7-11, 31-26, 3-7, 12x3, 11-16, 19x12, 6-9, 23-18, 10-15, 18x11x2, 1-6, 3-8, 4x11, 26-22, 6-10, 2-7, 11-15, 7x14x5, 15-18, 22x15, 13-17, 21x14"
856,1,856,1,0,"12-16, 23-18, 10-14, 27-23, 8-12, 24-20, 16-19, 23x16, 14x23, 26x19, 11-15, 19x10, 12x19, 21-17, 7x14x21, 22-18, 6-10, 25-22, 9-14, 18x9, 5x14, 30-25, 21x30, 20-16, 10-15, 16-11, 19-24, 28x19x10, 2-6, 32-27, 6x15, 22-18, 15x22, 29-25, 30x21, 27-24, 1-5, 11-8, 4x11, 24-19, 22-25, 19-16, 11x20, 31-27, 3-7, 27-23, 7-10, 23-18, 14x23"
857,1,857,0,0,"11-15, 22-18, 15x22, 26x17, 9-13, 31-26, 13x22x31, 24-20, 31x24, 28x19, 10-15, 19x10, 6x15, 25-22, 12-16, 20x11, 7x16, 30-26, 8-12, 32-27, 5-9, 21-17, 4-8, 27-24, 15-19, 24x15, 8-11, 15x8, 1-5, 8-4, 16-20, 17-14, 9x18x27, 26-23, 3-7, 22-18, 5-9, 18-14, 9x18, 23x14, 27-31, 29-25, 2-6, 25-22, 6-9, 14x5, 20-24, 5-1, 24-28, 22-17, 31-26, 1-6, 12-16, 6-9, 26-23, 9-6, 28-32, 6-1, 23-27, 17-14, 27-23, 14-10, 7x14, 1-5, 32-27, 5-1, 27-31, 4-8, 16-19, 8-11, 31-26, 11-15, 26-22, 15x24, 23-19, 24x15, 22-26, 15-18, 14x23, 1-5, 26-31, 5-1, 23-26, 1-6, 31-27, 6-9, 27-24, 9-13, 24-19, 13-9, 19-16, 9-13, 16-20"
858,1,858,0,1,"9-14, 24-19, 14-18, 23x14, 10x17, 22x13, 11-15, 19x10, 6x15, 13-9, 5x14, 26-23, 7-11, 23-18, 15x22, 25x18x9, 2-6, 9x2, 1-5, 27-23, 11-16, 21-17, 3-7, 2x11x20, 12-16, 20x11, 8x15, 17-13, 15-18, 23x14, 4-8, 14-10, 5-9, 13x6, 8-12, 6-1, 12-16, 31-27, 16-20, 30-26, 20-24, 27x20"
859,1,859,1,0,"10-15, 21-17, 11-16, 23-19, 16x23, 26x19x10, 7x14x21, 27-23, 6-10, 23-18, 9-14, 18x9, 5x14, 30-26, 21x30x23, 22-17, 14x21, 24-19, 23x16, 29-25, 21x30, 32-27, 1-6, 28-24, 30-26, 31x22, 16-20, 22-18, 10-14, 18x9, 6x13, 24-19, 20-24, 27x20, 13-17, 19-15, 3-7, 15-10, 7x14, 20-16, 12x19"
860,1,860,0,1,"10-15, 23-19, 12-16, 19x10, 7x14, 22-17, 9-13, 17x10, 6x15, 26-22, 15-18, 22x15, 11x18, 24-20, 18-22, 20x11, 8x15, 25x18x11, 2-6, 11-8, 4x11, 30-25, 5-9, 21-17, 13x22, 25x18, 3-7, 29-25, 9-14, 18x9x2, 11-15, 2x11x18, 1-5, 18-14, 5-9, 14x5"
861,1,861,0,0,"9-13, 24-20, 10-15, 27-24, 6-9, 20-16, 12x19, 23x16, 11x20x27, 31x24, 8-11, 21-17, 2-6, 17-14, 9x18, 26-23, 18x27, 32x23, 7-10, 25-21, 6-9, 24-20, 13-17, 21x14x7, 3x10, 30-26, 1-6, 22-18, 15x22x31, 23-18, 31-27, 28-24, 10-15, 20-16, 15x22, 16x7, 27x20, 7-3, 22-25, 29x22, 4-8, 3x12, 6-10, 22-17, 9-13, 12-8, 13x22, 8-11, 20-16, 11x20, 22-25, 20-16, 25-30, 16-12, 30-25, 12-8, 10-14, 8-4, 25-21, 4-8, 14-17, 8-12, 5-9, 12-8, 21-25, 8-4, 17-21, 4-8, 25-30, 8-3, 9-13, 3-8, 30-26, 8-3, 13-17, 3-7, 26-23, 7-11, 23-27, 11-8, 27-31, 8-11, 31-26"
862,1,862,1,0,"12-16, 21-17, 11-15, 23-19, 16x23, 26x19, 10-14, 19x10, 14x21, 27-23, 6x15, 24-19, 15x24, 28x19, 9-13, 32-28, 5-9, 22-18, 1-6, 30-26, 21x30, 19-16, 8-12, 18-14, 12x19, 23x16, 30x23, 14x5, 7-11, 16x7, 2x11, 28-24, 4-8, 29-25, 13-17, 5-1, 11-15, 1x10x19x26, 3-7, 26-23, 7-11, 23-27, 11-15, 27-23, 8-12, 24-20, 15-19, 23x16, 12x19, 20-16, 17-21, 16-12, 21x30, 31-26, 30x23, 12-8, 19-24, 8-4, 24-28, 4-8, 23-26, 8-11, 28-32, 11-7, 26-31, 7-2, 32-27, 2-6, 27-23, 6-9, 31-27, 9-14, 27-32, 14-17, 23-19, 17-21, 19-15, 21-17, 15-10, 17-21, 10-14, 21-25, 14-18, 25-30, 18-22, 30-25, 22x29"
863,1,863,0,1,"10-14, 21-17, 14x21, 22-17, 9-13, 23-18, 13x22, 26x17, 6-10, 25-22, 21-25, 30x21, 2-6, 24-20, 11-15, 18x11x2x9, 5x14, 29-25, 10-15, 17x10, 15-19, 10-7, 3x10, 22-17, 1-5, 20-16, 10-14, 17x10, 19-23, 27x18, 12x19, 31-26, 19-23, 26x19, 5-9, 19-15, 9-14, 18x9, 8-11, 15x8, 4x11, 10-7, 11-16, 32-27, 16-20, 7-3, 20-24, 27x20"
864,1,864,0,1,"10-15, 21-17, 11-16, 23-18, 8-11, 27-23, 16-19, 23x16, 12x19, 17-13, 3-8, 32-27, 8-12, 24-20, 4-8, 20-16, 11x20, 18x11x4, 7-11, 27-23, 12-16, 23-18, 20-24, 4-8, 9-14, 8x15, 14x23, 15-18, 16-20, 18x27, 6-10, 27-23, 10-15, 23x16, 2-7, 28x19x10x3, 5-9, 13x6, 1x10, 16-12, 10-14, 12-16, 14-17, 22x13, 20-24, 25-21, 24-28, 30-25, 28-32, 16-12, 32-27, 31x24"
865,1,865,0,0,"10-15, 23-19, 15-18, 22x15, 11x18, 19-16, 12x19, 24x15, 6-10, 15x6, 1x10, 26-23, 7-11, 23x14x7, 3x10, 28-24, 2-6, 30-26, 10-14, 25-22, 9-13, 27-23, 11-16, 22-17, 13x22, 26x17x10x1, 5-9, 31-26, 8-11, 1-5, 9-14, 5-9, 14-18, 23x14, 11-15, 9-13, 15-18, 24-20, 18-23, 20x11, 23x30, 14-9, 30-26, 9-5, 4-8, 11x4, 26-22, 21-17, 22-26, 5-1, 26-31, 1-6, 31-26, 29-25, 26-30, 25-21, 30-26, 4-8, 26-22, 17-14, 22-26, 21-17, 26-23, 6-1, 23-19, 8-3, 19-24, 13-9, 24-28, 32-27, 28-32, 27-24, 32-28, 1-6, 28x19, 14-10, 19-24, 6-2, 24-28, 2-6, 28-32, 17-13, 32-28, 6-1, 28-24, 9-14, 24-28, 1-6"
866,1,866,1,0,"9-14, 24-19, 6-9, 28-24, 14-17, 21x14, 10x17, 22x13x6, 2x9, 25-22, 11-15, 19x10, 7x14, 24-20, 9-13, 30-25, 5-9, 23-18, 14x23x30x21, 32-28, 3-7, 20-16, 12x19, 22-18, 1-5, 18-15, 8-11, 15x8, 4x11, 29-25, 21x30, 28-24, 19x28, 31-26, 30x23x32"
867,1,867,0,1,"11-15, 22-18, 15x22, 25x18, 9-13, 29-25, 6-9, 25-22, 9-14, 18x9, 5x14, 23-18, 14x23, 26x19, 7-11, 24-20, 2-6, 22-17, 13x22, 28-24, 22-26, 30x23, 1-5, 23-18, 10-14, 18x9x2, 12-16, 19x12, 11-16, 20x11, 8x15, 2-6, 15-19, 24x15, 4-8, 32-28, 8-11, 15x8, 3-7, 27-24, 7-11, 21-17, 11-15, 31-27, 15-19, 24x15, 5-9, 6x13"
868,1,868,0,1,"11-16, 23-18, 7-11, 21-17, 10-15, 24-19, 15x24, 27x20, 9-14, 18x9, 5x14x21, 28-24, 11-15, 20x11, 1-5, 24-20, 15-19, 26-23, 19x26, 30x23, 21x30, 23-18, 8x15, 18x11, 3-8, 32-28, 8x15, 22-17, 2-7, 17-13, 30-25, 29x22, 6-9, 13x6, 7-10, 31-26, 15-19, 6-2, 19-24, 28x19, 5-9, 19-15, 10x19, 2-7, 12-16, 20x11, 9-13, 22-17, 13x22x31, 11-8, 4x11, 7x16x23, 31-27, 23x32"
869,1,869,1,0,"9-14, 21-17, 14x21, 23-19, 6-9, 19-16, 11x20, 27-23, 20x27, 31x24, 9-14, 22-17, 2-6, 17-13, 8-11, 24-20, 14-18, 23x14, 10x17, 26-22, 17x26, 30x23, 21x30, 29-25, 30x21, 23-18, 11-16, 20x11x2x9, 5x14x23, 13-9, 21-25, 28-24, 25-30, 32-28, 3-7, 24-19, 23-27, 9-6, 1x10, 19-16, 12x19, 28-24, 19x28"
870,1,870,0,0,"9-13, 22-17, 13x22, 26x17, 6-9, 17-13, 12-16, 13x6, 2x9, 25-22, 16-19, 24x15x6, 1x10, 27-24, 9-13, 22-17, 13x22, 21-17, 8-12, 23-19, 5-9, 19-15, 10x19, 24x15x8, 4x11, 29-25, 22x29, 28-24, 12-16, 24-20, 9-13, 30-26, 13x22, 26x17, 7-10, 32-28, 10-15, 17-14, 15-18, 14-9, 16-19, 9-6, 3-7, 6-1, 18-23, 28-24, 19x28, 20-16, 11x20, 1-5, 28-32, 5-1, 7-10, 1-5, 10-15, 31-26, 23x30, 5-1, 15-19, 1-5, 30-26, 5-9, 32-28, 9-5, 28-24, 5-1, 26-30, 1-6, 19-23, 6-1, 24-28, 1-5, 20-24, 5-1, 23-26, 1-5, 30-25, 5-9, 25-30, 9-6"
871,1,871,1,0,"10-14, 23-19, 14-17, 22x13, 11-16, 27-23, 7-10, 26-22, 16-20, 32-27, 2-7, 30-26, 7-11, 23-18, 11-15, 18x11, 8x15, 22-18, 15x22, 26x17, 10-14, 17x10, 6x15, 19x10, 12-16, 13x6, 5-9, 24-19, 16x23x32, 31-26, 3-7, 10x3, 1x10, 21-17, 9-14, 25-22, 14x21, 29-25, 21x30x23, 22-18, 23x14, 3-8, 4x11, 28-24, 20x27"
872,1,872,1,0,"11-16, 24-20, 10-15, 20x11, 7x16, 27-24, 8-11, 24-20, 3-7, 22-18, 15x22, 25x18, 9-13, 32-27, 16-19, 23x16, 12x19, 28-24, 19x28, 27-24, 6-9, 30-25, 11-16, 20x11, 7x16, 31-27, 16-20, 18-14, 9x18, 26-22, 4-8, 22x15, 8-12, 15-10, 28-32, 10-6, 1x10, 25-22, 32x23, 22-17, 13x22, 21-17, 20x27, 17-14, 10x17, 29-25, 22x29"
873,1,873,1,0,"11-16, 22-17, 10-14, 17x10, 7x14, 21-17, 14x21, 25-22, 21-25, 30x21, 9-13, 23-19, 16x23x30, 24-20, 2-7, 21-17, 8-11, 31-26, 30x23, 27x18, 7-10, 18-15, 11x18x25, 29x22, 3-7, 32-27, 4-8, 17-14, 10x17x26, 28-24, 5-9, 24-19, 8-11, 19-15, 11x18, 20-16, 12x19, 27-23, 18x27"
874,1,874,0,1,"11-15, 23-19, 12-16, 19x12, 9-13, 26-23, 10-14, 24-19, 15x24, 27x20, 6-10, 23-18, 14x23, 22-17, 13x22, 25x18, 10-14, 18x9, 5x14, 21-17, 14x21, 29-25, 7-10, 30-26, 21x30, 26x19, 30-26, 31x22, 1-6, 19-16, 3-7, 12x3, 4-8, 3x12, 10-14, 28-24, 6-10, 32-28, 14-18, 22x15x6, 2x9, 24-19, 9-14, 19-15, 14-17, 12-8, 17-22, 8-12, 22-25, 16-11, 7x16, 12x19, 25-29, 19-23, 29-25, 23-27, 25-22, 27-31, 22-25, 28-24, 25-21, 24-19, 21-25, 31-27, 25-21, 15-10, 21-25, 20-16, 25-30, 27-32, 30-25, 32-28, 25-22, 19-15, 22-18, 10-7, 18x11x2, 16-11, 2-7, 11x2"
875,1,875,0,0,"12-16, 24-19, 10-14, 19x12, 7-10, 22-17, 11-15, 23-19, 15x24, 28x19, 9-13, 19-15, 10x19, 17x10, 6x15, 26-23, 19x26, 31x22, 5-9, 27-23, 2-6, 22-17, 13x22, 25x18x11, 8x15, 12-8, 3x12, 23-19, 15x24, 32-28, 9-13, 28x19, 13-17, 21x14, 4-8, 29-25, 12-16, 19x12x3, 6-9, 14x5, 1-6, 3-8, 6-9, 30-26, 9-14, 5-1, 14-17, 8-11, 17-21, 11-8, 21x30x23, 8-4, 23-19, 1-6, 19-24, 6-1, 24-28, 4-8, 28-24, 1-6"
876,1,876,1,0,"9-14, 22-17, 6-9, 17-13, 2-6, 23-19, 14-17, 21x14, 10x17, 19-15, 11x18, 25-22, 18x25, 30x21x14, 9x18, 29-25, 8-11, 24-20, 6-10, 25-22, 18x25, 27-23, 3-8, 13-9, 5x14, 23-19, 14-18, 19-15, 10x19, 28-24, 19x28, 20-16, 11x20, 26-23, 18x27, 32x23, 1-6, 23-19, 20-24, 31-27, 24x31, 19-16, 12x19"
877,1,877,0,0,"9-13, 22-18, 11-16, 26-22, 16-19, 24x15, 10x19x26, 30x23, 5-9, 31-26, 13-17, 21x14x5, 6-9, 25-21, 1-6, 22-17, 7-11, 26-22, 11-15, 18x11, 8x15, 17-14, 9x18x25, 29x22, 3-8, 22-18, 15x22, 28-24, 22-25, 23-18, 6-9, 24-19, 8-11, 18-15, 11x18, 21-17, 4-8, 5-1, 18-22, 1-6, 25-29, 6x13, 2-6, 19-16, 12x19, 17-14, 29-25, 32-28, 19-24, 27x20, 25-29, 28-24, 6-9, 14x5, 22-26, 24-19, 26-31, 19-15, 8-11, 15x8, 31-26, 8-4, 26-31, 5-1, 31-26, 1-5"
878,1,878,0,1,"10-14, 22-18, 7-10, 21-17, 14x21, 24-19, 12-16, 19x12, 2-7, 18-15, 11x18, 23x14, 9x18, 27-24, 7-11, 24-20, 11-15, 26-22, 10-14, 31-27, 3-7, 12x3x10x19, 6-9, 22x15, 14-18, 15-11, 9-14, 25-22, 18x25, 29x22, 14-18, 22x15, 1-6, 20-16, 21-25, 30x21, 5-9, 11-8, 4x11x20, 21-17, 20-24, 27x20, 6-10, 15x6, 9-14, 17x10"
879,1,879,0,1,"9-13, 24-19, 6-9, 23-18, 1-6, 18-14, 10x17, 21x14, 9x18, 22x15, 11x18, 27-24, 6-10, 26-23, 18x27, 32x23, 5-9, 31-26, 7-11, 23-18, 2-7, 25-22, 13-17, 22x13x6, 11-16, 30-25, 16x23x30x21, 6-1, 10-14, 18x9, 7-11, 1-6, 11-15, 6-1, 21-25, 29x22, 3-7, 24-20, 12-16, 20x11x2, 15-18, 22x15, 8-11, 15x8, 4x11, 2-7, 11-15, 7-11, 15-18, 11-15, 18-23, 15-19, 23-27, 19-23, 27-32, 1-5, 32-27, 23x32"
880,1,880,0,0,"10-14, 22-18, 9-13, 18x9, 5x14, 24-20, 13-17, 20-16, 11x20, 23-19, 12-16, 19x12, 7-10, 26-23, 8-11, 30-26, 20-24, 28x19, 14-18, 23x14x7, 3x10, 21x14x7, 11-16, 26-22, 2x11, 27-23, 1-5, 22-17, 6-9, 12-8, 11-15, 19x10, 4x11, 10-7, 16-20, 32-27, 9-13, 31-26, 13x22x31x24, 23-18, 24-19, 7-3, 19-16, 25-21, 5-9, 3-8, 11-15, 18x11, 16x7, 8-4, 7-10, 4-8, 10-15, 8-11, 15x8, 29-25, 9-13, 25-22, 8-4, 21-17, 4-8, 17-14, 13-17, 22x13, 20-24, 13-9, 8-4, 9-5, 24-27, 14-9, 27-32, 5-1, 32-27, 9-5, 4-8, 1-6, 27-31, 6-9, 8-4"
881,1,881,0,0,"9-13, 23-19, 12-16, 19x12, 5-9, 21-17, 9-14, 24-20, 14x21, 27-24, 11-16, 20x11, 7x16, 22-18, 16-19, 24x15, 10x19, 26-22, 8-11, 32-27, 6-10, 27-24, 13-17, 22x13, 2-7, 24x15x8, 4x11, 12-8, 3x12, 31-26, 10-15, 28-24, 15x22x31, 25-22, 11-16, 13-9, 31-27, 9-5, 27x20, 30-25, 21x30, 29-25, 30x21, 22-17, 21x14"
882,1,882,0,0,"11-16, 22-17, 10-14, 17x10, 7x14, 25-22, 3-7, 21-17, 14x21, 24-20, 8-11, 22-17, 9-13, 28-24, 13x22, 26x17, 11-15, 20x11, 7x16, 23-18, 15x22, 17-13, 22-25, 29x22, 6-10, 22-17, 5-9, 13x6, 2x9, 17-14, 9x18, 31-26, 21-25, 30x21, 1-5, 32-28, 4-8, 27-23, 18x27, 21-17, 16-20, 26-23, 10-14, 17x10, 27-32, 23-18, 20x27, 10-6, 5-9, 18-14, 9x18, 6-1, 27-31, 1-6, 18-22, 6-9, 12-16, 9-13, 22-26, 13-9, 31-27, 28-24, 27x20, 9-6, 32-28, 6-9, 20-24, 9-6, 16-19, 6-9, 24-27, 9-13, 19-24, 13-9, 26-31, 9-13, 31-26"
883,1,883,0,0,"11-16, 24-20, 9-13, 20x11, 7x16, 28-24, 3-7, 24-20, 7-11, 22-17, 13x22, 25x18, 11-15, 18x11, 8x15, 20x11, 4-8, 11x4, 10-14, 21-17, 14x21, 23-18, 15x22, 26x17, 6-10, 30-25, 21x30, 17-14, 10x17, 31-26, 30x23, 27x18, 2-7, 18-15, 7-10, 15x6, 1x10, 32-27, 17-21, 4-8, 5-9, 8-3, 9-13, 29-25, 21x30, 27-23, 10-14, 3-8, 13-17, 23-19, 12-16, 19x12, 14-18, 8-4, 17-22, 4-8, 22-25, 8-3, 25-29, 3-7, 29-25, 12-8, 25-21, 8-3, 18-23, 3-8, 21-25"
884,1,884,0,0,"11-16, 22-18, 9-13, 21-17, 13x22, 26x17, 16-20, 23-19, 10-15, 18x11, 7x16x23, 27x18, 20x27, 31x24, 2-7, 24-19, 7-11, 18-14, 5-9, 14x5, 11-15, 19x10, 6x15, 32-27, 12-16, 17-13, 8-12, 30-26, 1-6, 26-22, 16-20, 22-18, 15x22, 25x18, 6-9, 13x6, 3-8, 28-24, 12-16, 27-23, 20x27, 5-1, 16-20, 18-15, 27-32, 6-2, 32-28, 1-6, 8-12, 6-1, 20-24, 23-18, 28-32, 2-7, 4-8, 1-6, 32-28, 6-10, 28-32, 15-11, 8x15x22, 7-11, 22-25, 29x22, 24-27, 10-15, 32-28, 22-18, 28-32, 11-7, 32-28, 7-11"
885,1,885,0,0,"10-14, 23-19, 6-10, 21-17, 14x21, 27-23, 9-13, 31-27, 12-16, 19x12, 13-17, 22x13, 10-15, 13-9, 5x14, 24-19, 15x24x31x22, 25x18x9, 11-15, 23-18, 15x22, 29-25, 22x29, 30-25, 21x30, 28-24, 7-11, 32-27, 11-15, 9-5, 15-19, 24x15, 2-7, 27-24, 7-11, 15-10, 1-6, 10x1, 29-25, 1-6, 25-21, 5-1, 21-17, 24-19, 17-22, 19-16, 11x20, 6-10, 3-7, 12x3, 7x14, 1-6, 30-25, 6-10, 20-24, 10x17x26, 25-22, 26x17, 24-27, 17-21, 4-8, 3x12, 27-32, 12-8, 32-28, 8-11, 28-24, 11-8, 24-20, 8-11, 20-24"
886,1,886,0,1,"11-16, 24-20, 16-19, 23x16, 12x19, 26-23, 19x26, 30x23, 9-14, 23-18, 14x23, 27x18, 6-9, 22-17, 8-11, 28-24, 11-15, 18x11, 7x16, 20x11, 1-6, 24-19, 9-13, 32-28, 13x22, 25x18, 10-14, 18x9, 6x13, 29-25, 2-7, 11x2, 13-17, 21x14, 4-8, 28-24, 8-12, 25-21, 3-7, 2x11, 5-9, 14x5, 12-16, 11x20"
887,1,887,0,0,"12-16, 21-17, 10-14, 17x10, 7x14, 22-18, 2-7, 25-21, 9-13, 18x9x2, 13-17, 21x14, 8-12, 14-9, 5x14, 24-20, 1-5, 27-24, 11-15, 20x11, 7x16, 24-19, 15x24, 28x19, 16-20, 29-25, 3-7, 2x11, 12-16, 19x12, 14-18, 23x14, 4-8, 11x4, 20-24, 25-21, 24-28, 12-8, 5-9, 14x5"
888,1,888,0,1,"11-16, 23-18, 16-20, 24-19, 12-16, 19x12, 10-14, 27-24, 14x23, 26x19, 20x27, 31x24, 9-13, 21-17, 7-10, 19-15, 10x19, 24x15, 6-10, 15x6, 1x10, 32-27, 3-7, 12x3, 2-6, 22-18, 13x22, 30-26, 22x31x24, 28x19, 5-9, 18-15, 10-14, 3x10x1, 4-8, 25-21, 14-17, 21x14x5, 8-11, 15x8"
889,1,889,0,0,"9-13, 22-18, 10-15, 25-22, 11-16, 18x11, 8x15, 21-17, 6-10, 23-19, 16x23, 26x19, 5-9, 22-18, 13x22, 18x11, 7x16x23, 27x18, 1-5, 18-14, 9x18, 32-27, 10-15, 27-23, 18x27, 30-26, 4-8, 26x17, 2-6, 17-14, 15-19, 24x15, 12-16, 31x24, 5-9, 14x5, 16-20, 15-10, 20x27, 10x1, 27-32, 28-24, 8-12, 24-19, 12-16, 19x12, 3-8, 12x3, 32-27, 1-6, 27-32, 6-2, 32-28, 2-6, 28-24"
890,1,890,0,0,"10-14, 23-18, 14x23, 27x18, 9-13, 22-17, 13x22, 26x17, 5-9, 31-27, 11-16, 24-19, 16x23, 17-14, 23-26, 30x23, 12-16, 14x5, 16-19, 23x16, 7-10, 28-24, 8-12, 25-22, 12x19x28, 21-17, 3-8, 27-23, 10-14, 18x9, 6x13, 22-18, 13x22, 18-15, 8-12, 23-19, 22-25, 29x22, 2-6, 32-27, 28-32, 19-16, 32x23, 15-10, 6x15, 22-18, 12x19, 18x11, 23-26, 11-8, 4x11"
891,1,891,0,0,"11-15, 24-20, 7-11, 27-24, 9-13, 20-16, 12x19, 23x16x7, 2x11, 24-19, 15x24, 28x19, 5-9, 22-18, 11-15, 18x11, 8x15x24, 31-27, 24x31x22, 25x18, 13-17, 21x14x7, 3x10, 18-14, 10x17, 30-26, 4-8, 26-22, 17x26, 32-27, 8-12, 29-25, 1-5, 27-23, 26-30, 25-21, 30-26, 21-17, 26x19, 17-13, 19-16"
892,1,892,0,1,"9-13, 23-18, 10-15, 26-23, 15-19, 23x16, 11x20, 18-15, 7-11, 24-19, 11x18, 22x15, 12-16, 19x12, 5-9, 27-23, 20-24, 28x19, 13-17, 21x14x5, 6-9, 32-27, 9-14, 25-21, 8-11, 15x8, 4x11, 30-25, 3-8, 12x3, 2-7, 3x10x17, 1-6, 19-15, 11x18, 23x14, 6-9, 31-26, 9x18, 27-24, 18-22, 25x18"
893,1,893,0,1,"11-16, 23-18, 8-11, 24-20, 4-8, 22-17, 10-15, 28-24, 15x22, 25x18, 7-10, 27-23, 10-14, 17x10, 6x15x22, 26x17, 11-15, 20x11x4, 3-8, 4x11x18, 2-7, 17-14, 9-13, 18-22, 7-11, 23-19, 12-16, 19x12, 11-16, 22-26, 16-20, 24-19, 5-9, 14x5, 13-17, 21x14, 1-6, 29-25, 20-24, 19-16, 24-27, 32x23, 6-10, 14x7"
894,1,894,1,0,"9-13, 23-19, 12-16, 19x12, 11-16, 26-23, 13-17, 21x14, 10x17x26, 31x22, 16-20, 23-18, 6-9, 18-14, 9x18, 22x15, 1-6, 27-23, 20x27, 28-24, 6-10, 15x6, 2x9, 30-26, 7-11, 23-18, 11-15, 18x11, 8x15, 32x23, 4-8, 26-22, 8-11, 22-17, 9-13, 12-8, 13x22, 25x18, 3x12, 24-19, 15x24, 18-14, 5-9, 14x5, 11-15, 5-1, 15-19, 23x16, 12x19, 1-5, 24-28, 5-1, 19-24, 1-6, 28-32, 6-10, 32-28, 29-25, 24-27, 10-6, 28-32, 6-2, 32-28, 25-22, 28-24, 2-7, 24-19, 7-3, 27-31, 3-8, 19-23, 22-17, 23-27, 8-11, 27-24, 11-7, 24-19, 17-13, 19-15, 13-9, 31-27, 9-6, 15-18, 7-10, 27-24, 10-14, 18x9x2"
895,1,895,1,0,"11-16, 22-18, 7-11, 24-19, 10-14, 25-22, 9-13, 18x9, 5x14, 22-17, 13x22, 26x17x10, 6x15x24, 28x19, 1-6, 23-18, 16x23, 27-24, 23-26, 30x23, 6-9, 31-26, 9-13, 32-27, 11-15, 18x11, 8x15, 24-19, 15x24x31x22, 29-25, 22x29, 21-17, 13x22, 23-19, 12-16, 19x12, 2-6, 12-8, 3x12"
896,1,896,0,0,"11-16, 21-17, 10-15, 17-14, 9x18, 23x14, 6-9, 22-17, 9x18, 26-23, 2-6, 23x14, 16-20, 17-13, 7-10, 14x7, 3x10, 31-26, 5-9, 24-19, 15x24x31x22, 25x18, 20-24, 28x19, 8-11, 30-26, 9-14, 18x9x2, 1-5, 13-9, 5x14, 2-7, 11-15, 7-11, 15x24, 11-15, 10x19, 26-22, 19-23, 32-27, 24x31, 22-18, 14-17, 29-25, 23-27, 18-14, 31-26, 14-9, 26-22, 25x18, 27-31, 18-15, 31-26, 9-6, 4-8, 6-1, 26-22, 1-6, 22-25, 15-11, 8x15, 6-9, 25-29, 9-5, 15-19, 5-9, 19-23, 9-5, 23-27, 5-9, 12-16, 9-5, 16-20, 5-1, 20-24, 1-6, 24-28, 6-9, 27-32, 9-5, 29-25, 5-1, 25-29, 1-6"
897,1,897,1,0,"9-13, 24-20, 11-15, 23-19, 15x24, 28x19, 7-11, 20-16, 11x20, 21-17, 8-11, 26-23, 11-16, 27-24, 20x27, 31x24, 6-9, 30-26, 4-8, 32-27, 16-20, 17-14, 10x17, 25-21, 1-6, 21x14, 9x18x25, 29x22, 3-7, 19-16, 12x19x28, 22-17, 13x22x31x24, 23-18, 7-11, 18-14, 24-19, 14-10, 6x15"
898,1,898,0,1,"11-15, 22-18, 15x22, 25x18, 9-13, 24-19, 8-11, 18-15, 11x18, 23x14, 10x17, 21x14, 4-8, 19-15, 6-10, 15x6, 1x10x17, 29-25, 17-22, 25x18, 5-9, 30-25, 8-11, 26-23, 2-6, 28-24, 7-10, 18-14, 10x17, 23-18, 6-10, 25-22, 17x26, 31x22, 10-14, 24-20, 14x23, 27x18, 11-15, 18x11, 9-14, 32-28, 13-17, 22x13, 14-18, 11-8, 12-16, 20x11, 3x12, 13-9, 18-22, 11-8, 12-16, 9-5, 16-19, 28-24, 19x28, 8-4, 22-25, 4-8, 25-30, 8-11, 30-25, 5-1, 25-30, 11-7, 28-32, 7-10, 30-25, 10-15, 32-28, 15-10, 25-22, 10-15, 22-26, 15-18, 28-24, 1-5, 26-23, 18x27x20"
899,1,899,0,0,"9-14, 21-17, 14x21, 24-20, 12-16, 27-24, 10-14, 23-19, 16x23, 26x19, 8-12, 22-18, 14x23, 31-27, 12-16, 19x12, 4-8, 27x18, 11-15, 18x11x4, 3-8, 4x11, 7x16, 20x11, 6-10, 11-7, 2x11, 24-20, 5-9, 32-27, 11-15, 27-24, 10-14, 25-22, 14-18, 30-26, 18x25, 29x22, 9-13, 22-18, 15x22x31, 12-8, 31-26, 20-16, 26-22, 24-19, 22-17, 19-15, 17-14, 8-3, 21-25, 28-24, 14-10, 15x6, 1x10, 16-11, 10-14, 11-8, 13-17, 8-4, 14-18, 3-7, 18-22, 24-20, 17-21, 20-16, 25-29, 16-11, 22-26, 4-8, 21-25, 7-2, 26-30, 11-7, 30-26, 8-12, 26-23, 2-6, 23-18, 12-16, 18-15, 16-20, 15-19, 6-10, 19-23, 20-16, 23-18, 10-14, 18x9, 16-19, 9-6, 19-16, 6-10, 16-19, 10x3, 19-24, 3-8, 24-20, 8-12, 20-24, 12-16, 24-28, 16-12, 28-24"
900,1,900,0,1,"11-16, 23-19, 16x23, 26x19, 9-13, 19-16, 12x19, 24x15, 10x19, 27-24, 7-11, 24x15, 11x18, 22x15, 8-12, 28-24, 2-7, 15-10, 6x15, 30-26, 7-10, 31-27, 15-18, 26-23, 4-8, 23x14x7, 3x10, 25-22, 5-9, 22-17, 13x22, 21-17, 22-26, 27-23, 12-16, 24-20, 26-30, 20x11x4, 10-14, 17x10, 9-14, 23-19, 1-5, 19-15, 30-25, 29x22, 14-18, 10-6, 18x25, 6-2, 25-29, 32-27, 29-25, 15-11, 25-30, 27-24, 30-26, 11-7, 26-31, 2-6, 31-26, 7-3, 26-23, 6-10, 23-18, 24-19, 18-22, 19-16, 22-18, 3-8, 18-14, 10x17, 5-9, 8-11, 9-14, 17x10"
901,1,901,1,0,"10-14, 24-20, 7-10, 23-19, 14-17, 21x14x7, 3x10, 26-23, 9-14, 20-16, 11x20, 19-15, 10x19x26, 30x23, 2-7, 22-17, 14x21x30, 29-25, 30x21, 28-24, 12-16, 24-19, 8-12, 32-28, 21-25, 28-24, 5-9, 19-15, 7-11, 15x8, 4x11, 23-19, 16x23x32, 24-19, 25-29, 19-16, 12x19, 31-26, 11-15, 26-23, 19x26"
902,1,902,0,0,"11-15, 24-19, 15x24, 27x20, 8-11, 23-18, 4-8, 32-27, 10-15, 27-24, 15-19, 24x15, 7-10, 31-27, 10x19, 22-17, 6-10, 27-23, 9-14, 18x9, 5x14, 23x16x7, 2x11, 17-13, 11-15, 26-23, 14-17, 21x14x7, 3x10, 28-24, 10-14, 24-19, 15x24, 23-18, 14x23, 25-22, 1-6, 30-26, 23x30, 20-16, 12x19, 22-18, 30-26, 18-15, 24-28, 13-9, 6x13, 15-10, 26-31, 10-6, 19-24, 6-2, 24-27, 29-25, 31-26, 25-21, 26-31, 2-6, 8-11, 6-1, 11-16, 21-17, 13x22, 1-5, 16-19, 5-1, 31-26, 1-6, 22-25, 6-9, 28-32, 9-6, 25-29, 6-9, 19-23, 9-14, 29-25, 14-17, 26-30, 17-14, 30-26"
903,1,903,0,1,"9-14, 24-19, 14-18, 22x15, 11x18, 23x14, 10x17, 21x14, 12-16, 19x12, 5-9, 14x5, 7-10, 25-21, 8-11, 26-23, 4-8, 23-19, 6-9, 29-25, 2-6, 25-22, 10-14, 22-18, 14x23, 27x18, 9-14, 18x9x2, 1-6, 2x9, 11-16, 9-14, 16x23, 28-24, 23-27, 32x23, 8-11, 30-26, 11-15, 14-10, 3-7, 10x19, 7-11, 24-20, 11-16, 20x11"
904,1,904,1,0,"9-13, 23-19, 11-15, 26-23, 7-11, 31-26, 5-9, 24-20, 15x24x31, 32-27, 31x24, 28x19, 11-15, 20-16, 15x24, 16-11, 8x15, 22-18, 15x22x31, 21-17, 13x22, 25x18, 1-5, 29-25, 31-27, 30-26, 24-28, 25-22, 28-32, 18-15, 27x18x25, 26-23, 10x19x26"
905,1,905,0,1,"9-13, 22-17, 13x22, 26x17, 6-9, 23-18, 12-16, 25-22, 10-15, 17-13, 16-20, 13x6, 1x10, 30-26, 15-19, 24x15x6, 2x9, 29-25, 9-14, 18x9, 5x14, 27-23, 14-18, 23x14, 7-10, 14x7, 3x10, 22-17, 10-15, 28-24, 20x27, 31x24, 8-12, 26-23, 15-18, 23x14, 12-16, 14-10, 11-15, 25-22, 15-19, 24x15, 16-19, 32-28, 19-23, 17-13, 23-27, 13-9, 27-31, 10-7, 31-26, 7-3, 26x17, 21x14, 4-8, 3x12"
906,1,906,0,0,"9-14, 23-18, 14x23, 27x18, 5-9, 24-20, 11-15, 18x11, 7x16, 20x11, 8x15, 32-27, 9-14, 27-23, 14-17, 21x14x7, 2x11, 25-21, 11-16, 28-24, 1-5, 29-25, 15-19, 24x15, 16-20, 23-19, 4-8, 31-27, 20-24, 27x20, 5-9, 21-17, 12-16, 19x12, 3-7, 12x3x10x1, 9-13, 1-6"
907,1,907,1,0,"10-14, 23-19, 14-18, 22x15, 11x18, 19-16, 12x19, 24x15, 8-12, 27-24, 12-16, 26-22, 9-13, 24-19, 16x23, 28-24, 13-17, 22x13, 4-8, 31-27, 6-9, 13x6, 1x10x19x28, 27-24, 5-9, 25-22, 18x25, 29x22, 9-14, 24-19, 14-18, 22x15, 23-26, 30x23, 7-10, 15x6, 2x9, 21-17, 3-7, 19-16, 7-10, 16-12, 9-13, 12x3, 13x22, 32-27, 10-14, 3-7, 14-17, 7-2, 22-26, 23-19, 17-22, 2-6, 28-32, 6-9, 32x23x16, 9-5, 26-30, 5-1, 22-26, 1-6, 30-25, 6-9, 16-11, 9-13, 25-29, 13-17, 26-31, 17-21, 31-27, 21-25, 29x22"
908,1,908,0,1,"12-16, 23-18, 16-19, 24x15, 10x19, 27-23, 9-13, 23x16, 11x20, 18-14, 7-11, 22-17, 13x22, 25x18, 6-10, 14x7, 3x10, 18-14, 10x17, 21x14, 2-7, 31-27, 7-10, 14x7, 1-6, 7-2, 20-24, 2x9, 24x31x22, 30-26, 22x31, 32-27, 31x24, 28x19, 5x14, 19-15, 11x18, 29-25, 14-17, 25-21, 8-11, 21x14, 4-8, 14-10, 18-23, 10-6, 11-15, 6-2, 8-11, 2-7, 23-27, 7x16, 27-31, 16-12, 31-27, 12-8, 27-32, 8-11, 32-28, 11x18, 28-24, 18-23, 24-19, 23x16"
909,1,909,0,1,"11-16, 21-17, 10-15, 17-14, 9x18, 23x14, 16-20, 22-18, 15x22, 25x18, 6-10, 30-25, 10x17, 18-14, 2-6, 25-21, 5-9, 14x5, 17-22, 26x17, 6-10, 31-26, 1-6, 26-22, 10-15, 27-23, 20x27, 5-1, 7-11, 1x10x19, 12-16, 19x12, 11-16, 12x19, 27-31, 19-24, 31-26, 24-20, 26x19, 32-27, 3-7, 27-23, 19x26, 22-18, 26-23, 29-25, 23x14, 17x10x3x12, 4-8, 12x3"
910,1,910,1,0,"9-13, 22-17, 13x22, 26x17, 11-16, 24-20, 16-19, 23x16, 12x19, 25-22, 5-9, 22-18, 10-15, 18x11, 7x16, 20x11, 8x15, 29-25, 3-7, 17-14, 9x18, 25-22, 18x25, 31-26, 6-9, 26-23, 19x26, 30x23, 2-6, 21-17, 25-29, 27-24, 29-25, 23-18, 15x22, 17-13, 4-8, 24-20, 7-10, 32-27, 25-29, 28-24, 29-25, 24-19, 25-29, 19-16, 29-25, 27-23, 8-12, 16-11, 25-30, 20-16, 12x19x26, 11-8, 26-31, 8-4, 31-27, 4-8, 10-14, 8-12, 27-23, 12-16, 14-17, 16-12, 23-18, 12-16, 9-14, 16-19, 30-25, 19-15, 18x11, 13-9, 6x13"
911,1,911,1,0,"11-15, 24-19, 15x24, 27x20, 9-13, 21-17, 5-9, 17-14, 10x17, 23-19, 7-11, 22-18, 2-7, 19-16, 12x19, 20-16, 11x20, 26-22, 17x26, 30x23x16, 13-17, 31-27, 6-10, 27-24, 20x27, 32x23, 7-11, 16x7, 8-11, 28-24, 10-15, 24-20, 15x22, 25x18, 3x10, 18-15, 10x19x26, 20-16, 11x20, 29-25, 1-6, 25-21, 9-13, 21x14, 6-9, 14x5, 13-17, 5-1, 26-31, 1-5, 4-8, 5-9, 17-22, 9-6, 8-11, 6-1, 20-24, 1-6, 24-27, 6-2, 11-16, 2-7, 16-20, 7-2, 22-26, 2-7, 20-24, 7-11, 24-28, 11-16, 28-32, 16-19, 32-28, 19-24, 28x19"
912,1,912,1,0,"10-14, 23-19, 11-15, 19x10, 6x15, 22-17, 7-10, 26-23, 15-19, 24x15x6, 1x10, 31-26, 3-7, 25-22, 10-15, 17x10x3, 2-6, 29-25, 8-11, 23-19, 15x24x31, 3-8, 11-15, 26-23, 4x11, 32-27, 31x24, 28x19x10x1, 12-16, 22-18, 16-20, 30-26, 9-14, 18x9, 5x14, 23-18, 14x23x30, 21-17, 30x21x14, 1-5, 14-9, 5x14, 20-24, 14-18, 24-27, 18-15, 11x18"
913,1,913,0,1,"12-16, 23-18, 8-12, 24-20, 3-8, 27-24, 9-14, 18x9, 6x13, 22-17, 13x22, 26x17, 16-19, 24x15x6, 1x10, 32-27, 2-6, 31-26, 11-15, 26-22, 12-16, 20x11x2x9, 5x14, 22-18, 15x22, 25x18x9, 8-11, 30-26, 10-14, 17x10, 4-8, 9-6, 8-12, 6-1, 11-16, 26-22, 16-19, 10-7, 19-23, 27x18, 12-16, 1-5, 16-19, 21-17, 19-24, 28x19"
914,1,914,1,0,"12-16, 22-17, 8-12, 24-20, 16-19, 23x16, 12x19, 17-14, 10x17, 21x14, 9x18, 20-16, 11x20, 25-22, 18x25, 30x21, 3-8, 28-24, 19x28, 29-25, 7-11, 26-23, 2-7, 27-24, 20x27, 31x24, 11-15, 32-27, 28-32, 24-20, 8-12, 23-19, 15x24x31, 20-16, 12x19, 21-17, 4-8, 17-13, 32-27, 13-9, 5x14, 25-22, 27-32, 22-18, 14x23"
915,1,915,0,0,"11-16, 22-18, 8-11, 24-20, 10-15, 23-19, 16x23, 26x19x10, 7x14x23, 27x18, 9-14, 18x9, 5x14, 21-17, 14x21, 31-27, 12-16, 30-26, 21x30x23, 27x18, 6-10, 28-24, 3-8, 29-25, 16-19, 24x15x6, 1x10, 32-27, 11-15, 18x11, 8x15, 25-22, 2-6, 20-16, 4-8, 22-17, 8-12, 16-11, 15-18, 27-24, 12-16, 24-19, 16x23, 11-7, 6-9, 7-3, 23-27, 3-8, 27-31, 17-14, 10x17, 8-4, 31-26, 4-8, 26-22, 8-4, 18-23, 4-8, 22-18"
916,1,916,1,0,"10-15, 22-17, 7-10, 25-22, 11-16, 30-25, 15-18, 23x14x7, 2x11, 24-19, 16x23x30, 17-14, 9x18, 22x15, 11x18, 25-22, 18x25, 29x22, 12-16, 27-24, 16-19, 24x15, 30-26, 22-18, 26-30, 31-26, 30x23x14, 21-17, 14x21, 15-11, 8x15, 32-27, 6-9, 27-23, 3-8, 23-18, 15x22, 28-24, 9-14, 24-19, 14-17, 19-16, 22-25, 16-11, 8x15"
917,1,917,0,0,"10-15, 23-19, 7-10, 27-23, 2-7, 22-18, 15x22, 26x17, 11-15, 17-14, 10x17, 21x14, 9x18x27, 32x23, 5-9, 19x10, 6x15, 30-26, 15-19, 24x15, 9-14, 26-22, 7-11, 22-17, 11x18x27, 17x10, 1-6, 31x24, 6x15, 24-20, 8-11, 25-21, 12-16, 21-17, 15-19, 17-13, 3-7, 28-24, 19x28, 13-9, 11-15, 20x11x2, 4-8, 2-7, 8-11, 7x16, 15-19, 16x23, 28-32, 9-5, 32-28, 29-25, 28-24, 23-18, 24-20, 25-22, 20-24, 18-23"
918,1,918,0,0,"10-15, 23-18, 6-10, 24-20, 2-6, 27-23, 9-14, 18x9x2, 15-19, 23x16, 12x19, 21-17, 11-15, 2x11x18, 10-14, 18x9, 5x14x21, 31-27, 8-11, 27-24, 19-23, 26x19, 11-15, 19x10, 4-8, 10-6, 1x10, 32-27, 10-15, 22-17, 3-7, 30-26, 21x30x23x32, 24-19, 15x24, 28x19, 7-10, 29-25, 8-11, 25-21, 32-28, 20-16, 11x20, 19-15, 10x19, 17-14, 28-32, 14-10, 32-27, 10-6, 27-23, 21-17, 20-24, 17-14, 23-26, 14-10, 26-31, 6-1, 19-23, 1-5, 31-26, 5-1, 24-27, 1-6, 26-30, 6-2, 27-31, 10-7, 30-25, 7-3, 25-29, 3-7, 23-27, 2-6, 27-32, 7-10, 32-27, 10-14, 27-23, 14-17, 23-26, 6-2, 29-25, 17-14, 25-22, 14-9, 31-27, 9-5, 26-31, 5-9, 22-25, 2-7, 25-21, 9-5, 21-17, 5-9, 17-22"
919,1,919,0,1,"9-13, 23-18, 13-17, 21x14, 10x17, 22x13, 7-10, 24-19, 10-14, 18x9, 5x14, 25-22, 12-16, 19x12, 14-18, 22x15, 11x18, 27-23, 18x27, 32x23, 1-5, 29-25, 5-9, 28-24, 2-7, 24-20, 7-10, 23-18, 9-14, 18x9x2, 10-14, 20-16, 3-7, 12x3x10x17, 4-8, 26-23, 8-12, 31-27, 12x19x26, 30x23"
920,1,920,0,1,"9-14, 24-20, 14-18, 22x15, 10x19, 23x16, 12x19, 21-17, 11-16, 20x11, 8x15, 17-13, 6-9, 13x6, 1x10, 27-23, 2-6, 23x16, 5-9, 25-21, 7-11, 16x7, 15-18, 32-27, 9-14, 27-23, 18x27, 31x24, 6-9, 7-2, 10-15, 2-6, 15-19, 6x13, 14-18, 24x15, 4-8, 13-17, 8-11, 15x8, 3x12, 29-25, 12-16, 17-13, 16-19, 13-17, 18-22, 25x18, 19-23, 26x19"
921,1,921,1,0,"12-16, 23-18, 11-15, 18x11, 8x15, 24-19, 16x23, 26x19, 15x24, 27x20, 9-14, 28-24, 4-8, 22-17, 10-15, 17x10, 7x14, 25-22, 15-18, 22x15, 3-7, 31-26, 7-11, 30-25, 11x18, 20-16, 8-12, 26-23, 12x19x28, 32-27, 6-10, 27-24, 18x27, 24-19, 2-6, 21-17, 14x21x30, 19-16, 5-9, 16-12, 10-14, 29-25, 30x21, 12-8, 27-32, 8-4, 1-5, 4-8, 9-13, 8-3, 21-25, 3-7, 14-18, 7-11, 18-22, 11-8, 25-21, 8-3, 6-10, 3-7, 21-17, 7x14x21, 22-26, 21-17, 13x22"
922,1,922,0,0,"9-13, 24-19, 10-15, 19x10, 7x14, 27-24, 11-16, 23-18, 14x23, 26x19, 16x23, 30-26, 23x30, 32-27, 5-9, 24-20, 8-11, 27-23, 4-8, 21-17, 30x21x14, 23-19, 14-17, 28-24, 17x26, 31x22, 12-16, 19x12, 2-7, 29-25, 13-17, 22x13, 6-10, 13x6, 1-5, 24-19, 5-9, 19-16, 9-13, 6-1, 10-14, 1-6, 14-18, 6-1, 18-22, 25x18, 11-15, 18x11x4, 3-8, 4x11x2, 13-17, 1-6, 17-22, 6-9, 22-25, 16-11, 25-30, 12-8, 30-26, 9-6, 26-22, 20-16, 22-25, 8-3, 25-30, 6-10, 30-26, 10-7, 26-30, 2-6"
923,1,923,1,0,"11-16, 23-19, 16x23, 27x18, 7-11, 24-19, 11-15, 18x11, 8x15x24, 28x19, 3-7, 19-15, 10x19, 22-18, 12-16, 18-14, 9x18, 25-22, 18x25, 29x22, 19-23, 26x19x12, 6-9, 32-27, 4-8, 12x3x10, 2-6, 27-24, 6x15, 24-19, 15x24, 30-26, 9-13, 31-27, 24x31, 21-17, 5-9, 17-14, 9x18x25, 26-22, 1-5, 22-17, 13x22"
924,1,924,0,0,"9-13, 23-18, 10-15, 18-14, 15-19, 24x15, 11x18, 22x15, 6-9, 21-17, 13x22, 25x18, 1-6, 15-11, 8x15x22, 26x17, 9x18, 30-25, 18-22, 25x18, 3-8, 18-15, 7-11, 15-10, 6x15, 28-24, 12-16, 29-25, 15-18, 27-23, 18x27, 32x23, 16-20, 25-21, 20x27, 31x24, 2-6, 17-13, 8-12, 21-17, 6-10, 23-18, 10-14, 17x10, 11-15, 18x11, 4-8, 11x4, 12-16, 24-20, 5-9, 20x11, 9-14, 11-8, 14-17, 13-9, 17-22, 10-7, 22-26, 8-3, 26-31, 3-8, 31-26"
925,1,925,1,0,"12-16, 24-20, 9-14, 21-17, 14x21, 22-18, 5-9, 26-22, 8-12, 22-17, 11-15, 20x11, 15x22, 25x18, 7x16, 17-14, 10x17, 18-15, 3-7, 15-11, 6-10, 29-25, 2-6, 11x2, 17-22, 25x18, 1-5, 18-14, 10x17, 23-18, 4-8, 30-26, 9-14, 2x9, 14x23x30, 31-26, 5x14, 28-24, 30x23, 27x18x9, 8-11, 32-27, 11-15, 27-23, 21-25, 9-5, 16-19, 23x16, 12x19x28, 5-1, 17-21, 1-6, 15-19, 6-9, 25-29, 9-13, 19-23, 13-9, 28-32, 9-14, 23-27, 14-17, 21-25, 17-14, 32-28, 14-18, 28-24, 18-23, 25-30, 23x32, 24-28, 32-27, 30-25, 27-23, 25-22, 23-27, 28-32, 27-23, 22-17, 23-26, 29-25, 26-23, 17-14, 23-26, 14-9, 26-22, 25x18"
926,1,926,1,0,"9-14, 24-19, 10-15, 19x10, 6x15, 22-18, 15x22, 25x18x9, 5x14, 29-25, 11-16, 27-24, 14-17, 21x14, 7-10, 14x7, 3x10, 23-19, 16x23, 26x19, 2-6, 30-26, 1-5, 19-16, 12x19, 24x15, 10x19, 26-23, 19x26, 31x22, 8-11, 28-24, 11-15, 32-27, 4-8, 22-18, 15x22x29, 24-20, 5-9, 27-24, 9-14, 24-19, 14-17, 20-16, 29-25, 19-15, 25-29, 15-10, 6x15, 16-11, 8-12, 11-8, 17-22, 8-3, 22-26, 3-7, 29-25, 7-10, 25-22, 10x19, 22-17, 19-24, 26-30, 24-20, 17-21, 20-16, 12x19"
927,1,927,1,0,"11-16, 21-17, 16-20, 24-19, 7-11, 19-15, 10x19, 23x16x7, 3x10, 27-23, 9-14, 28-24, 14x21, 32-27, 6-9, 23-18, 10-15, 18x11, 8x15, 22-17, 1-6, 17-14, 9x18, 26-23, 6-10, 23x14x7, 2x11, 27-23, 20x27, 31x24, 12-16, 23-19, 16x23, 24-19, 15x24, 30-26, 21x30, 26x19, 30-25, 29x22, 5-9, 22-18, 24-27, 18-15, 11x18, 19-15, 9-13, 15-10, 18-22, 10-7, 27-32, 7-3, 32-28, 3-8, 4x11"
928,1,928,0,1,"9-13, 23-19, 6-9, 27-23, 11-15, 32-27, 2-6, 21-17, 12-16, 19x12, 10-14, 17x10, 7x14, 24-20, 15-18, 22x15, 6-10, 15x6, 1x10, 27-24, 13-17, 26-22, 17x26, 31x22, 10-15, 20-16, 14-17, 22x13x6, 3-7, 12x3x10x19, 4-8, 25-21, 5-9, 29-25, 8-12, 16-11, 9-14, 6-2, 14-17, 21x14, 12-16, 19x12"
929,1,929,1,0,"10-15, 24-19, 15x24, 27x20, 11-15, 23-18, 6-10, 18x11, 7x16, 20x11, 8x15, 22-18, 15x22, 25x18, 3-7, 18-15, 10x19, 28-24, 19x28, 21-17, 7-11, 26-22, 9-14, 17x10, 11-15, 10-6, 1x10, 22-18, 15x22, 32-27, 4-8, 30-25, 12-16, 25x18, 16-19, 18-15, 10-14, 31-26, 2-7, 15-11, 7x16, 26-22, 28-32, 27-24, 19x28, 22-17, 14x21, 29-25, 21x30"
930,1,930,1,0,"9-14, 23-19, 11-16, 22-18, 14x23, 27x18, 16x23, 26x19, 10-15, 19x10, 7x14x23, 31-26, 23-27, 32x23, 3-7, 25-22, 7-10, 21-17, 10-15, 22-18, 15x22x31, 29-25, 31-27, 23-18, 27x20, 17-13, 6-9, 13x6, 1x10, 18-15, 10x19, 25-21, 5-9, 30-25, 9-13, 21-17, 13x22x29, 28-24, 19x28"
931,1,931,1,0,"10-14, 24-19, 11-16, 27-24, 7-10, 19-15, 10x19, 24x15, 14-18, 23x14, 9x18, 15-11, 8x15, 21-17, 6-10, 25-21, 18x25, 29x22, 5-9, 28-24, 2-6, 26-23, 3-8, 23-19, 16x23, 17-14, 9x18x25, 30-26, 23x30, 24-19, 15x24, 21-17, 1-5, 17-14, 10x17, 32-27, 17-21, 27x20, 6-10, 31-26, 30x23, 20-16, 12x19"
932,1,932,0,0,"9-13, 24-19, 11-16, 19-15, 10x19, 23-18, 13-17, 22x13, 19-23, 26x19, 16x23, 13-9, 6x13, 27-24, 12-16, 32-27, 23x32, 31-27, 32x23x14, 25-22, 8-11, 21-17, 14x21, 22-18, 11-15, 18x11, 5-9, 30-26, 1-5, 11-8, 4x11, 24-20, 2-6, 26-23, 16-19, 23x16, 13-17, 28-24, 9-14, 24-19, 3-8, 29-25, 21x30, 16-12, 17-21, 12x3x10x17, 6-9, 17-13, 30-25, 13x6, 25-29, 19-15, 11x18, 6-9, 5x14, 20-16, 29-25, 16-12, 18-22, 12-8, 22-26, 8-4, 14-17, 4-8, 26-30, 8-12, 17-22, 12-8, 22-26, 8-11, 25-29, 11-7, 29-25, 7-2, 25-29, 2-7"
933,1,933,0,1,"9-13, 23-19, 10-15, 19x10, 7x14, 24-19, 3-7, 27-23, 7-10, 22-17, 13x22, 26x17, 12-16, 19x12x3, 4-8, 3x12, 11-15, 32-27, 15-19, 23x16, 10-15, 17x10, 6-9, 16-11, 2-7, 11x2, 15-19, 21-17, 19-24, 27x20, 1-6, 10x1, 9-13, 12-8, 13x22, 25x18, 5-9, 8-11, 9-13, 2-7, 13-17, 18-14, 17-21, 7-10, 21-25, 29x22"
934,1,934,0,1,"12-16, 23-19, 16x23, 26x19, 9-14, 24-20, 14-17, 22x13, 11-15, 27-23, 15x24, 28x19, 7-11, 31-27, 3-7, 20-16, 11x20, 30-26, 6-9, 13x6, 2x9, 21-17, 10-15, 19x10x3x12, 20-24, 27x20, 9-13, 25-22, 1-6, 23-18, 4-8, 12x3, 6-9, 32-28, 9-14, 18x9, 5x14x21, 22-18, 13-17, 18-14, 17-22, 26x17, 21-25, 29x22"
935,1,935,1,0,"11-15, 23-18, 12-16, 18x11, 8x15, 22-18, 15x22, 25x18, 10-14, 18-15, 3-8, 27-23, 14-17, 21x14, 9x18x27, 32x23, 16-19, 23x16, 7-10, 31-27, 10x19, 24x15, 8-12, 28-24, 12x19x28, 29-25, 6-10, 15x6, 2x9, 26-23, 9-13, 23-19, 13-17, 30-26, 28-32, 25-22, 32x23x16, 22x13, 16-11, 26-23, 5-9, 13x6, 1x10, 23-19, 11-8, 19-15, 10x19"
936,1,936,1,0,"9-13, 22-18, 11-16, 18-15, 10x19, 24x15, 16-20, 21-17, 13x22, 25x18, 12-16, 27-24, 20x27, 31x24, 8-12, 18-14, 7-11, 15x8, 4x11, 23-19, 16x23, 26x19, 6-9, 19-16, 11x20x27, 32x23, 9x18x27, 28-24, 27-32, 24-20, 32-27, 30-26, 27-31, 20-16, 12x19, 26-23, 19x26, 29-25, 5-9, 25-22, 9-13, 22-18, 2-7, 18-15, 7-11, 15x8, 3x12"
937,1,937,1,0,"11-16, 23-18, 10-15, 18x11, 8x15, 21-17, 16-19, 24-20, 9-13, 28-24, 19x28, 20-16, 12x19, 22-18, 13x22, 26x17, 15x22, 25x18, 4-8, 31-26, 8-12, 18-15, 5-9, 17-14, 9x18, 15-11, 7x16, 27-23, 18x27, 32x23, 1-5, 26-22, 19x26, 30x23, 16-20, 23-19, 3-8, 22-18, 20-24, 19-16, 12x19, 18-14, 6-9, 29-25, 9x18, 25-22, 18x25"
938,1,938,0,1,"9-14, 22-18, 11-15, 18x9, 6x13, 26-22, 2-6, 30-26, 6-9, 23-18, 7-11, 26-23, 11-16, 18x11, 8x15, 22-17, 13x22, 25x18x11, 3-8, 21-17, 8x15, 17-13, 15-19, 24x15x6, 1x10, 13x6, 16-19, 23x16, 12x19, 27-23, 19x26, 31x22, 10-14, 32-27, 14-17, 22x13, 5-9, 6-1, 9-14, 27-23, 14-18, 23x14, 4-8, 28-24, 8-12, 14-9, 12-16, 9-5, 16-19, 24x15"
939,1,939,0,1,"11-15, 23-18, 7-11, 24-20, 9-14, 18x9, 6x13, 27-24, 15-18, 22x15x6, 1x10, 32-27, 12-16, 26-22, 10-14, 21-17, 14x21, 31-26, 16-19, 24x15, 11x18, 22x15, 2-7, 25-22, 7-10, 15x6, 5-9, 27-23, 13-17, 22x13, 3-7, 6-1, 9-14, 20-16, 14-18, 23x14, 21-25, 29x22, 7-10, 14x7, 8-12, 13-9, 12x19, 22-17, 19-24, 28x19, 4-8, 17-14, 8-11, 14-10, 11-16, 19x12"
940,1,940,1,0,"9-14, 24-20, 11-15, 27-24, 15-19, 23x16, 12x19, 24x15, 10x19, 21-17, 14x21, 28-24, 19x28, 26-23, 8-11, 22-18, 5-9, 25-22, 21-25, 30x21, 9-14, 18x9, 6x13, 22-17, 13x22, 23-18, 11-15, 18x11, 7x16, 20x11, 3-8, 32-27, 8x15, 29-25, 22x29, 27-24, 1-6, 24-20, 4-8, 31-26, 15-18, 20-16, 6-10, 16-11, 8x15, 26-22, 18x25, 21-17, 25-30, 17-14, 10x17"
941,1,941,0,0,"12-16, 23-18, 9-13, 18-14, 10x17, 21x14, 5-9, 14x5, 16-19, 24x15, 11x18, 22x15, 7-10, 27-24, 10x19, 24x15, 2-7, 26-23, 13-17, 25-21, 8-12, 21x14, 6-10, 15x6, 1x10x17, 31-26, 17-21, 28-24, 21-25, 29x22, 4-8, 23-18, 12-16, 18-15, 7-10, 15x6, 8-12, 30-25, 16-20, 22-18, 20x27, 32x23, 3-8, 5-1, 12-16, 6-2, 8-12, 26-22, 16-20, 23-19, 12-16, 19x12, 20-24, 2-6, 24-27, 6-2, 27-32, 12-8, 32-28, 1-5, 28-24, 22-17, 24-27, 2-6, 27-32, 6-2, 32-28"
942,1,942,0,1,"9-14, 22-17, 12-16, 24-19, 14-18, 19x12, 18-22, 25x18, 5-9, 18-14, 9x18, 23x14, 1-5, 28-24, 6-9, 24-20, 9x18, 17-14, 10x17, 21x14, 5-9, 14x5, 18-22, 26x17, 7-10, 20-16, 11x20, 5-1, 20-24, 27x20, 3-7, 12x3, 4-8, 3x12, 2-6, 30-25, 10-15, 1x10x19, 7-10, 25-21, 10-14, 17x10"
943,1,943,1,0,"10-15, 22-17, 7-10, 26-22, 15-19, 23x16x7, 2x11, 27-23, 12-16, 31-27, 9-13, 22-18, 13x22, 23-19, 16x23, 24-19, 22-26, 18-15, 11x18, 21-17, 26-31, 19-15, 10x19, 28-24, 19x28, 25-22, 31x24, 22x15, 23-27, 32x23, 24-27, 15-10, 6x15, 23-18, 15x22, 17-14, 3-7, 30-26, 22x31, 14-9, 5x14, 29-25, 1-5, 25-21, 8-11, 21-17, 14x21"
944,1,944,1,0,"10-14, 22-18, 9-13, 18x9, 5x14, 21-17, 14x21, 25-22, 12-16, 24-19, 8-12, 23-18, 16x23, 26x19, 4-8, 22-17, 13x22, 18-15, 11x18, 29-25, 22x29, 30-25, 21x30, 19-16, 12x19, 31-26, 30x23, 28-24, 19x28, 27-24, 6-9, 24-20, 7-10, 20-16, 29-25, 16-11, 8x15, 32-27, 23x32"
945,1,945,0,1,"12-16, 24-20, 9-13, 22-18, 10-14, 18x9, 5x14, 26-22, 14-18, 22x15, 11x18, 23x14, 8-11, 30-26, 11-15, 20x11, 7x16, 25-22, 2-7, 28-24, 7-10, 14x7, 3x10, 22-17, 13x22, 26x17, 10-14, 17x10, 16-20, 27-23, 20x27, 31x24, 1-5, 10x1, 15-18, 23x14, 5-9, 14x5, 4-8, 1-6, 8-11, 6-1, 11-15, 32-28, 15-19, 24x15"
946,1,946,0,0,"10-15, 23-19, 15-18, 22x15, 11x18, 26-23, 7-10, 23x14x7, 2x11, 21-17, 3-7, 17-14, 9x18, 31-26, 18-23, 27x18, 6-9, 25-22, 11-15, 18x11x2, 8-11, 30-25, 9-14, 22-17, 14x21x30x23x16, 24-19, 16x23, 2-6, 1x10, 28-24, 11-16, 32-27, 23x32, 24-19, 16x23, 29-25, 5-9, 25-21, 12-16, 21-17, 10-14, 17x10, 16-20, 10-6, 32-28, 6-1, 23-27, 1-6, 28-32"
947,1,947,0,1,"10-15, 21-17, 9-14, 17x10, 7x14, 22-18, 15x22, 25x18x9, 5x14, 23-19, 14-17, 26-22, 17x26, 30x23, 3-7, 31-26, 12-16, 19x12x3x10, 6x15, 24-19, 15x24x31x22, 29-25, 22x29, 23-19, 4-8, 19-16, 11x20, 32-27, 20-24, 27x20, 8-12, 28-24, 2-7, 24-19, 12-16, 19x12, 1-5, 12-8, 5-9, 8-3, 9-14, 3x10x17, 29-25, 20-16, 25-29, 16-12, 29-25, 12-8, 25-29, 17-21, 29-25, 21x30"
948,1,948,0,1,"10-14, 22-18, 11-15, 18x11, 8x15, 24-20, 6-10, 28-24, 14-17, 21x14, 10x17, 25-22, 2-6, 22x13, 12-16, 20x11x2, 15-19, 23x16, 3-7, 2x11, 4-8, 11x4, 6-10, 13x6, 10-15, 4-8, 1x10, 24-20, 15-18, 27-24, 18-23, 26x19, 5-9, 32-28, 9-14, 30-26, 14-18, 16-11, 18-23, 8-3, 23x30, 19-15, 10x19, 24x15, 30-25, 29x22"
949,1,949,0,0,"10-14, 22-17, 6-10, 25-22, 10-15, 17x10, 7x14, 22-18, 15x22, 26x17x10, 12-16, 24-20, 3-7, 10x3x12x19, 9-13, 28-24, 4-8, 29-25, 11-15, 19x10, 8-11, 24-19, 5-9, 25-22, 9-14, 10x17, 11-15, 19x10, 1-5, 32-28, 5-9, 30-26, 9-14, 28-24, 2-6, 10x1, 14-18, 23x14"
950,1,950,0,0,"11-16, 22-18, 8-11, 24-20, 10-14, 28-24, 4-8, 24-19, 7-10, 25-22, 14-17, 22x13, 10-15, 19x10, 6x15x22, 26x17, 1-6, 27-24, 2-7, 30-26, 11-15, 20x11x4, 7-10, 17-14, 9x18x27, 32x23, 15-18, 23x14x7, 3x10, 29-25, 5-9, 26-23, 10-15, 31-27, 15-19, 23x16, 12x19x28, 27-23, 28-32, 4-8, 32-28, 23-19, 28-32, 19-16, 32-28, 8-4, 6-10, 13x6, 10-14, 16-12, 14-17, 21x14, 28-24, 12-8, 24-19, 25-21, 19-24, 8-3, 24-27, 21-17, 27-24, 3-8"
951,1,951,0,0,"11-15, 21-17, 15-18, 23x14, 9x18, 22x15, 10x19, 24x15, 5-9, 25-21, 12-16, 28-24, 1-5, 27-23, 7-11, 23-18, 9-13, 26-23, 13x22, 24-19, 16-20, 32-28, 2-7, 28-24, 20x27, 31x24, 8-12, 15x8, 4x11, 18-14, 12-16, 19x12, 22-26, 29-25, 6-9, 24-20, 9x18x27, 30x23, 11-16, 20x11x2, 5-9, 2-6, 27-31, 6x13, 3-7, 12-8, 7-11, 13-9, 31-27, 23-18, 27-31, 9-5, 31-26, 21-17, 26-31, 5-9"
952,1,952,0,1,"10-14, 22-18, 12-16, 25-22, 6-10, 22-17, 11-15, 18x11, 8x15, 30-25, 15-19, 24x15x6, 1x10, 28-24, 16-19, 23x16, 9-13, 25-22, 10-15, 17x10, 7x14, 29-25, 2-6, 22-18, 14x23x30, 16-12, 5-9, 27-23, 3-8, 12x3, 15-19, 24x15, 13-17, 21x14x5, 30x21, 3-7, 6-9, 15-11, 4-8, 11x4, 21-25, 5-1, 9-13, 4-8, 25-29, 1-6, 29-25, 6-9, 25-21, 7-11, 21-17, 11-15, 17-21, 23-18, 21-17, 31-26, 17-22, 26x17, 13x22, 15-11, 22-26, 11-16, 26-31, 16-11, 31-27, 32x23"
953,1,953,0,0,"12-16, 22-18, 10-15, 26-22, 7-10, 24-19, 15x24, 27x20, 8-12, 21-17, 4-8, 17-14, 10x17x26, 31x22, 3-7, 28-24, 6-10, 30-26, 9-14, 18x9, 5x14, 23-18, 14x23x30x21, 29-25, 21x30, 22-18, 11-15, 18x11x4, 30-25, 20x11, 7x16, 24-20, 16-19, 32-28, 19-24, 28x19, 2-6, 20-16, 25-29, 19-15, 12x19, 4-8, 10-14, 8-3, 14-17, 3-8, 17-22, 15-11, 6-10, 8-3, 19-24, 11-8, 22-26, 8-4, 26-30, 4-8, 10-15, 8-12, 1-6, 3-8, 29-25, 8-3, 6-10, 3-7, 15-19, 7x14, 24-28, 14-18, 19-24, 12-8, 30-26, 18-15, 24-27, 15-11, 26-31, 11-7, 27-32, 7-3, 32-27, 3-7"
954,1,954,0,0,"11-15, 23-19, 9-14, 21-17, 14x21, 19-16, 12x19, 27-23, 7-11, 23x16x7, 2x11, 26-23, 10-14, 31-27, 3-7, 30-26, 21x30, 29-25, 30x21, 23-19, 15-18, 22x15, 11x18, 19-15, 8-12, 26-22, 18x25, 24-20, 7-10, 15-11, 5-9, 11-7, 14-18, 7-2, 12-16, 20x11, 10-15, 27-24, 25-29, 24-19, 15x24, 28x19, 9-13, 2x9, 18-22, 19-16, 29-25, 16-12, 25-30, 12-8, 13-17, 9-6, 1x10, 32-28, 21-25, 28-24, 10-15, 24-20, 25-29, 11-7, 4x11, 7-2, 29-25, 2-7, 15-19, 7x16x23, 25-21, 23-27, 30-25, 27-24, 25-30, 24-28, 22-26, 20-16, 30-25, 28-32, 25-29, 16-12, 26-30, 32-28, 29-25, 28-32, 25-29"
955,1,955,1,0,"11-15, 22-17, 9-14, 26-22, 14-18, 23x14, 12-16, 24-19, 16x23, 27x18x11, 8x15, 31-27, 4-8, 14-9, 5x14, 30-26, 15-19, 28-24, 19x28, 27-23, 8-11, 32-27, 6-9, 27-24, 14-18, 22x15x6, 1x10, 17-13, 11-15, 13x6, 2x9, 23-19, 28-32, 24-20, 15x24, 21-17, 9-13, 26-23, 13x22, 25x18, 10-15, 18x11x2, 32-27, 2-7, 3x10, 29-25, 27x18, 25-22, 18x25, 20-16, 24-27, 16-12, 25-21, 12-8, 10-14, 8-3, 14-18, 3-8, 18-23, 8-3, 21-17, 3-7, 17-14, 7-3, 27-31, 3-7, 31-26, 7-10, 14x7"
956,1,956,1,0,"10-14, 24-19, 9-13, 28-24, 14-18, 23x14, 11-16, 22-17, 16x23, 26x19, 13x22, 25x18, 8-11, 27-23, 11-16, 14-10, 7x14, 18x9, 5x14, 19-15, 3-8, 32-28, 14-18, 23x14, 6-10, 14x7, 2x11x18, 30-25, 18-22, 25x18, 16-19, 24x15, 12-16, 15-11, 8x15x22, 29-25, 22x29, 31-27, 16-20, 28-24, 4-8, 27-23, 20x27, 23-18, 1-6, 21-17, 6-10, 17-14, 10x17, 18-15, 17-22, 15-11, 8x15"
957,1,957,1,0,"9-13, 23-18, 5-9, 26-23, 11-16, 18-15, 10x19x26, 30x23, 16-20, 22-18, 7-10, 23-19, 3-7, 19-15, 10x19, 24x15, 8-11, 15x8, 4x11, 27-23, 11-15, 18x11, 7x16, 31-26, 9-14, 21-17, 14x21x30, 23-18, 30x23x14, 32-27, 16-19, 28-24, 19x28, 29-25, 28-32, 25-21, 32x23, 21-17, 13x22"
958,1,958,0,0,"12-16, 21-17, 11-15, 24-20, 7-11, 25-21, 8-12, 23-18, 2-7, 17-13, 15-19, 27-24, 4-8, 24x15, 10x19, 22-17, 11-15, 20x11x2, 15x22, 30-25, 19-24, 28x19, 9-14, 25x18x9, 5x14, 17x10, 6x15x24, 31-27, 24x31x22, 2-6, 1x10, 32-28, 10-14, 13-9, 22-26, 9-5, 3-7, 28-24, 26-22, 24-20, 22-25, 29x22, 14-18, 22x15, 7-11, 21-17, 11x18, 20-16, 12x19, 17-13, 18-23, 13-9, 8-12, 9-6, 23-26, 6-1, 26-30, 1-6, 19-23, 6-9, 23-27, 9-6, 30-26, 6-9, 26-31, 9-13, 27-32, 13-9, 32-27"
959,1,959,0,1,"10-14, 24-20, 14-17, 21x14, 9x18, 23x14, 12-16, 27-24, 6-10, 26-23, 10x17x26, 31x22, 16-19, 23x16, 1-6, 22-18, 7-10, 16x7, 2x11, 24-19, 10-14, 18x9x2, 8-12, 25-22, 5-9, 30-25, 4-8, 22-17, 11-16, 20x11x4, 9-14, 17x10, 12-16, 19x12, 3-7, 2x11"
960,1,960,1,0,"10-15, 21-17, 12-16, 23-19, 16x23, 27x18, 9-13, 24-20, 8-12, 25-21, 5-9, 20-16, 12x19, 26-23, 19x26, 30x23, 6-10, 18-14, 9x18x25, 29x22, 10-14, 17x10, 7x14, 22-17, 13x22, 31-26, 22x31, 21-17, 14x21, 23-18, 15x22, 32-27, 31x24, 28x19, 4-8, 19-16, 11x20"
961,1,961,0,0,"9-13, 24-19, 13-17, 21x14, 10x17, 22x13, 7-10, 19-16, 12x19, 23x16x7, 2x11, 13-9, 5x14, 27-23, 3-7, 26-22, 14-18, 23x14, 10x17x26, 31x22, 11-16, 28-24, 6-9, 24-19, 16x23, 25-21, 7-11, 32-28, 9-13, 28-24, 11-16, 24-20, 23-27, 20x11, 8x15, 29-25, 1-5, 22-17, 13x22x29, 30-26, 15-18, 26-23, 4-8, 23x14, 27-32, 14-10, 5-9, 10-6, 8-12, 21-17, 32-27, 17-14, 9x18, 6-1, 12-16, 1-5, 27-32, 5-1, 18-23, 1-6, 32-28, 6-2, 28-32, 2-7, 32-28, 7-3, 29-25, 3-8, 28-32, 8-4, 23-27, 4-8, 32-28"
962,1,962,1,0,"11-15, 22-18, 15x22, 26x17, 12-16, 31-26, 9-13, 23-18, 13x22x31, 30-26, 31x22x15, 25-22, 8-12, 29-25, 15-18, 22x15, 10x19, 24x15, 6-9, 25-22, 2-6, 15-10, 6x15, 27-23, 4-8, 22-17, 7-11, 23-19, 16x23, 17-14, 9x18, 32-27, 23x32, 28-24, 12-16, 21-17, 16-20, 17-14, 20x27, 14-9, 5x14"
963,1,963,0,0,"9-13, 22-18, 11-15, 18x11, 8x15, 24-19, 15x24, 28x19, 12-16, 19x12, 7-11, 21-17, 13x22, 26x17, 10-15, 12-8, 3x12, 17-13, 4-8, 23-18, 15x22, 25x18, 11-16, 18-15, 16-20, 27-23, 12-16, 30-25, 8-11, 15x8, 5-9, 31-27, 16-19, 23x16, 9-14, 16-12, 14-17, 13-9, 6x13, 25-22, 17x26, 8-3, 20-24, 27x20, 1-5, 3-7, 2x11, 29-25, 13-17, 32-27, 26-30, 20-16, 30x21, 16x7, 21-25, 7-3, 17-21, 3-7, 5-9, 12-8, 9-13, 7-11, 13-17, 11-16, 25-22, 27-24, 22-26, 24-20, 26-23, 16-11, 17-22, 8-4, 23-19, 11-16, 19x12, 20-16, 12x19, 4-8, 19-16, 8-12, 21-25, 12x19, 25-29, 19-24, 29-25, 24-28, 25-29, 28-24"
964,1,964,0,1,"10-14, 22-18, 11-15, 18x11, 8x15, 24-19, 15x24, 27x20, 12-16, 20x11, 7x16, 23-19, 16x23, 26x19, 3-8, 31-27, 8-11, 19-16, 11x20, 27-24, 20x27, 32x23, 6-10, 30-26, 14-17, 21x14x7, 2x11, 25-22, 9-13, 22-18, 11-15, 18x11, 4-8, 11x4, 13-17, 23-19, 1-6, 19-16, 17-21, 28-24, 6-9, 26-23, 9-14, 16-11, 14-17, 11-7, 21-25, 29x22x13, 5-9, 13x6"
965,1,965,1,0,"9-14, 23-18, 14x23, 27x18, 11-15, 18x11, 7x16, 24-20, 6-9, 20x11, 8x15, 22-17, 9-13, 28-24, 13x22, 26x17, 5-9, 32-27, 2-6, 31-26, 3-7, 26-22, 1-5, 22-18, 15x22, 25x18, 12-16, 24-20, 4-8, 20x11x4, 9-13, 30-26, 13x22x31x24, 18-15, 10x19, 21-17, 7-11, 4-8, 11-16, 29-25, 24-27, 25-22, 19-24, 17-14, 27-31, 8-12, 24-28, 12x19, 28-32, 22-18, 32-27, 19-23, 27-24, 14-9, 6x13, 23-19, 24x15x22"
966,1,966,0,1,"9-14, 22-18, 14-17, 21x14, 10x17, 24-20, 17-21, 28-24, 6-10, 26-22, 1-6, 30-26, 21x30, 22-17, 11-16, 20x11, 7x16, 24-19, 10-15, 18x11, 8x15x24, 27x20x11, 30-25, 29x22, 6-9, 22-18, 3-8, 17-13, 8x15x22, 13x6, 2x9, 26x17, 9-14, 17x10, 5-9, 31-26, 9-13, 10-6, 4-8, 32-27, 13-17, 23-18, 17-22, 26x17, 8-11, 18-14, 11-16, 17-13, 16-19, 14-9, 12-16, 6-2, 19-23, 27x18, 16-20, 2-6, 20-24, 18-15, 24-27, 9-5, 27-31, 15-10, 31-27, 6-9, 27-24, 10-7, 24-27, 9-14, 27-23, 13-9, 23-19, 9-6, 19-23, 5-1, 23-18, 14x23"
967,1,967,0,1,"12-16, 22-18, 9-14, 18x9, 5x14, 25-22, 11-15, 22-18, 15x22, 26x17, 1-5, 23-19, 16x23, 27x18x9, 6x13x22, 24-20, 22-25, 29x22, 2-6, 30-25, 5-9, 31-27, 8-11, 20-16, 11x20, 22-18, 20-24, 28x19, 9-13, 19-16, 10-15, 18x11x2x9, 3-7, 21-17, 13x22x29, 16-12, 4-8, 12x3x10, 29-25, 9-5, 25-21, 5-9, 21-17, 10-7, 17-14, 9x18"
968,1,968,0,0,"10-14, 22-17, 12-16, 17x10, 7x14, 25-22, 9-13, 21-17, 14x21, 22-18, 6-9, 29-25, 2-7, 24-19, 11-15, 19x12, 15x22x29, 28-24, 9-14, 24-20, 7-11, 20-16, 11x20, 30-25, 21x30, 26-22, 8-11, 23-18, 14x23, 27x18, 3-7, 31-27, 11-15, 18x11x2, 1-6, 2x9, 5x14, 22-18, 14x23, 27x18, 29-25, 32-27, 4-8, 12x3, 30-26, 18-14, 26-30, 3-8, 25-21, 8-12, 13-17, 27-24, 20x27, 14-9, 30-25, 12-16, 25-29, 9-6, 27-31, 16-19, 31-27, 19-16"
969,1,969,0,1,"11-16, 21-17, 10-14, 17x10, 6x15, 22-18, 15x22, 26x17, 1-6, 24-19, 9-14, 17x10x1, 16-20, 31-26, 12-16, 19x12, 2-6, 1x10, 7x14, 23-19, 3-7, 12x3x10x17, 20-24, 27x20, 5-9, 28-24, 9-13, 25-21, 13x22x31, 21-17, 4-8, 32-27, 31-26, 30x23, 8-12, 19-15, 12-16, 20x11"
970,1,970,1,0,"11-15, 22-18, 15x22, 26x17, 10-14, 17x10, 7x14, 23-19, 14-17, 21x14, 9x18, 25-21, 18-22, 31-26, 22x31, 19-16, 12x19, 24x15, 31x24, 28x19, 5-9, 21-17, 9-13, 32-28, 13x22, 30-25, 1-5, 25x18, 5-9, 15-10, 6x15x24, 28x19, 8-11, 19-16, 11x20, 18-15, 9-14, 15-10, 2-6, 10x1, 3-7, 1-6, 20-24, 6-9, 7-11, 9x18, 11-16, 18-23, 16-20, 23-26, 24-27, 26-22, 27-32, 22-17, 4-8, 17-21, 8-11, 21-17, 32-27, 29-25, 20-24, 25-21, 27-23, 17-13, 24-27, 13-9, 23-26, 9-14, 26-22, 21-17, 22x13, 14-17, 13x22"
971,1,971,0,1,"10-15, 24-20, 9-14, 22-17, 7-10, 23-18, 14x23, 26x19, 15x24, 28x19, 2-7, 32-28, 12-16, 19x12, 10-15, 20-16, 11x20, 27-23, 5-9, 17-14, 9x18x27, 31x24, 20x27, 30-26, 6-10, 25-22, 1-5, 29-25, 27-31, 28-24, 15-19, 24x15x6, 31-27, 22-17, 27-32, 6-2, 32-27, 2x11, 8x15, 17-14, 5-9, 14x5, 27-23, 26x19x10, 3-8, 12x3, 4-8, 3x12"
972,1,972,0,1,"10-14, 22-18, 14-17, 21x14, 6-10, 18-15, 10x19, 24x15, 11x18, 23-19, 8-11, 26-23, 2-6, 27-24, 18x27, 32x23, 9x18x27, 25-21, 7-10, 30-25, 12-16, 19x12, 3-7, 25-22, 11-16, 24-20, 10-14, 20x11x2x9x18, 27-32, 28-24, 4-8, 12x3, 5-9, 18-23, 9-13, 24-20, 32-28, 23-27, 1-5, 27-32, 5-9, 31-27, 13-17, 22x13x6, 28-24, 32-28, 24x31, 21-17, 31-27, 6-1, 27-23, 28-24, 23-26, 1-5, 26-31, 17-14, 31-27, 24x31"
973,1,973,1,0,"10-14, 24-20, 14-18, 22x15, 11x18, 23x14, 9x18, 20-16, 12x19, 25-22, 18x25, 29x22, 5-9, 22-17, 8-11, 30-25, 11-16, 27-23, 3-8, 26-22, 19x26, 17-13, 16-19, 21-17, 9-14, 17x10x3x12, 1-5, 25-21, 26-30, 12-8, 4x11, 13-9, 6x13, 22-18, 2-7, 18-14, 19-23, 31-26, 11-15, 26x19x10x3, 30-26, 28-24, 26-22, 3-8, 22-18, 14-9, 5x14, 8-4, 18-23, 32-27, 23x32, 21-17, 14x21, 24-20, 32-28, 4-8, 28-32, 8-12, 32-27, 12-8, 27-31, 8-12, 31-26, 12-16, 21-25, 16-19, 25-29, 19-15, 26-22, 15-10, 13-17, 10-7, 22-25, 20-16, 17-21, 16-12, 25-22, 7-3, 29-25, 3-7, 22-17, 12-8, 17-13, 7-10, 25-29, 8-3, 13-17, 3-7, 17-14, 10x17, 21-25, 7-11, 25-30, 17-22, 30-25, 11-15, 25x18x11"
974,1,974,0,1,"9-14, 23-18, 14x23, 27x18, 10-15, 24-19, 15x24, 28x19, 11-15, 18x11, 7x16x23, 26x19, 8-11, 21-17, 4-8, 17-13, 2-7, 31-27, 6-9, 13x6, 1x10, 27-23, 11-16, 22-18, 5-9, 32-28, 10-14, 19-15, 7-10, 15x6, 16-19, 23x16, 12x19, 25-21, 14x23, 21-17, 23-27, 6-1, 3-7, 30-26, 9-14, 17x10x3x12, 19-23, 26x19, 27-32, 19-15, 32-27, 1-6, 27-24, 28x19"
975,1,975,1,0,"12-16, 23-18, 16-20, 18-15, 11x18, 22x15, 10x19, 24x15, 7-11, 28-24, 11x18, 21-17, 2-7, 24-19, 20-24, 27x20, 7-10, 25-22, 18x25, 30x21, 10-14, 17x10, 6x15x24, 32-28, 24-27, 31x24, 8-11, 20-16, 11x20x27, 28-24, 27-31, 21-17, 31x22x13, 24-19, 4-8, 19-16, 1-6, 16-11, 8x15, 29-25, 9-14, 25-21, 15-18, 21-17, 13x22"
976,1,976,0,1,"11-16, 21-17, 10-14, 17x10, 6x15, 22-17, 15-19, 24x15, 16-19, 23x16, 12x19, 26-22, 19-23, 27x18, 7-10, 15x6, 1x10, 18-14, 9x18, 22x15x6, 2x9, 31-26, 8-11, 26-22, 3-8, 32-27, 11-16, 25-21, 9-13, 30-26, 8-12, 28-24, 5-9, 17-14, 9x18x25, 29x22, 16-19, 24x15, 13-17, 21x14, 4-8, 15-10, 12-16, 27-23, 16-19, 23x16, 8-12, 22-18, 12x19, 18-15, 19-23, 26x19"
977,1,977,0,0,"10-15, 23-19, 7-10, 22-17, 11-16, 24-20, 15x24, 20x11, 8x15, 27x20, 2-7, 25-22, 9-13, 26-23, 12-16, 20x11x2x9, 5x14, 23-19, 15x24, 28x19, 14-18, 22x15x6, 13x22, 19-15, 1x10x19, 30-25, 4-8, 25x18, 19-23, 18-15, 8-11, 15x8, 3x12, 21-17, 12-16, 32-28, 23-26, 31x22, 16-19, 29-25, 19-23, 17-14, 23-27, 14-10, 27-32, 22-18, 32-27, 18-14, 27-32, 25-21, 32-27, 21-17, 27-32, 28-24, 32-27, 17-13, 27x20, 14-9, 20-16, 9-6, 16-11, 13-9, 11-16, 6-1, 16-11, 10-6, 11-8, 6-2, 8-4, 1-6, 4-8, 2-7, 8-4, 7-10, 4-8"
978,1,978,0,1,"10-14, 24-19, 9-13, 23-18, 14x23, 27x18, 11-15, 19x10, 6x15, 18x11, 8x15, 22-18, 15x22, 25x18, 1-6, 21-17, 13x22, 26x17, 6-9, 30-26, 7-10, 17-13, 2-7, 13x6, 5-9, 6-1, 7-11, 1-5, 10-14, 29-25, 14x23x30x21, 5x14, 11-16, 14-9, 21-25, 9-6, 25-29, 6-9, 3-8, 9-13, 16-20, 13-17, 20-24, 28x19, 29-25, 17-21, 12-16, 19x12x3, 25-29, 3-7, 4-8, 32-27, 29-25, 21x30, 8-11, 7x16"
979,1,979,1,0,"11-15, 21-17, 10-14, 17x10, 7x14, 24-20, 14-18, 23x14, 9x18, 28-24, 3-7, 27-23, 18x27, 32x23, 6-9, 24-19, 15x24, 25-21, 24-27, 31x24, 12-16, 20x11, 8x15, 29-25, 15-19, 23x16, 1-6, 16-12, 9-14, 12-8, 4x11, 22-18, 14x23, 26x19, 6-10, 24-20, 11-16, 20x11, 7x16x23, 30-26, 23x30, 21-17, 30x21x14"
980,1,980,0,0,"9-13, 24-19, 5-9, 22-17, 13x22, 25x18, 11-15, 18x11, 7x16, 19-15, 10x19, 30-25, 8-11, 26-22, 19x26, 27-24, 9-14, 22-18, 14x23, 31x22, 23-27, 32x23, 3-7, 22-17, 4-8, 25-22, 6-10, 29-25, 11-15, 22-18, 15x22x29, 17-13, 29-25, 23-18, 2-6, 13-9, 6x13, 24-19, 16x23, 18-14, 10x17, 21x14, 25-29, 14-10, 7x14, 28-24, 12-16, 24-20, 14-18, 20x11x4, 1-6, 4-8, 6-9, 8-3, 23-26, 3-8, 29-25, 8-11, 25-29, 11-8"
981,1,981,1,0,"9-13, 24-19, 5-9, 19-15, 11x18, 22x15, 10x19, 23x16, 12x19, 26-23, 19x26, 30x23, 1-5, 31-26, 8-12, 27-24, 9-14, 23-19, 4-8, 26-22, 7-11, 19-15, 11x18, 22x15, 5-9, 32-27, 3-7, 15-11, 7x16, 21-17, 13x22, 25x18, 14x23x32, 24-19, 16x23, 28-24, 32-27, 24-20, 27-24, 29-25, 12-16, 20x11x4, 24-20, 25-22, 20-16, 22-18, 16-12, 18-15, 23-26, 15-11, 2-7, 11x2, 12-16, 2-7, 26-31, 7-11, 16x7, 4-8, 31-27, 8-12, 9-14, 12-8, 7-2, 8-3, 2-7, 3x10x1, 27-31, 1-5, 14-18, 5-1, 18-23, 1-5, 31-26, 5-1, 26-30, 1-6, 23-27, 6-1, 27-32, 1-6, 30-25, 6-9, 25-21, 9-13, 32-28, 13-9, 28-24, 9-14, 24-19, 14-17, 21x14"
982,1,982,0,0,"12-16, 22-18, 11-15, 18x11, 8x15, 25-22, 16-20, 22-17, 7-11, 30-25, 15-19, 24x15x8, 3x12, 27-24, 20x27, 31x24, 10-14, 17x10, 6x15, 21-17, 12-16, 24-19, 15x24, 28x19x12, 9-13, 26-22, 5-9, 32-27, 4-8, 12x3, 2-6, 27-24, 1-5, 22-18, 13x22, 3-8, 22-26, 24-20, 26-30, 8-3, 30x21, 29-25, 21x30, 18-15, 9-14, 3-7, 30-26, 15-11, 26x19, 7-2, 5-9, 11-8, 19-16, 20x11, 9-13, 2x9x18, 13-17, 18-22, 17x26, 8-3, 26-31, 11-7, 31-26, 3-8"
983,1,983,1,0,"9-13, 23-19, 6-9, 19-16, 12x19, 24x15x6, 1x10, 27-24, 11-16, 24-19, 16x23, 26x19, 2-6, 28-24, 8-12, 30-26, 3-8, 24-20, 13-17, 22x13, 7-11, 32-27, 11-15, 27-23, 15x24, 21-17, 12-16, 20x11, 8x15, 31-27, 24x31x22, 25x18x11, 9-14, 23-18, 14x23, 13-9, 5x14x21, 29-25, 21x30, 11-8, 4x11"
984,1,984,1,0,"11-16, 24-19, 9-13, 22-17, 13x22, 26x17, 6-9, 19-15, 10x19x26, 30x23, 7-10, 23-19, 16x23, 27x18, 10-14, 17x10, 12-16, 25-22, 2-6, 29-25, 6x15, 18x11, 8x15, 31-26, 16-20, 21-17, 3-8, 25-21, 15-18, 22x15, 20-24, 28x19, 9-14, 17x10, 8-12, 32-27, 5-9, 26-22, 12-16, 19x12, 9-13, 10-6, 1x10x19, 22-17, 13x22, 21-17, 22-26, 12-8, 4x11, 27-24, 19x28, 17-14, 26-30, 14-9, 30-26, 9-6, 28-32, 6-2, 32-27, 2-7, 26-22, 7x16, 22-26, 16-20, 26-23, 20-24, 27x20"
985,1,985,0,0,"11-15, 22-17, 9-13, 24-20, 13x22, 25x18x11, 8x15, 28-24, 5-9, 26-22, 12-16, 20x11, 7x16, 22-18, 15x22, 31-26, 22x31, 30-25, 16-19, 23x16, 1-5, 27-23, 4-8, 23-18, 10-14, 21-17, 14x23, 24-20, 6-10, 16-12, 23-27, 32x23, 31-27, 20-16, 27x18, 16-11, 8x15, 12-8, 3x12, 25-22, 18x25, 29x22, 2-6, 22-18, 15x22, 17-13, 22-25"
986,1,986,1,0,"9-14, 23-19, 5-9, 19-16, 12x19, 24x15, 10x19, 27-24, 11-16, 24x15, 14-18, 26-23, 18x27, 32x23, 16-20, 23-19, 9-14, 21-17, 14x21, 19-16, 8-12, 16-11, 7x16, 28-24, 20x27, 31x24, 3-7, 22-17, 7-11, 15x8, 4x11, 30-26, 21x30x23, 24-20, 23-19, 17-13, 1-5, 29-25, 2-7, 25-22, 7-10, 22-18, 5-9, 18-15, 11x18, 20x11, 12-16, 11-8, 9-14, 8-3, 19-15, 3-7, 14-17, 7x14x23, 16-20, 23-18, 15x22, 13-9, 6x13"
987,1,987,0,1,"9-14, 22-17, 6-9, 25-22, 1-6, 23-18, 14x23, 26x19, 10-14, 17x10x1, 11-16, 22-18, 16x23, 1-6, 12-16, 6x13, 7-11, 24-20, 11-15, 20x11, 15x22, 27x18, 8x15, 18x11, 5-9, 13x6, 2x9, 29-25, 22x29, 11-8, 3x12, 31-27, 9-13, 30-26, 4-8, 27-24, 13-17, 21x14, 12-16, 14-9, 8-11, 26-22, 16-20, 9-6, 20x27, 32x23, 11-16, 6-2, 16-19, 23x16, 29-25, 22-17, 25-29, 2-7, 29-25, 7-10, 25-21, 10-15, 21x14, 16-11, 14-18, 15x22"
988,1,988,1,0,"11-16, 24-20, 9-13, 20x11, 7x16, 21-17, 6-9, 23-19, 16x23, 27x18, 12-16, 18-15, 10x19, 22-18, 13x22, 26x17, 19-23, 25-22, 1-6, 32-27, 23x32, 30-25, 8-11, 31-27, 32x23x14x21x30, 29-25, 30x21, 22-18, 9-13, 28-24, 2-7, 24-20, 11-15, 18x11x2x9, 5x14, 20x11, 21-25, 11-7, 3x10"
989,1,989,0,1,"11-16, 22-18, 10-15, 18x11, 8x15, 21-17, 9-13, 25-21, 13x22, 26x17, 7-11, 17-14, 15-19, 24x15x8, 4x11, 30-25, 3-8, 21-17, 6-9, 25-22, 9x18x25, 29x22, 16-19, 23x16x7, 2x11, 28-24, 5-9, 17-14, 9x18x25, 27-23, 25-30, 24-19, 30-26, 31x22, 11-16, 32-28, 1-6, 22-17, 16-20, 17-13, 6-9, 13x6, 12-16, 19x12x3, 20-24, 28x19"
990,1,990,0,1,"9-14, 22-17, 10-15, 17x10, 7x14, 25-22, 11-16, 24-19, 15x24, 28x19, 14-18, 23x14, 16x23, 26x19, 6-9, 22-18, 1-6, 27-23, 6-10, 14x7, 2x11, 32-27, 9-14, 18x9, 5x14, 31-26, 3-7, 29-25, 11-15, 19x10x3, 14-18, 23x14, 12-16, 3x12x19, 4-8, 19-15, 8-12, 15-18, 12-16, 26-23, 16-19, 23x16"
991,1,991,1,0,"10-15, 23-18, 15-19, 24x15, 7-10, 21-17, 10x19, 17-13, 11-15, 18x11, 8x15, 25-21, 3-8, 22-18, 15x22, 26x17, 19-24, 27x20, 6-10, 13x6, 2x9, 32-27, 1-6, 17-14, 10x17, 21x14, 9x18, 28-24, 18-23, 27x18, 5-9, 31-26, 9-13, 29-25, 6-9, 20-16, 12x19x28, 18-14, 9x18, 26-23, 18x27, 25-22, 28-32, 30-25, 32-28, 25-21, 28-24, 22-18, 27-32, 21-17, 13x22, 18-14, 8-11, 14-10, 11-16, 10-7, 4-8, 7-3, 24-19, 3x12, 32-28, 12-8, 28-32, 8-11, 32-28, 11x20, 28-32, 20-16, 19x12"
992,1,992,0,0,"12-16, 23-19, 16x23, 26x19, 11-15, 19-16, 9-13, 30-26, 15-19, 24x15, 10x19, 22-18, 13-17, 21x14, 8-12, 16-11, 7x16, 27-24, 2-7, 24x15, 5-9, 14x5, 7-10, 26-23, 10x19x26, 31x22, 6-10, 28-24, 1-6, 24-19, 16x23, 32-28, 6-9, 25-21, 10-14, 21-17, 14x21, 18-15, 4-8, 28-24, 9-14, 22-18, 14-17, 24-20, 23-26, 20-16, 12x19, 18-14, 3-7, 15-10, 8-11, 10x3, 19-24, 14-9, 26-30, 5-1, 24-28, 29-25, 11-15, 9-6, 30-26, 6-2, 21x30, 2-7, 30-25, 7-11, 25-22, 11x18x25, 26-30, 25-21, 30-25, 21x30, 28-32, 3-7, 17-21, 30-25, 21x30, 7-3, 30-26, 3-7, 32-28, 7-10, 28-32, 1-6, 26-22, 6-2, 22-17, 2-7, 17-14, 10x17, 32-27, 17-14, 27-23, 14-9, 23-26, 9-5, 26-31, 5-1, 31-26, 1-6"
993,1,993,1,0,"9-13, 21-17, 10-14, 17x10, 7x14, 24-19, 11-16, 22-17, 14x21, 28-24, 8-11, 25-22, 16-20, 23-18, 2-7, 18-14, 6-10, 14-9, 5x14, 30-25, 21x30x23x16, 27-23, 20x27, 31x24, 1-6, 22-18, 6-9, 18-15, 10x19x28, 32-27, 7-10, 29-25, 28-32, 25-22, 14-18, 23x14x7, 32x23, 22-17, 3x10, 17-14, 10x17"
994,1,994,0,1,"12-16, 24-20, 16-19, 23x16, 9-13, 21-17, 10-15, 26-23, 5-9, 16-12, 6-10, 25-21, 1-6, 30-26, 10-14, 17x10x1, 2-6, 1x10x19, 13-17, 22x13x6, 7-10, 19-15, 10x19, 23x16x7, 3x10, 12x3, 10-15, 6-1, 15-18, 3-8, 4x11, 27-23, 18x27, 31x24, 11-15, 29-25, 15-19, 24x15"
995,1,995,0,1,"12-16, 22-17, 16-20, 23-19, 9-14, 19-15, 10x19, 24x15, 11x18, 17x10, 6x15, 21-17, 2-6, 25-21, 18-22, 30-25, 20-24, 25x18x11x2x9, 5x14, 27x20, 8-12, 17x10, 12-16, 20x11, 1-6, 10x1, 3-8, 32-27, 8x15, 27-23, 15-19, 23x16, 4-8, 31-27, 8-12, 21-17, 12x19, 17-13, 19-24, 27x20"
996,1,996,0,1,"10-15, 23-18, 7-10, 21-17, 15-19, 24x15, 10x19, 18-14, 9x18, 22x15, 11x18, 17-13, 5-9, 27-24, 18-22, 25x18, 6-10, 24x15x6, 1x10, 13x6, 2x9, 26-23, 9-14, 18x9, 10-14, 32-27, 14-17, 30-25, 17-21, 23-19, 21x30, 28-24, 12-16, 19x12, 30-26, 31x22, 3-7, 12x3x10, 4-8, 24-19, 8-11, 10-14, 11-15, 19x10"
997,1,997,0,1,"10-15, 23-19, 9-14, 19x10, 6x15, 22-17, 14-18, 26-23, 15-19, 24x15, 5-9, 23x14x5, 11x18, 17-13, 8-11, 27-24, 1-6, 13-9, 6x13, 30-26, 4-8, 26-23, 18x27, 32x23, 11-15, 23-19, 8-11, 19x10, 7x14, 25-22, 3-8, 31-27, 2-7, 24-19, 12-16, 19x12x3x10x17, 11-15, 28-24, 15-18, 22x15, 13x22, 15-10, 22-25, 29x22"
998,1,998,1,0,"12-16, 22-18, 10-14, 23-19, 16x23, 26x19, 14x23, 27x18, 11-15, 18x11, 7x16x23, 32-27, 23x32, 31-27, 32x23, 25-22, 23-26, 30x23, 8-12, 23-19, 3-8, 29-25, 8-11, 21-17, 11-16, 19-15, 9-14, 17x10, 6-9, 22-18, 16-20, 25-22, 20x27, 10-7, 2x11, 15x8, 4x11, 18-15, 11x18x25, 28-24, 25-29, 24-19, 9-13, 19-16, 12x19"
999,1,999,0,0,"10-15, 24-20, 12-16, 22-17, 6-10, 27-24, 10-14, 17x10, 7x14, 26-22, 8-12, 31-26, 15-19, 24x15x8, 4x11, 22-17, 11-15, 20x11, 3-7, 17x10x3, 1-6, 28-24, 15-19, 23x16, 12x19x28, 11-7, 2x11, 26-23, 11-15, 30-26, 9-14, 23-18, 14x23x30, 3-8, 15-19, 8-3, 6-10, 21-17, 30x21x14, 29-25, 14-9, 25-22, 9-13, 3-8, 19-23, 22-18, 10-14, 18x9, 13x6, 32-27, 23x32, 8-4, 32-27, 4-8, 27-31, 8-4, 6-2, 4-8, 31-27"
1000,1,1000,0,1,"12-16, 22-17, 8-12, 17-13, 9-14, 25-22, 4-8, 22-18, 16-20, 18x9, 5x14, 23-19, 14-17, 21x14, 10x17, 19-16, 12x19, 24x15, 11x18, 27-24, 20x27, 32x23x14, 6-10, 30-25, 8-12, 13-9, 7-11, 14x7, 3x10, 28-24, 2-6, 9x2, 17-22, 26x17, 1-5, 17-14, 10x17, 2-7, 11-15, 24-19, 15x24, 7-11, 12-16, 11x20x27, 17-22, 25x18, 5-9, 27-32, 9-13, 18-14, 13-17, 32-28, 17-21, 31-26, 21-25, 29x22"
1001,1,1001,0,1,"12-16, 24-19, 11-15, 19x12, 7-11, 21-17, 9-14, 23-19, 14x21, 27-23, 15x24, 28x19, 2-7, 22-17, 5-9, 32-27, 1-5, 23-18, 9-13, 19-15, 10x19, 26-22, 11-16, 27-24, 19x28, 18-14, 28-32, 31-27, 32x23, 22-18, 13x22, 14-9, 23x14, 9x2x11x20, 14-17, 25x18, 21-25, 30x21x14, 5-9, 14x5, 8-11, 18-14, 11-16, 20x11, 4-8, 11x4, 3-8, 4x11"
1002,1,1002,1,0,"12-16, 23-18, 10-14, 26-23, 7-10, 30-26, 8-12, 24-20, 2-7, 22-17, 11-15, 20x11x2, 15x22, 25x18, 4-8, 18-15, 10x19, 23x16, 12x19, 17x10, 6x15, 26-23, 19x26, 31x22, 1-6, 27-24, 9-13, 2x9, 5x14, 24-20, 14-18, 22-17, 13x22, 29-25, 22x29, 20-16, 18-22, 16-11, 29-25, 11x4, 25-30, 28-24, 15-18, 24-20, 18-23, 4-8, 3x12, 32-27, 23x32, 21-17, 30-25, 20-16, 12x19, 17-13, 32-28, 13-9, 22-26, 9-6, 25-22, 6-1, 19-24, 1-6, 26-31, 6-10, 22-18, 10-14, 18x9"
1003,1,1003,0,1,"9-14, 23-18, 14x23, 27x18, 10-15, 31-27, 11-16, 18x11, 8x15, 26-23, 16-20, 22-17, 15-18, 23x14, 7-10, 14x7, 3x10, 17-14, 10x17, 21x14, 4-8, 25-21, 2-7, 24-19, 7-11, 27-24, 20x27, 32x23, 6-9, 21-17, 9x18x27, 29-25, 12-16, 19x12x3, 1-6, 25-22, 6-10, 17-13, 5-9, 13x6, 27-31, 3-7, 31-27, 7x14, 27-31, 14-9, 31-26, 30x23, 11-16, 22-17, 16-19, 23x16"
1004,1,1004,1,0,"9-13, 23-18, 12-16, 18-14, 10x17, 21x14, 6-10, 22-17, 13x22, 26x17, 10-15, 27-23, 2-6, 24-19, 15x24, 28x19x12, 11-15, 25-21, 8-11, 12-8, 3x12, 30-25, 6-10, 32-28, 4-8, 31-26, 15-19, 23x16, 11x20, 26-22, 1-6, 28-24, 20x27, 14-9, 6x13, 17-14, 10x17x26, 21-17, 13x22, 25x18, 26-31, 18-14, 7-11, 14-10, 11-15, 10-6, 5-9, 6-2, 15-18, 29-25, 18-23, 2-6, 9-13, 25-21, 8-11, 6-2, 27-32, 21-17, 13x22, 2-6, 22-25, 6-10, 23-26, 10-6, 25-29, 6-2, 32-27, 2-7, 26-30, 7x16, 12x19"
1005,1,1005,1,0,"11-16, 21-17, 9-14, 24-19, 14x21, 27-24, 6-9, 22-17, 1-6, 19-15, 10x19, 24x15, 6-10, 15x6, 7-10, 26-22, 16-20, 23-18, 20-24, 28x19, 12-16, 19x12, 10-15, 18x11, 8x15, 17-14, 9x18, 22-17, 2x9, 12-8, 4x11, 17-13, 18-22, 13x6, 5-9, 25x18, 15x22, 30-25, 21x30, 6-2, 9-14, 2-7, 3x10, 31-26, 30x23, 29-25, 22x29, 32-27, 23x32"
1006,1,1006,0,1,"12-16, 22-18, 8-12, 21-17, 10-15, 18-14, 9x18, 23x14, 6-10, 26-22, 2-6, 30-26, 15-19, 24x15x8, 4x11, 26-23, 6-9, 23-19, 16x23, 27x18, 10-15, 25-21, 1-6, 32-27, 9-13, 28-24, 6-10, 27-23, 11-16, 18x11x2, 16-19, 23x16, 12x19x28, 14x7, 3x10, 29-25, 5-9, 17-14, 9x18, 22x15x6, 28-32, 25-22, 13-17, 22x13, 32-27, 31x24"
1007,1,1007,0,0,"9-14, 22-17, 6-9, 23-19, 1-6, 24-20, 12-16, 19x12, 14-18, 27-23, 18x27, 31x24, 10-15, 24-19, 15x24, 28x19, 6-10, 19-15, 11x18, 26-22, 9-14, 22x15x6, 2x9, 17x10, 7x14, 20-16, 3-7, 12x3x10x17, 9-14, 17x10, 4-8, 16-11, 8x15, 10x19, 5-9, 19-23, 9-14, 21-17, 14x21, 23-19"
1008,1,1008,0,1,"11-15, 23-18, 8-11, 24-19, 15x24, 27x20, 10-14, 28-24, 14x23, 26x19, 9-14, 32-27, 12-16, 19x12, 3-8, 12x3x10x17, 11-16, 20x11, 4-8, 11x4, 5-9, 24-19, 6-10, 4-8, 2-7, 27-24, 1-5, 8-12, 10-15, 19x10x3, 9-14, 17x10, 5-9, 30-26, 9-14, 10x17"
1009,1,1009,0,1,"9-13, 22-17, 13x22, 25x18, 10-14, 18x9, 5x14, 24-19, 14-17, 21x14, 6-9, 14x5, 11-15, 19x10, 7x14, 27-24, 1-6, 26-22, 6-9, 30-26, 2-7, 22-17, 14x21, 24-20, 7-10, 5-1, 3-7, 31-27, 9-14, 27-24, 8-11, 29-25, 21x30, 1-6, 11-15, 6-1, 14-17, 24-19, 15x24, 28x19, 12-16, 19x12, 17-21, 1-6, 4-8, 6x15, 30-25, 12x3x10, 25-30, 23-18, 30x23x14x7, 15-18, 7-11, 18-22, 21-25, 22x29, 11-7, 20-16, 7-11, 16x7"
1010,1,1010,1,0,"11-15, 21-17, 9-14, 25-21, 6-9, 22-18, 15x22, 29-25, 22x29, 24-19, 29-25, 19-16, 12x19, 23x16, 8-12, 27-23, 12x19, 23x16, 25-22, 32-27, 22x13, 27-23, 1-6, 16-12, 4-8, 31-27, 10-15, 30-25, 14-17, 21x14, 9x18, 23x14, 6-10, 27-23, 10x17, 23-19, 15x24, 28x19, 2-6, 26-23, 13-9, 19-15, 9-13, 15-11, 8x15, 23-19, 15x24, 25-21, 24-28, 21x14, 13-9, 14-10, 6x15, 12-8, 3x12"
1011,1,1011,1,0,"11-15, 21-17, 10-14, 17x10, 7x14, 24-19, 15x24, 28x19, 3-7, 19-16, 12x19, 23x16, 9-13, 22-18, 14x23, 26x19, 8-11, 27-24, 11x20x27, 31x24, 7-11, 30-26, 2-7, 26-23, 7-10, 19-16, 11x20x27, 23-18, 10-14, 32x23, 5-9, 23-19, 14x23, 19-16, 23-27, 25-22, 6-10, 29-25, 10-14, 22-18, 14x23, 25-21, 27-32, 21-17, 13x22, 16-11, 1-6, 11-7, 4-8, 7-2, 22-26, 2-7, 9-13, 7-11, 8x15"
1012,1,1012,0,1,"11-16, 21-17, 9-14, 25-21, 7-11, 23-18, 14x23, 27x18, 10-15, 17-14, 5-9, 14x5, 6-9, 30-25, 9-13, 24-20, 13-17, 21x14, 2-7, 26-23, 15-19, 22-17, 19x26, 31x22, 11-15, 18x11x2, 3-7, 2x11, 8x15, 20x11, 12-16, 28-24, 16-20, 14-9, 20x27, 32x23, 4-8, 11x4, 15-19, 23x16, 1-6, 9x2"
1013,1,1013,0,0,"11-15, 22-17, 10-14, 17x10, 7x14, 25-22, 14-17, 22x13, 15-19, 23x16, 12x19, 24x15, 8-12, 30-25, 12-16, 28-24, 9-14, 27-23, 16-19, 23x16, 14-17, 21x14, 3-8, 15-10, 6x15, 25-22, 8-12, 22-18, 15x22, 26x17, 12x19x28, 31-27, 2-7, 14-10, 7x14x21, 13-9, 5x14, 29-25, 21x30, 27-24, 1-5, 24-20, 4-8, 32-27, 8-12, 27-23, 30-25, 23-19, 14-18, 20-16, 25-21, 16-11, 18-22, 11-7, 22-25, 19-16, 12x19, 7-3, 25-30, 3-7, 19-23, 7-2, 28-32, 2-7, 30-25, 7-11, 32-27, 11-16, 27-31, 16-12, 31-26, 12-16, 23-27"
1014,1,1014,0,1,"12-16, 22-17, 10-15, 17-14, 9x18, 23x14, 5-9, 14x5, 8-12, 26-22, 16-19, 22-18, 15x22, 25x18, 6-9, 24x15x8, 4x11, 30-26, 12-16, 28-24, 11-15, 18x11, 9-14, 27-23, 16-20, 31-27, 7x16, 21-17, 14x21, 23-18, 3-8, 32-28, 8-11, 24-19, 16x23x30, 27-23, 21-25, 29x22, 11-15, 18x11, 20-24, 28x19, 30-25, 19-15, 25x18x27, 11-8, 1-6, 15-10, 6x15, 8-3, 2-7, 3x10x19, 27-23, 19x26"
1015,1,1015,1,0,"10-14, 24-20, 12-16, 23-19, 16x23, 27x18, 14x23, 26x19, 8-12, 19-16, 12x19, 22-18, 9-13, 20-16, 11x20, 28-24, 20x27, 32x23x16, 4-8, 31-26, 7-10, 26-23, 5-9, 18-15, 10x19x26, 30x23, 8-12, 23-18, 12x19, 18-14, 9x18, 21-17, 13x22, 25-21, 18-23, 21-17, 3-8, 29-25, 22x29, 17-14, 1-5, 14-10, 6x15"
1016,1,1016,0,0,"11-15, 21-17, 8-11, 25-21, 3-8, 17-13, 15-18, 23x14, 10x17, 21x14, 9x18x25, 29x22, 12-16, 24-20, 6-9, 13x6, 2x9, 26-23, 16-19, 23x16, 1-6, 27-23, 9-14, 31-26, 11-15, 28-24, 7-10, 16-11, 14-17, 22x13, 5-9, 23-18, 15x22x31, 30-25, 8x15, 25-21, 31-27, 32x23, 4-8, 20-16, 9-14, 21-17, 14x21, 24-20, 15-19, 16-12, 19x26, 12x3, 6-9, 13x6, 21-25, 6-2, 10-15, 20-16, 26-30, 16-11, 30-26, 11-7, 15-19, 2-6, 25-29, 3-8, 29-25, 7-2, 25-22, 8-3, 22-18, 6-9, 26-23, 2-7, 18-15, 9-14, 23-27, 7-11, 15x8, 3x12, 19-24, 14-17, 27-31, 17-14, 24-28, 12-8, 28-32, 8-3, 31-27, 14-9, 32-28, 3-8, 28-32, 8-3"
1017,1,1017,0,0,"9-13, 22-18, 10-15, 26-22, 7-10, 30-26, 2-7, 21-17, 6-9, 24-19, 15x24, 28x19, 10-14, 17x10, 7x14, 18-15, 11x18, 22x15, 14-17, 25-21, 12-16, 21x14, 9x18, 23x14, 16x23x30, 15-10, 5-9, 14x5, 8-11, 27-23, 4-8, 32-27, 30-25, 29x22, 8-12, 31-26, 11-15, 10-6, 1x10, 23-19, 15x24x31, 5-1, 13-17, 22x13, 31x22, 1-5, 12-16, 5-9, 22-25, 9-14, 10x17, 13-9, 25-29, 9-5, 16-20, 5-1, 3-8, 1-6, 17-22, 6-1, 29-25, 1-6, 20-24, 6-9, 8-11, 9-13, 25-21, 13-9, 24-28, 9-13, 21-17, 13-9, 17-13, 9-6, 11-16, 6-2, 22-26, 2-7, 13-9, 7-3, 26-31, 3-7, 31-27, 7-11, 27-24, 11x20x27, 9-14, 27-23, 14-10, 23-18, 10-6, 18-22, 6-10, 22-26"
1018,1,1018,0,1,"10-14, 23-19, 6-10, 22-17, 2-6, 17-13, 14-17, 21x14, 10x17, 27-23, 12-16, 19x12, 7-10, 24-19, 10-14, 26-22, 17x26, 31x22, 3-7, 12x3x10x17, 11-16, 19x12, 9-14, 17x10, 6x15, 23-19, 15x24, 28x19, 5-9, 13x6, 1x10, 32-27, 4-8, 12x3, 10-15, 19x10"
1019,1,1019,0,0,"10-14, 23-19, 11-16, 22-18, 16x23, 26x19, 14x23, 27x18, 8-11, 25-22, 9-13, 21-17, 4-8, 19-16, 11x20x27, 32x23, 7-11, 18-15, 11x18x25, 29x22, 5-9, 23-18, 12-16, 30-26, 8-12, 31-27, 16-20, 17-14, 12-16, 14x5, 2-7, 27-24, 20x27, 22-17, 13x22x31, 18-15, 6-10, 15x6, 1x10, 5-1, 10-15, 28-24, 7-11, 1-5, 3-8, 5-1, 16-19, 1-6, 19x28, 6-2, 8-12, 2-6, 28-32, 6-9, 12-16, 9-6, 32-28"
1020,1,1020,0,0,"9-13, 21-17, 11-15, 23-19, 5-9, 27-23, 15-18, 23x14x5, 8-11, 31-27, 10-15, 19x10, 7x14x21, 27-23, 6-10, 24-20, 3-7, 22-17, 13x22x31, 30-26, 21x30, 26-22, 10-14, 23-18, 14x23, 22-17, 23-26, 17-14, 2-6, 32-27, 31x24, 28x19, 12-16, 19x12, 4-8, 12x3x10, 6x15, 14-9, 30-25, 29x22, 11-16, 20x11, 26-31, 11-7, 1-6, 9x2, 31-27, 5-1, 27-24, 7-3, 24-27, 2-7, 27-24, 22-17, 24-28, 1-6, 28-32, 6-1, 32-27"
1021,1,1021,0,1,"10-14, 24-19, 12-16, 19x12, 11-15, 22-17, 15-19, 23x16, 7-10, 27-24, 10-15, 17x10, 8-11, 16x7, 2x11, 25-22, 15-18, 22x15x8, 6x15, 26-22, 4x11, 21-17, 15-18, 22x15x8, 9-14, 17x10, 5-9, 10-7, 3x10, 8-3, 10-14, 3-8, 1-6, 31-26, 14-17, 8-4, 17-21, 32-27, 9-14, 30-25, 21x30x23x32, 12-8, 32-27, 29-25, 27x20, 8-3, 14-18, 28-24, 20x27, 3-7, 6-10, 7x14x23x32"
1022,1,1022,0,1,"10-15, 23-19, 12-16, 19x10, 6x15, 21-17, 9-14, 17x10, 7x14, 22-18, 15x22, 25x18x9, 5x14, 26-22, 14-17, 22x13, 16-19, 24x15, 11x18, 31-26, 8-12, 28-24, 18-23, 27x18, 1-5, 32-28, 3-7, 29-25, 5-9, 13x6, 2x9, 18-15, 7-10, 15x6, 4-8, 24-20, 12-16, 20x11x4, 9-13, 26-22, 13-17, 22x13"
1023,1,1023,0,1,"10-14, 23-18, 14x23, 26x19, 7-10, 22-18, 3-7, 31-26, 10-15, 19x10x3, 6-10, 21-17, 12-16, 3x12x19, 11-15, 18x11, 4-8, 11x4, 10-15, 19x10, 9-13, 10-6, 13x22x31, 6-10, 1-6, 10x1, 5-9, 25-21, 31-26, 30x23, 2-7, 4-8, 7-11, 8x15, 9-14, 1-5, 14-17, 21x14"
1024,1,1024,0,0,"11-15, 23-18, 15-19, 24x15, 10x19, 27-24, 7-11, 24x15, 3-7, 26-23, 7-10, 30-26, 10x19, 23x16x7, 2x11, 18-14, 9x18, 22x15, 11x18, 31-27, 6-9, 27-23, 18x27, 32x23, 9-14, 28-24, 12-16, 23-19, 16x23x30, 24-20, 5-9, 20-16, 1-6, 21-17, 14x21, 16-12, 6-10, 12x3, 9-13, 25-22, 21-25, 3-7, 13-17, 22x13, 10-14, 29x22, 14-18, 22x15, 4-8, 13-9, 8-11, 7x16, 30-25, 16-20, 25-22, 20-16, 22-25"
1025,1,1025,0,0,"10-14, 22-18, 14-17, 21x14, 7-10, 14x7, 3x10, 18-15, 11x18, 23x14x7, 2x11, 25-22, 6-10, 27-23, 9-13, 23-18, 10-14, 18x9, 5x14, 29-25, 12-16, 22-17, 13x22x29, 30-25, 29x22, 26x17x10, 16-20, 10-6, 1x10, 32-27, 10-14, 24-19, 14-18, 27-24, 20x27, 31x24, 18-22, 24-20, 22-26, 28-24, 11-15, 19x10, 26-31, 10-7, 8-12, 20-16, 12x19x28, 7-2, 31-27, 2-6, 27-32, 6-9, 32-27, 9-13, 27-32, 13-9"
1026,1,1026,0,0,"9-13, 23-18, 5-9, 24-19, 11-15, 18x11, 7x16x23, 27x18, 9-14, 18x9, 2-7, 9x2x11, 8x15, 22-17, 13x22, 25x18x11, 3-7, 11x2, 12-16, 26-22, 1-5, 22-17, 16-19, 29-25, 19-24, 28x19, 4-8, 25-22, 8-11, 30-26, 5-9, 17-14, 9x18x25, 21-17, 11-15, 17-14, 15x24, 14x7, 24-27, 32x23, 25-29, 7-3, 29-25, 23-18, 25-29, 2-6, 29-25, 6-2"
1027,1,1027,1,0,"12-16, 23-18, 9-14, 18x9, 6x13, 24-19, 16x23, 27x18, 5-9, 26-23, 1-5, 23-19, 2-6, 22-17, 13x22, 31-26, 22x31, 19-15, 10x19, 18-15, 11x18, 21-17, 18-22, 25x18, 9-13, 17-14, 7-10, 14x7, 3x10, 18-15, 5-9, 32-27, 31x24, 30-25, 13-17, 25-21, 9-13, 21x14x7, 6-10, 15x6, 19-23, 28x19, 23-26, 7-2, 8-12, 19-15, 26-30, 29-25, 30x21, 2-7, 4-8, 15-10, 8-11, 7x16, 12x19, 10-7, 21-25, 7-2, 25-21, 6-1, 19-24, 2-7, 24-27, 7-11, 27-32, 1-5, 21-17, 5-1, 17-14, 11-7, 32-28, 7-11, 14-10, 1-6, 10x1, 11-7, 13-17, 7-10, 17-21, 10-6, 1x10"
1028,1,1028,0,1,"10-14, 23-19, 7-10, 22-18, 14x23, 27x18, 11-15, 18x11, 8x15, 25-22, 12-16, 19x12, 10-14, 21-17, 14x21, 22-18, 15x22, 26x17, 21-25, 30x21, 3-8, 12x3, 2-7, 3x10, 6x15, 17-13, 4-8, 13x6, 1x10, 31-26, 8-11, 29-25, 15-19, 24x15x8, 5-9, 8-3, 10-15, 28-24, 15-19, 24x15, 9-14, 3-7, 14-17, 21x14"
1029,1,1029,0,0,"9-14, 23-18, 14x23, 26x19, 11-15, 27-23, 8-11, 30-26, 11-16, 21-17, 16-20, 31-27, 15-18, 23x14, 4-8, 17-13, 10x17, 19-16, 12x19, 24x15, 5-9, 25-21, 8-11, 15x8, 3x12, 21x14x5, 7-10, 27-23, 10-15, 32-27, 2-7, 23-19, 15x24x31, 22-18, 31x22x15, 28-24, 20x27, 13-9, 6x13, 29-25, 1-6, 25-21, 15-11, 5-1, 6-9, 1-5, 11-15"
1030,1,1030,1,0,"12-16, 24-19, 9-14, 19x12, 11-16, 22-17, 6-9, 23-18, 14x23, 26x19, 16x23, 27x18, 7-11, 28-24, 1-6, 18-15, 10x19x28, 32-27, 3-7, 12x3x10x1, 28-32, 1-6, 32x23, 6x13, 11-15, 17-14, 4-8, 21-17, 23-18, 14-10, 5-9, 13x6, 2x9, 17-13, 8-12, 13x6, 12-16, 10-7, 15-19, 31-27, 16-20, 25-22, 18x25, 29x22, 19-24, 30-26, 24x31, 22-17, 31x22x13, 6-1, 20-24, 1-6, 24-28, 6-9, 13x6, 7-2, 6-10, 2-6, 10x1"
1031,1,1031,1,0,"9-14, 23-18, 14x23, 26x19, 10-14, 22-17, 5-9, 17x10, 7x14, 21-17, 14x21, 25-22, 11-16, 30-26, 16x23x30, 24-20, 2-7, 27-24, 7-11, 22-17, 11-15, 31-26, 30x23, 20-16, 12x19, 32-27, 23x32, 29-25, 21x30, 17-14, 9x18, 24-20, 6-9, 20-16, 19-23, 16-11, 18-22, 11-7, 3x10, 28-24, 23-27, 24-20, 22-26, 20-16, 26-31, 16-12, 9-13, 12x3, 30-25, 3-8, 4x11"
1032,1,1032,0,0,"10-15, 23-18, 12-16, 27-23, 16-19, 23x16, 11x20x27, 32x23, 7-11, 18-14, 9x18x27, 31x24, 15-18, 22x15, 11x18, 24-20, 6-10, 26-23, 18x27, 28-24, 10-14, 21-17, 14x21, 20-16, 3-7, 24-19, 5-9, 19-15, 8-11, 15x8, 4x11x20, 30-26, 21x30x23, 29-25, 1-5, 25-21, 2-6, 21-17, 27-32, 17-13, 23-27"
1033,1,1033,1,0,"10-14, 22-18, 11-16, 18-15, 7-10, 23-19, 16x23, 26x19, 9-13, 24-20, 14-18, 19-16, 10x19, 16-11, 8x15, 25-22, 18x25, 29x22, 3-8, 20-16, 13-17, 22x13, 8-11, 16x7, 2x11, 28-24, 19x28, 27-23, 15-18, 23x14, 12-16, 14-10, 6x15, 30-25, 16-19, 13-9, 5x14, 31-27, 15-18, 27-23, 18x27, 32x23x16x7, 4-8, 25-22, 8-11, 7-2, 28-32, 2-6, 1x10, 22-18, 14x23, 21-17, 10-14, 17x10, 32-27, 10-7, 27-31, 7-3, 31-27, 3-8, 27-32, 8x15, 32-28, 15-11, 23-26, 11-16, 28-32, 16-20, 32-27, 20-24, 27x20"
1034,1,1034,1,0,"11-16, 23-18, 16-20, 22-17, 7-11, 18-14, 9x18, 26-22, 3-7, 22x15, 10x19, 24x15, 11x18, 17-14, 6-9, 28-24, 18-23, 27x18, 20x27, 31x24, 1-6, 24-20, 8-11, 30-26, 6-10, 32-28, 10x17, 21x14, 2-6, 18-15, 9x18, 15x8, 4x11, 20-16, 12x19, 25-22, 18x25, 29x22, 11-16, 26-23, 19x26, 28-24, 16-19, 24x15, 26-31, 15-11, 7x16, 22-17, 6-9, 17-14, 9x18"
1035,1,1035,0,1,"10-15, 23-18, 6-10, 24-20, 9-14, 18x9, 5x14, 27-23, 2-6, 22-17, 15-19, 23x16, 12x19, 17-13, 19-23, 26x19, 11-16, 19x12, 14-17, 21x14, 10x17, 30-26, 1-5, 32-27, 7-11, 25-22, 3-7, 12x3x10x1, 17-21, 26-23, 11-15, 27-24, 15-19, 24x15, 21-25, 15-10, 25-30, 22-17, 30-25, 29x22, 5-9, 13x6, 4-8, 1-5, 8-12, 28-24, 12-16, 20x11"
1036,1,1036,0,1,"9-14, 21-17, 14x21, 23-19, 11-15, 26-23, 7-11, 23-18, 3-7, 18-14, 10x17x26, 19x10x3, 2-7, 3x10, 6x15, 31x22, 11-16, 22-18, 15x22, 25x18, 16-20, 24-19, 20-24, 27x20, 12-16, 19x12x3, 21-25, 29x22, 1-6, 3-8, 4x11, 30-26, 11-16, 20x11, 5-9, 32-27, 9-14, 18x9x2"
1037,1,1037,1,0,"12-16, 24-19, 9-14, 19x12, 11-15, 21-17, 14x21, 23-18, 5-9, 18x11, 7x16, 28-24, 9-13, 24-19, 16x23, 26x19, 6-9, 22-18, 1-5, 19-16, 2-6, 32-28, 13-17, 18-15, 10x19, 30-26, 21x30x23x32, 31-27, 32x23, 28-24, 19x28, 29-25, 9-13, 25-22, 17x26, 16-11, 8x15, 12-8, 4x11"
1038,1,1038,0,1,"10-15, 24-20, 15-19, 23x16, 12x19, 21-17, 9-14, 17x10, 7x14, 25-21, 11-15, 21-17, 14x21, 22-18, 15x22, 26x17, 21-25, 29x22, 2-7, 28-24, 19x28, 30-25, 6-10, 31-26, 8-12, 27-24, 1-6, 22-18, 5-9, 32-27, 12-16, 20x11x2, 10-14, 17x10x1, 4-8, 1-6, 28-32, 6x13, 32x23x14, 25-22, 8-12, 22-17, 14x21, 26-22, 21-17, 24-19, 17x26, 13-17, 3-7, 2x11, 26-22, 17x26, 12-16, 19x12"
1039,1,1039,0,0,"11-15, 22-17, 8-11, 23-18, 15x22, 25x18, 11-16, 27-23, 3-8, 32-27, 16-20, 30-25, 8-11, 25-22, 9-13, 17-14, 10x17, 21x14, 5-9, 14x5, 6-10, 29-25, 10-14, 18x9, 11-15, 22-17, 13x22x29, 26-22, 29-25, 23-18, 25-21, 18x11, 7x16, 9-6, 1x10, 22-17, 21x14, 5-1, 14-17, 24-19, 16x23x32, 31-26, 2-7, 26-23, 17-21, 1-5, 20-24, 28x19, 21-25, 19-15, 10x19x26, 5-1, 25-21, 1-5, 21-17, 5-1, 17-14, 1-6, 14-10, 6x15, 4-8, 15-18, 7-11, 18-23, 32-27, 23x30, 27-24, 30-25, 11-16, 25-30, 24-28, 30-26, 28-32, 26-22, 32-28, 22-17, 16-19, 17-21, 19-24, 21-25, 8-11, 25-22, 11-16, 22-26, 16-20, 26-30, 28-32, 30-25, 32-27, 25-30, 24-28"
1040,1,1040,0,0,"11-16, 24-20, 16-19, 23x16, 12x19, 21-17, 19-24, 28x19, 9-13, 19-15, 10x19, 27-24, 19x28, 31-27, 8-11, 17-14, 11-16, 20x11, 7x16, 27-24, 5-9, 14x5, 2-7, 26-23, 6-9, 24-20, 7-10, 20x11, 1-6, 23-18, 3-8, 22-17, 13x22, 25-21, 8x15, 18x11, 4-8, 11x4, 10-15, 29-25, 22x29, 4-8, 29-25, 8-4, 25-29"
1041,1,1041,0,1,"9-13, 24-20, 6-9, 28-24, 1-6, 23-18, 12-16, 24-19, 16x23, 26x19, 11-16, 20x11, 7x16x23, 21-17, 3-7, 18-15, 10x19, 27x18, 6-10, 32-28, 19-24, 28x19, 10-14, 17x10x3x12, 2-6, 18-14, 9x18, 22x15, 6-10, 15x6, 4-8, 12x3, 13-17, 19-15, 5-9, 3-7, 9-14, 6-2, 17-22, 25x18x9"
1042,1,1042,0,0,"9-13, 24-20, 11-16, 20x11, 8x15, 22-17, 13x22, 26x17, 15-18, 23x14, 5-9, 14x5, 10-14, 17x10, 6x15, 25-22, 2-6, 29-25, 15-19, 27-24, 3-8, 24x15, 6-9, 22-18, 8-11, 15x8, 4x11, 18-14, 9x18, 28-24, 11-16, 25-22, 18x25, 32-27, 25-29, 21-17, 16-20, 30-25, 29x22x13, 27-23, 20x27, 31x24, 7-11, 24-20, 11-16, 20x11, 13-17, 23-18, 1-6, 11-7, 17-14, 18x9x2, 12-16, 2-6, 16-19, 6-2, 19-23, 7-3, 23-27, 2-6, 27-31, 3-8, 31-26, 6-9, 26-23, 8-12, 23-19, 9-14, 19-15, 14-17, 15-10, 17-22, 10-14, 22-25, 14-18, 25-21, 18-15, 5-1, 15-10, 21-17"
1043,1,1043,0,0,"12-16, 24-20, 16-19, 23x16, 10-15, 28-24, 9-14, 24-19, 15x24, 32-28, 14-18, 28x19, 8-12, 22x15x8, 4x11, 21-17, 7-10, 16x7, 2x11, 26-23, 5-9, 19-15, 11x18, 23x14x5, 12-16, 20x11, 3-8, 11x4, 10-15, 25-21, 15-19, 30-25, 6-10, 31-26, 19-24, 27x20, 10-15, 4-8, 1-6, 8-12, 15-19, 5-1, 6-10, 17-13, 10-14, 12-8, 14-18, 13-9, 19-24, 8-3, 24-28, 25-22, 18x25, 29x22, 28-32, 26-23, 32-27, 1-6, 27x18x25, 21-17, 25-22, 3-7, 22x13, 7-3, 13-17, 3-8, 17-21, 6-10, 21-25, 9-5, 25-21, 10-7, 21-17, 8-11, 17-13, 7-3, 13-17, 3-7"
1044,1,1044,0,1,"11-16, 22-18, 8-11, 25-22, 11-15, 18x11, 10-15, 30-25, 6-10, 24-19, 15x24, 28x19, 2-6, 11x2, 3-8, 2-7, 9-13, 7x14, 8-11, 32-28, 13-17, 22x13, 6-9, 13x6, 1x10x17, 21x14, 11-15, 19x10, 5-9, 14x5, 16-20, 10-7, 20-24, 27x20, 4-8, 25-21, 8-11, 5-1, 12-16, 29-25, 11-15, 20x11, 15-19, 23x16"
1045,1,1045,0,0,"9-14, 24-20, 12-16, 23-18, 14x23, 27x18, 8-12, 18-15, 11x18, 22x15, 10x19, 20x11, 7x16, 32-27, 4-8, 25-22, 6-9, 27-24, 8-11, 24x15x8, 2-6, 28-24, 9-14, 22-18, 14x23, 26x19, 16x23, 30-26, 23x30, 8-4, 3-7, 31-27, 30-26, 24-19, 6-9, 19-15, 26-31, 15-11, 7x16, 27-23, 9-14, 29-25, 5-9, 4-8, 14-17, 21x14x5, 16-19, 23x16, 12x19, 8-3, 19-23, 25-21, 31-26, 3-8, 23-27, 8-3, 26-22, 3-7, 22-26, 21-17, 26-23, 7-11, 27-31, 11-7, 31-26, 17-14, 23-19, 7-10, 19-23, 14-9, 26-31, 10-7, 1-6, 9x2, 23-26, 7-10, 26-22, 2-7, 22-25, 10-14, 31-27, 14-18, 25-21, 18-14, 21-17, 14x21, 27-24, 7-3, 24-28, 21-25, 28-24, 3-8, 24-28, 25-21"
1046,1,1046,0,0,"9-13, 22-17, 13x22, 25x18, 11-16, 24-20, 10-14, 20x11, 8x15x22, 26x17x10, 6x15, 31-26, 4-8, 21-17, 15-18, 23x14, 7-11, 17-13, 5-9, 13x6, 1x10x17, 26-22, 17x26, 30x23, 2-6, 28-24, 3-7, 29-25, 7-10, 23-18, 10-14, 18x9x2, 11-15, 27-23, 15-19, 23x16, 12x19x28, 25-22, 8-11, 22-18, 11-15, 18x11"
1047,1,1047,0,0,"12-16, 23-18, 16-19, 24x15, 10x19, 27-23, 19-24, 28x19, 8-12, 18-14, 9x18x27, 31x24, 4-8, 22-17, 5-9, 19-15, 11x18, 24-19, 18-23, 17-14, 9x18, 19-15, 8-11, 15x8, 7-10, 26x19, 10-15, 19x10, 6x15, 30-26, 1-6, 26-22, 2-7, 32-28, 12-16, 22-17, 3x12, 17-14, 7-11, 21-17, 18-22, 25x18, 15x22, 29-25, 22x29, 17-13, 16-20, 14-9, 29-25, 9x2, 20-24, 28x19, 11-16, 13-9, 16x23, 9-5, 12-16, 2-6, 16-20, 6-1, 23-26, 1-6, 25-22, 6-2, 22-25, 2-6"
1048,1,1048,1,0,"12-16, 22-18, 10-14, 24-20, 11-15, 18x11, 8x15, 20x11, 7x16, 23-19, 16x23, 27x18x11, 3-7, 26-23, 7x16, 31-26, 14-17, 21x14, 9x18x27, 32x23, 6-9, 23-18, 16-20, 18-15, 1-6, 28-24, 20x27, 26-23, 9-13, 30-26, 27-32, 23-18, 2-7, 15-10, 6x15x22x31, 25-21, 32-28, 21-17, 13x22, 29-25, 22x29"
1049,1,1049,0,1,"11-15, 22-17, 7-11, 17-13, 11-16, 24-20, 3-7, 20x11, 7x16, 23-19, 15x24, 28x19, 16x23, 27x18, 2-7, 32-28, 10-14, 26-23, 12-16, 28-24, 8-12, 24-20, 4-8, 20x11x4, 6-10, 13x6, 5-9, 23-19, 14x23, 21-17, 12-16, 19x12, 9-14, 31-26, 14x21, 26x19, 10-15, 19x10x3, 1x10, 25-22, 10-14, 4-8, 21-25, 30x21, 14-18, 22x15"
1050,1,1050,0,0,"12-16, 22-17, 9-14, 26-22, 10-15, 17x10, 7x14, 22-17, 5-9, 17x10, 3-7, 10x3x12x19x10, 6x15, 23-18, 15x22, 25x18, 4-8, 30-25, 11-16, 31-26, 8-12, 24-20, 1-5, 20x11, 9-13, 25-22, 12-16, 18-14, 13-17, 22x13, 5-9, 14x5, 16-20, 28-24, 2-7, 11x2"
1051,1,1051,1,0,"10-15, 24-19, 15x24, 28x19, 9-14, 27-24, 14-17, 21x14, 12-16, 19x12, 6-10, 32-27, 10x17, 22x13, 11-16, 25-21, 7-10, 30-25, 10-14, 21-17, 14x21x30, 29-25, 30x21, 23-19, 16x23x30, 24-20, 30-25, 20-16, 8-11, 16x7, 2x11, 31-26, 3-8, 12x3, 25-22, 26x17, 21x14, 27-24, 14-17, 24-20, 17-22, 3-8, 22-17, 8x15, 17-21, 15-18, 21-17, 18-22, 17x26, 20-16, 26-22, 13-9, 5x14, 16-11, 14-17, 11-8, 4x11"
1052,1,1052,1,0,"10-15, 24-20, 15-19, 23x16, 12x19, 27-24, 11-15, 20-16, 7-10, 22-18, 15x22, 24x15, 10x19, 26x17, 9-14, 17x10, 6x15, 16-11, 5-9, 25-22, 19-24, 28x19x10, 8x15, 29-25, 9-13, 10-7, 3x10, 32-28, 4-8, 28-24, 2-7, 30-26, 8-12, 24-19, 15x24, 31-27, 24x31, 21-17, 7-11, 25-21, 10-15, 22-18, 13x22, 26x17, 15x22, 17-13, 12-16, 21-17, 11-15, 13-9, 15-18, 9-6, 1x10, 17-14, 10x17"
1053,1,1053,0,0,"10-15, 24-20, 15-19, 23x16, 12x19, 21-17, 11-16, 20x11, 8x15, 25-21, 15-18, 22x15, 9-13, 28-24, 19x28, 27-24, 13x22, 26x17, 5-9, 31-27, 3-8, 15-11, 7x16, 30-25, 9-14, 17x10, 6x15, 24-20, 2-6, 20x11, 1-5, 11-7, 8-12, 27-24, 6-10, 7-2, 10-14, 2-6, 14-17, 21x14, 15-18, 24-20, 18-22, 25x18, 4-8, 6-10, 5-9, 14x5, 8-11, 32-27, 11-15, 18x11, 12-16, 5-1, 16-19, 27-23, 19x26, 10-7, 26-30, 20-16, 30-25, 29x22, 28-32, 22-17, 32-27, 7-3, 27-31, 3-8, 31-26, 17-14, 26-30, 16-12, 30-26, 14-9, 26-31, 1-5, 31-26, 11-7, 26-23, 8-4, 23-26, 9-6, 26-23, 4-8"
1054,1,1054,1,0,"10-15, 22-17, 7-10, 17-14, 10x17, 21x14, 9x18, 23x14, 11-16, 24-20, 16-19, 26-23, 19x26, 30x23, 15-18, 31-26, 5-9, 14x5, 8-11, 23x14, 6-10, 14x7, 3x10, 26-23, 12-16, 25-21, 10-15, 27-24, 2-7, 23-18, 15x22, 21-17, 16-19, 24x15x8, 4x11, 20-16, 11x20, 32-27, 1-6, 27-24, 20x27, 28-24, 22-26, 17-14, 7-11, 14-10, 6x15, 24-19, 15x24, 5-1, 11-16, 1-6, 27-31, 6-9, 31-27, 9-14, 27-31, 14-17, 24-28, 29-25, 31-27, 17-22, 27-24, 22x31, 16-20, 31-26, 24-27, 26-22, 27-24, 25-21, 28-32, 22-18, 32-27, 18-15, 27-23, 15-18, 23x14, 21-17, 14x21"
1055,1,1055,0,0,"12-16, 23-19, 16x23, 26x19, 9-13, 22-17, 13x22, 25x18, 6-9, 18-14, 10x17, 21x14, 9x18, 30-25, 18-22, 25x18, 8-12, 24-20, 1-6, 18-14, 6-9, 27-24, 9x18, 32-27, 18-23, 27x18, 3-8, 31-27, 7-10, 18-15, 11x18, 27-23, 18x27, 29-25, 5-9, 19-16, 12x19, 24x15x6, 27-32, 25-22, 9-14, 20-16, 2x9, 28-24, 8-12, 24-19, 9-13, 22-18, 14x23, 19-15, 12x19, 15-11, 4-8, 11x4, 32-28, 4-8, 28-32, 8-12, 32-27, 12-16, 27-31, 16-11, 23-27, 11-8, 27-32, 8-3, 31-27, 3-8, 27-31"
1056,1,1056,0,0,"11-16, 22-18, 8-11, 24-19, 9-13, 18-14, 10x17, 21x14, 3-8, 19-15, 11x18, 27-24, 18x27, 32x23, 13-17, 23-19, 16x23, 26x19, 8-11, 31-27, 12-16, 19x12, 4-8, 12x3x10, 6x15, 25-21, 17-22, 27-23, 11-16, 24-20, 15-19, 20x11, 19x26, 30x23, 2-6, 11-7, 6-10, 23-18, 10x17, 21x14, 22-25, 29x22, 1-6, 22-17, 5-9, 14x5, 6-9, 18-14, 9x18, 17-14, 18-23, 14-10, 23-26, 7-3, 26-31, 5-1, 31-27, 1-5, 27-32, 3-7, 32-27"
1057,1,1057,0,0,"10-15, 24-19, 15x24, 28x19, 9-13, 32-28, 6-9, 27-24, 2-6, 21-17, 6-10, 23-18, 11-16, 26-23, 16-20, 19-16, 12x19x26, 30x23, 20x27, 31x24, 8-12, 23-19, 1-6, 17-14, 10x17x26, 25-22, 7-10, 24-20, 13-17, 22x13, 9-14, 18x9x2, 4-8, 13-9, 5x14, 29-25, 12-16, 19x12, 26-30, 25-21, 3-7, 2x11x4, 14-18, 20-16, 18-22, 12-8, 10-14, 21-17, 14x21, 8-3, 22-26, 16-11, 21-25, 4-8, 26-31, 28-24, 31-27, 8-4, 27x20, 11-8, 20-16, 3-7, 30-26, 7-11, 16x7, 8-3, 26-31, 3x10, 31-27, 10-15, 25-30, 15-19, 27-31, 19-16, 30-25, 16-12, 25-29, 4-8, 31-27, 8-3, 27-31, 3-7, 29-25, 12-8, 25-22, 8-12, 22-17, 7-10, 17-14, 10x17, 31-27, 17-22, 27-23, 12-8, 23-27, 8-3, 27-23, 22-26, 23x30, 3-7, 30-25, 7-10, 25-29, 10-7, 29-25"
1058,1,1058,0,1,"12-16, 24-20, 10-14, 23-18, 14x23, 27x18, 7-10, 32-27, 8-12, 26-23, 16-19, 23x16x7, 2x11, 21-17, 3-8, 31-26, 9-14, 18x9x2, 12-16, 17-14, 10x17, 22x13, 16-19, 13-9, 5x14, 20-16, 11x20, 25-22, 19-23, 26x19, 1-6, 2x9x18, 8-11, 30-25, 11-15, 19x10, 20-24, 28x19, 4-8, 19-16, 8-11, 16x7"
1059,1,1059,1,0,"12-16, 23-19, 16x23, 27x18, 9-14, 18x9, 5x14, 22-18, 14x23, 26x19, 11-16, 19x12, 10-14, 31-27, 7-10, 21-17, 14x21, 27-23, 10-15, 30-26, 21x30, 29-25, 30x21, 24-20, 15-18, 23x14, 2-7, 14-9, 6x13, 20-16, 7-11, 16x7, 3x10, 12x3, 1-6, 28-24, 10-15, 24-19, 15x24, 32-27, 24x31x22, 3-7, 21-17, 7-10, 6x15"
1060,1,1060,0,1,"10-14, 24-20, 14-18, 23x14, 9x18, 22x15, 11x18, 27-24, 18-22, 26x17, 7-10, 31-26, 6-9, 26-22, 10-15, 22-18, 15x22, 25x18, 8-11, 30-25, 12-16, 18-15, 11x18, 20x11, 9-14, 17x10, 18-23, 24-20, 2-7, 11x2, 23-26, 21-17, 26-31, 20-16, 31-27, 32x23, 1-6, 10x1, 3-8, 2-6, 8-11, 16x7, 4-8, 6-9, 5x14x21x30, 28-24, 30-25, 29x22, 8-12, 7-3, 12-16, 3-8, 16-20, 24-19, 20-24, 8-3, 24-28, 1-6, 28-32, 6-9, 32-27, 9-14, 27x18x25, 19-16, 25-30, 14-10, 30-26, 3-7, 26-22, 10-15, 22-18, 15x22"
1061,1,1061,1,0,"11-15, 24-19, 15x24, 27x20, 10-15, 28-24, 15-18, 22x15, 7-11, 21-17, 11x18x27, 32x23, 8-11, 17-13, 12-16, 31-27, 11-15, 20x11, 2-7, 11x2, 4-8, 25-21, 8-12, 2-7, 3x10, 23-18, 15x22x31, 30-25, 9-14, 24-19, 31x24x15, 25-22, 14-18, 21-17, 18x25, 29x22, 15-18, 22x15, 10x19, 17-14, 6-9, 13x6, 1x10x17"
1062,1,1062,0,0,"9-13, 21-17, 5-9, 23-19, 11-16, 22-18, 13x22, 26x17, 16x23, 25-22, 9-14, 18x9, 6x13, 27x18, 12-16, 32-27, 2-6, 24-19, 16x23x32, 30-25, 32-27, 31x24, 8-11, 25-21, 10-15, 17-14, 6-9, 14x5, 3-8, 21-17, 15-19, 24x15, 1-6, 29-25, 11-16, 25-21, 16-19, 15-11, 8x15, 18x11x2x9, 4-8, 17-14, 8-11, 9-6, 13-17, 22x13, 11-16, 13-9, 19-23, 6-2, 23-27, 5-1, 27-32, 9-5, 16-20, 2-7, 20-24, 28x19, 32-27, 7-10, 27-23, 19-16, 23-18, 10-15, 18x11x20, 1-6, 20-24, 6-9, 24-20, 9-6"
1063,1,1063,0,0,"11-15, 22-17, 15-19, 23x16, 12x19, 24x15, 10x19, 26-23, 19x26, 30x23, 7-10, 25-22, 9-14, 28-24, 10-15, 17x10, 15-18, 22x15, 6-9, 23-18, 9-14, 18x9, 5x14, 24-20, 14-17, 21x14, 1-6, 10x1, 8-11, 15x8, 3x12, 32-28, 4-8, 1-6, 2x9x18, 31-26, 18-22, 26x17, 8-11, 27-24, 12-16, 29-25, 11-15, 20x11, 15-18, 25-21, 18-23, 17-14, 23-27, 14-9, 27-32, 11-8, 32-27, 24-19, 27-32, 8-4, 32-27, 4-8"
1064,1,1064,0,1,"9-13, 21-17, 5-9, 23-18, 10-14, 17x10, 7x14x23, 26x19, 3-7, 22-18, 1-5, 25-22, 13-17, 22x13, 11-15, 18x11, 8x15, 19x10x1, 7-10, 13x6, 2x9, 24-20, 10-14, 30-26, 12-16, 20x11, 14-18, 29-25, 9-14, 27-24, 4-8, 11x4, 14-17, 4-8, 17-22, 26x17, 5-9, 25-21, 9-14, 17x10, 18-22, 1-5, 22-26, 31x22"
1065,1,1065,0,1,"11-15, 24-19, 15x24, 28x19, 10-14, 32-28, 14-18, 23x14, 9x18, 22x15, 12-16, 19x12, 6-9, 15-11, 7x16, 21-17, 9-14, 17x10, 2-6, 27-23, 6x15, 28-24, 8-11, 24-20, 1-6, 23-18, 15x22, 25x18, 3-7, 18-14, 6-9, 26-22, 9x18x25, 29x22, 5-9, 22-17, 11-15, 20x11x2, 4-8, 12x3, 9-13, 2-6, 13x22, 3-8, 22-26, 31x22, 15-18, 22x15"
1066,1,1066,0,0,"10-15, 23-19, 15-18, 22x15, 11x18, 26-23, 9-13, 23x14, 5-9, 14x5, 7-10, 19-16, 12x19, 24x15, 10x19, 21-17, 13x22, 25x18, 3-7, 28-24, 19x28, 30-25, 7-11, 25-21, 8-12, 29-25, 6-9, 18-15, 11x18, 27-24, 2-7, 24-19, 7-10, 31-27, 18-23, 27x18, 12-16, 19x12, 9-14, 18x9, 10-14, 21-17, 14x21x30, 12-8, 4x11, 32-27, 30-25, 9-6, 1x10, 27-24, 10-15, 5-1, 15-18, 24-20, 25-29, 20-16, 11x20, 1-6, 20-24, 6-2, 18-22, 2-6, 22-25, 6-10, 24-27, 10-6, 28-32, 6-10, 32-28"
1067,1,1067,0,0,"9-14, 22-18, 11-16, 18x9, 6x13, 25-22, 10-15, 23-19, 16x23, 27x18x11, 7x16, 24-19, 16x23, 26x19, 12-16, 19x12, 2-6, 22-18, 5-9, 28-24, 1-5, 31-26, 9-14, 18x9x2, 3-7, 12x3x10, 4-8, 10-14, 5-9, 14x5, 8-12, 30-25, 13-17, 21x14, 12-16, 32-28, 16-20, 26-22, 20x27, 14-10, 27-32, 22-17, 32-27, 28-24, 27x20, 10-7, 20-24, 2-6, 24-28, 6-9, 28-24, 5-1, 24-28, 7-2, 28-32, 1-6, 32-28, 9-5"
1068,1,1068,0,0,"9-13, 23-19, 12-16, 19x12, 5-9, 21-17, 1-5, 25-21, 10-15, 26-23, 6-10, 30-25, 10-14, 17x10, 7x14, 23-19, 11-16, 19x10, 8-11, 27-23, 3-8, 12x3, 2-7, 23-18, 14x23, 31-26, 7x14, 26x19x12, 11-16, 22-17, 13x22, 25x18, 14x23, 29-25, 16-19, 24x15, 23-27, 32x23, 9-13, 3-8, 4x11x18x27, 28-24, 13-17, 21x14, 27-32, 14-9, 5x14, 25-21, 32-27, 21-17, 27x20, 17x10, 20-16, 12-8, 16-19, 10-6, 19-15, 8-3, 15-10, 6-2, 10-15, 2-6"
1069,1,1069,0,0,"12-16, 21-17, 16-19, 23x16, 11x20, 25-21, 8-12, 17-14, 9x18x25, 29x22, 3-8, 21-17, 6-9, 24-19, 1-6, 19-15, 10x19, 28-24, 19x28, 22-18, 9-13, 26-23, 13x22, 18-14, 12-16, 27-24, 20x27, 31x24, 7-11, 24-19, 22-25, 19x12x3, 2-7, 30x21, 5-9, 14x5, 6-9, 3x10, 9-13, 10-7, 4-8, 7x16, 13-17, 21x14, 8-12, 14-10, 12x19x26, 10-7, 26-30, 32-27, 30-26, 7-2, 26-31, 2-7, 31x24, 7-2, 24-27, 5-1, 27-23, 1-6, 23-26, 6-1, 26-22, 2-7, 22-25, 7-11, 25-22, 11-15, 22-26, 15-11, 26-31, 11-7, 31-27, 7-11, 28-32, 11-8, 27-23, 8-3, 32-28, 3-8, 23-27"
1070,1,1070,1,0,"11-15, 22-18, 15x22, 26x17, 12-16, 17-13, 7-11, 25-22, 8-12, 29-25, 2-7, 22-17, 10-14, 17x10, 7x14, 23-19, 16x23, 27x18, 14x23, 31-27, 3-7, 27x18, 11-16, 18-14, 9x18, 32-27, 16-20, 13-9, 6x13, 21-17, 13x22x29, 27-23, 18x27, 24-19, 27-32, 19-15, 7-11, 15x8, 4x11, 30-25, 29x22, 28-24, 20x27"
1071,1,1071,1,0,"10-14, 24-19, 9-13, 21-17, 14x21, 22-17, 13x22, 26x17, 11-16, 25-22, 21-25, 30x21, 6-10, 22-18, 16-20, 19-16, 12x19x26, 31x22, 8-12, 27-24, 20x27, 32x23, 12-16, 23-19, 16x23, 17-14, 10x17x26, 18-15, 23-27, 21-17, 1-6, 17-14, 6-9, 29-25, 9x18, 28-24, 7-10, 15x6, 2x9, 24-20, 18-22, 25x18, 3-7, 18-15, 9-14, 15-11, 7x16, 20x11, 26-31, 11-8, 4x11"
1072,1,1072,1,0,"10-14, 21-17, 14x21, 22-18, 6-10, 18-15, 10x19, 23x16, 11x20, 25-22, 2-6, 30-25, 21x30x23, 27x18, 20x27, 32x23, 7-11, 28-24, 9-13, 24-20, 6-9, 31-26, 13-17, 22x13x6, 1x10, 23-19, 11-15, 18x11, 8x15x24, 20-16, 12x19, 26-23, 19x26, 29-25, 4-8, 25-22, 3-7, 22-18, 26-31, 18-14, 10x17"
1073,1,1073,1,0,"9-14, 21-17, 14x21, 22-18, 11-15, 18x11, 7x16, 24-19, 5-9, 27-24, 10-15, 19x10, 6x15, 32-27, 15-19, 24x15, 16-19, 23x16, 12x19, 15-10, 8-11, 10-6, 1x10, 26-23, 19x26, 31x22, 10-14, 30-26, 21x30x23x32, 28-24, 2-6, 24-20, 3-7, 29-25, 32-28, 22-18, 14x23, 25-21, 23-26, 21-17, 26-30, 20-16, 11x20, 17-14, 9x18"
1074,1,1074,0,1,"12-16, 22-18, 9-13, 26-22, 16-19, 24x15, 10x19x26, 30x23, 6-10, 27-24, 11-15, 18x11, 7x16, 24-20, 13-17, 20x11, 17x26, 31x22, 8x15, 28-24, 3-8, 32-28, 1-6, 23-18, 10-14, 18x9, 5x14, 24-19, 15x24, 28x19, 6-9, 22-17, 9-13, 17x10, 8-12, 25-22, 2-7, 10x3, 4-8, 19-15, 12-16, 3x12x19, 13-17, 22x13"
1075,1,1075,0,1,"10-15, 21-17, 11-16, 17-14, 9x18, 23x14, 15-19, 24x15, 16-20, 14-10, 7x14, 15-10, 6x15, 27-23, 2-7, 25-21, 1-6, 23-18, 14x23, 26x19x10x1, 5-9, 30-26, 7-11, 28-24, 20x27, 31x24, 12-16, 24-20, 11-15, 20x11, 15-18, 22x15, 3-7, 11x2, 8-12, 2-7, 9-14, 26-23, 12-16, 23-18, 14x23, 1-6, 16-20, 6-10, 23-27, 32x23, 4-8, 7-11, 20-24, 11x4, 24-28, 10-7, 28-32, 29-25, 32-28, 23-19, 28-24, 7-3, 24-20, 3-8, 20-16, 19x12"
1076,1,1076,1,0,"12-16, 21-17, 11-15, 24-20, 15-18, 23x14, 9x18, 22x15, 10x19, 20x11, 7x16, 28-24, 19x28, 26-23, 16-20, 17-14, 8-11, 31-26, 2-7, 14-10, 7x14, 23-19, 3-7, 25-22, 14-18, 22x15x8, 4x11, 30-25, 6-9, 26-22, 7-10, 22-17, 11-16, 19x12, 10-15, 17-13, 9-14, 25-21, 1-6, 12-8, 15-19, 8-3, 19-24, 29-25, 24x31, 21-17, 14x21x30, 13-9, 6x13, 32-27, 31x24, 3-8, 28-32, 8-12, 24-19, 12-8, 13-17, 8-11, 30-25, 11-16, 19x12"
1077,1,1077,0,1,"11-15, 23-18, 9-14, 18x11, 7x16, 21-17, 14x21, 24-19, 16x23, 27x18, 10-14, 18x9, 5x14, 22-17, 3-7, 17x10x3, 6-10, 25-22, 21-25, 30x21, 1-6, 22-17, 10-14, 17x10x1, 8-11, 26-23, 2-6, 1x10, 11-16, 21-17, 4-8, 17-14, 8-11, 14-9, 11-15, 10x19, 16-20, 31-27, 20-24, 27x20, 12-16, 19x12"
1078,1,1078,0,1,"11-16, 23-19, 16x23, 27x18, 10-15, 18x11, 8x15, 31-27, 3-8, 26-23, 15-19, 23x16, 12x19, 24x15, 8-12, 15-11, 7x16, 22-18, 9-14, 18x9, 5x14, 28-24, 16-19, 24x15, 4-8, 21-17, 14x21, 27-23, 8-11, 15x8, 12-16, 8-4, 1-5, 4-8, 16-19, 23x16, 5-9, 32-27, 6-10, 27-24, 9-14, 24-19, 14-17, 16-12, 2-7, 8-4, 17-22, 25x18, 10-14, 18x9, 21-25, 29x22, 7-11, 9-5, 11-16, 30-26, 16x23x30, 4-8, 30-26, 22-17, 26-31, 17-13, 31-27, 8-4, 27-31, 5-1, 31-26, 13-9, 26-31, 4-8, 31-27, 8-4, 27-32, 1-6, 32-28, 4-8, 28-32, 8-11, 32-28, 6-2, 28-24, 9-5, 24-28, 11-15, 28-24, 2-7, 24-20, 15-18, 20-16, 18-23, 16-19, 23x16"
1079,1,1079,0,1,"11-16, 22-18, 10-15, 18x11, 8x15, 26-22, 16-20, 22-18, 15x22, 25x18, 12-16, 21-17, 6-10, 29-25, 4-8, 18-14, 9x18, 23x14, 8-12, 25-21, 5-9, 14x5, 7-11, 30-25, 3-8, 31-26, 2-7, 17-14, 10x17, 21x14, 7-10, 14x7, 1-6, 27-23, 20x27, 5-1, 27-31, 1x10, 31x22x29, 7-2, 16-20, 10-14, 20-24, 28x19, 12-16, 19x12x3, 11-15, 3-8, 15-18, 8-4, 18x27, 32x23, 29-25, 2-6, 25-29, 14-17, 29-25, 17-21, 25-22, 6-2, 22-17, 21x14"
1080,1,1080,0,1,"9-13, 21-17, 11-15, 23-19, 7-11, 22-18, 15x22, 25x18, 13x22, 26x17, 2-7, 18-15, 11x18, 27-23, 18x27, 32x23, 5-9, 23-18, 9-14, 18x9x2x11, 8x15, 31-27, 3-7, 30-26, 10-14, 19x10x3, 14x21, 3-7, 21-25, 29x22, 1-5, 22-18, 12-16, 7-10, 16-19, 24x15, 4-8, 26-23, 8-12, 28-24, 5-9, 10-14, 9-13, 24-20, 13-17, 14x21, 12-16, 20x11"
1081,1,1081,0,0,"9-13, 24-20, 12-16, 23-19, 16x23, 26x19, 6-9, 28-24, 8-12, 22-17, 13x22, 25x18, 11-15, 18x11, 7x16x23, 27x18, 2-7, 21-17, 3-8, 32-27, 10-15, 18x11x2, 12-16, 20x11, 8x15, 29-25, 9-13, 25-21, 13x22, 24-20, 5-9, 27-24, 9-14, 31-26, 22x31, 2-6, 1x10, 30-25, 31-27, 20-16, 27x20x11, 25-22, 11-16, 22-17, 15-19, 17-13, 19-24, 13-9, 16-20, 9-6, 14-17, 21x14x7, 24-27, 6-1, 27-32, 1-5, 20-16, 7-2, 16-11, 5-1, 32-27, 1-6, 11-15, 6-1, 27-31, 2-7, 15-10, 7x14, 31-26, 14-9, 26-31, 9-13, 31-26, 1-5, 26-31, 5-1"
1082,1,1082,0,1,"9-14, 21-17, 14x21, 23-19, 10-14, 22-17, 11-15, 17x10, 7x14, 19x10, 6x15, 27-23, 8-11, 26-22, 14-18, 23x14, 12-16, 22-17, 2-7, 32-27, 7-10, 14x7, 3x10, 31-26, 16-19, 17-13, 15-18, 24x15x6, 1x10, 26-23, 11-15, 23x14x7, 15-18, 27-23, 18x27, 25-22, 27-32, 22-18, 5-9, 13x6, 21-25, 29x22, 32-27, 18-14, 27-31, 14-9, 31-26, 30x23, 4-8, 9-5, 8-12, 6-1, 12-16, 7-3, 16-20, 1-6, 20-24, 28x19"
1083,1,1083,0,0,"11-15, 22-17, 8-11, 24-20, 10-14, 17x10, 7x14, 25-22, 14-17, 21x14, 9x18x25, 29x22, 6-10, 22-18, 15x22, 26x17, 4-8, 31-26, 3-7, 17-14, 10x17, 27-24, 11-15, 30-25, 2-6, 23-19, 12-16, 20x11x4, 6-9, 19x10x3, 1-6, 4-8, 6-10, 25-21, 9-13, 21x14x7, 13-17, 24-20, 17-21, 32-27, 21-25, 20-16, 25-29, 27-23, 5-9, 16-11, 29-25, 7-2, 25-29, 11-7, 29-25, 26-22, 25x18x27, 28-24, 27x20, 8-12, 20-16, 12x19, 9-14, 19-16, 14-17, 16-20, 17-21, 2-6, 21-25, 6-1, 25-29, 20-16, 29-25, 3-8, 25-21, 8-12, 21-17, 16-11, 17-21, 7-3, 21-25, 11-7"
1084,1,1084,0,0,"10-14, 22-18, 9-13, 18x9, 5x14, 24-20, 11-16, 20x11, 7x16, 26-22, 6-10, 21-17, 14x21, 23-18, 2-7, 18-14, 10x17x26, 30x23, 21x30, 29-25, 30x21, 23-18, 1-5, 31-26, 7-10, 28-24, 16-19, 24x15x6, 21-25, 32-28, 25-22, 26x17, 13x22, 18-14, 5-9, 14x5, 22-25, 5-1, 25-29, 6-2, 29-25, 1-6, 25-30, 6-9, 30-25, 2-7, 3x10, 27-23, 10-15, 9-13, 25-30, 28-24, 15-18, 23x14, 8-11, 13-17, 30-25, 14-9, 25-22, 17x26, 11-15, 9-6, 4-8, 26-31, 15-19, 24x15, 12-16, 15-11, 8x15, 31-26, 16-20, 6-1, 15-19, 26-30, 19-23, 1-6, 23-27, 6-2, 20-24, 2-6, 24-28, 30-25, 27-32, 25-29, 32-27, 6-2, 28-32, 2-7, 27-24, 29-25, 32-28, 7-2, 28-32, 2-7"
1085,1,1085,1,0,"9-13, 22-17, 13x22, 25x18, 10-15, 29-25, 15x22x29, 23-18, 6-9, 18-15, 11x18, 27-23, 18x27, 32x23, 2-6, 23-19, 7-10, 31-27, 10-14, 26-23, 29-25, 30-26, 8-11, 19-15, 11x18, 26-22, 3-8, 22x15, 14-18, 23x14, 9x18, 24-19, 8-11, 15x8, 4x11, 19-16, 11x20, 27-23, 18x27, 21-17, 6-9, 28-24, 12-16, 17-14, 9x18, 24-19, 16x23"
1086,1,1086,0,0,"10-15, 22-17, 15-19, 23x16, 12x19, 24x15, 11x18, 25-22, 18x25, 29x22, 9-13, 27-23, 5-9, 22-18, 13x22, 26x17, 6-10, 32-27, 9-14, 18x9, 1-6, 23-18, 6x13x22, 27-24, 22-25, 18-14, 10x17, 21x14, 8-12, 30x21, 4-8, 31-27, 12-16, 14-10, 7x14, 21-17, 14x21, 27-23, 2-7, 24-20, 16-19, 23x16, 7-11, 16x7, 3x10, 20-16, 10-15, 16-12, 15-19, 12x3, 21-25, 28-24, 19x28, 3-7, 25-29, 7-11, 28-32, 11-15, 29-25, 15-19, 25-29, 19-15"
1087,1,1087,1,0,"9-13, 23-19, 10-14, 19-16, 11x20, 24-19, 7-10, 26-23, 20-24, 27x20, 10-15, 19x10, 6x15, 21-17, 14x21, 23-19, 15x24, 28x19, 13-17, 22x13, 3-7, 32-28, 2-6, 19-15, 7-11, 15-10, 6x15, 30-26, 21x30x23, 31-27, 23x32, 20-16, 12x19, 28-24, 19x28, 13-9, 5x14, 29-25, 32-27, 25-22, 27-24, 22-18, 14x23"
1088,1,1088,0,1,"10-15, 21-17, 11-16, 25-21, 15-18, 22x15, 9-14, 17x10, 7x14, 24-20, 2-7, 20x11x2x9x18, 8-11, 15x8, 4x11, 18-14, 5-9, 14x5, 12-16, 29-25, 3-8, 28-24, 11-15, 25-22, 8-12, 24-20, 15-18, 23x14, 16-19, 14-10, 12-16, 20x11, 1-6, 10x1, 19-24, 27x20"
1089,1,1089,1,0,"11-15, 24-19, 15x24, 28x19, 12-16, 19x12, 7-11, 23-19, 9-14, 27-24, 11-16, 21-17, 14x21, 32-27, 16x23x32, 24-20, 10-14, 26-23, 14-18, 22x15, 32-28, 31-27, 6-10, 15x6, 1x10, 23-19, 10-14, 20-16, 14-17, 30-26, 21x30x23x32, 16-11, 8x15x24, 12-8, 4x11, 29-25, 3-8, 25-21, 2-7, 21x14, 8-12, 14-10, 7x14"
1090,1,1090,0,1,"12-16, 22-17, 11-15, 17-14, 10x17, 21x14, 9x18, 23x14, 15-18, 26-22, 5-9, 22x15, 9x18, 24-20, 7-10, 20x11, 10x19, 25-21, 8x15, 21-17, 18-23, 27x18x11, 2-7, 11x2x9, 19-24, 28x19, 1-5, 32-27, 5x14x21, 27-24, 21-25, 29x22, 3-8, 30-25, 8-12, 25-21, 12-16, 19x12, 4-8, 12x3"
1091,1,1091,1,0,"12-16, 22-18, 16-19, 23x16, 11x20, 26-22, 8-11, 22-17, 10-14, 17x10, 6x15x22, 25x18, 11-15, 18x11, 7x16, 29-25, 9-14, 27-23, 20x27, 31x24, 1-6, 30-26, 6-9, 32-27, 3-8, 21-17, 14x21x30, 24-20, 9-14, 20x11, 8x15, 27-24, 15-18, 23-19, 30x23x16, 24-19, 16x23, 28-24, 4-8, 24-20, 23-26, 20-16, 14-17, 16-11, 8x15"
1092,1,1092,0,1,"10-14, 24-20, 11-15, 28-24, 15-18, 22x15, 14-18, 23x14, 9x18, 20-16, 12x19x28, 21-17, 6-10, 15x6, 1x10, 27-23, 18x27, 32x23, 10-15, 17-14, 8-11, 14-10, 7x14, 25-21, 4-8, 23-18, 15x22, 26x17x10, 2-6, 10x1, 3-7, 21-17, 28-32, 29-25, 32-27, 31x24, 8-12, 17-14, 7-10, 14x7, 12-16, 25-22, 5-9, 7-3, 16-20, 3-7, 20x27, 7x16, 27-32, 16-12, 32-27, 22-17, 27-23, 12-16, 23-19, 16x23, 9-14, 17x10"
1093,1,1093,0,1,"11-15, 23-19, 12-16, 19x12, 8-11, 22-17, 10-14, 17x10, 7x14, 24-19, 15x24, 27x20, 14-18, 25-22, 18x25, 29x22, 4-8, 30-25, 3-7, 12x3x10, 6x15, 26-23, 9-14, 20-16, 11x20, 28-24, 20x27, 31x24, 15-19, 24x15, 2-7, 23-19, 7-10, 15x6, 1x10, 19-15, 10x19, 21-17, 14x21x30, 32-27, 19-24, 27x20, 30-26, 20-16, 26x17, 16-11, 17-22, 11-8, 22-25, 8-4, 25-30, 4-8, 5-9, 8-4, 30-26, 4-8, 9-13, 8-11, 26-22, 11-15, 22-18, 15x22, 13-17, 22x13"
1094,1,1094,1,0,"11-16, 23-19, 16x23, 27x18, 7-11, 26-23, 11-16, 31-27, 2-7, 23-19, 16x23, 24-19, 10-14, 18-15, 14-18, 27-24, 7-11, 19-16, 12x19, 24-20, 9-13, 28-24, 19x28, 20-16, 11x20, 30-26, 23x30, 21-17, 30x21x14, 29-25, 5-9, 32-27, 8-11, 15x8, 3x12, 22x15, 12-16, 25-22, 16-19, 27-24, 20x27, 15-10, 6x15, 22-18, 14x23"
1095,1,1095,1,0,"12-16, 24-19, 8-12, 22-18, 9-14, 18x9, 6x13, 19-15, 10x19, 27-24, 4-8, 24x15, 11x18x27, 31x24, 16-20, 25-22, 20x27, 32x23, 8-11, 23-19, 5-9, 19-15, 11x18x25, 29x22, 7-11, 26-23, 11-15, 22-17, 13x22, 30-26, 22x31, 28-24, 1-6, 24-20, 9-13, 23-18, 15x22, 20-16, 12x19, 21-17, 3-8, 17-14, 19-24, 14-10, 6x15"
1096,1,1096,1,0,"10-15, 23-19, 6-10, 26-23, 12-16, 19x12, 11-16, 31-26, 9-13, 22-17, 13x22x31, 24-20, 31x24, 28x19, 15x24, 20x11, 7x16, 30-26, 24-27, 25-22, 16-20, 23-18, 1-6, 32x23, 20-24, 21-17, 10-14, 17x10x1, 2-7, 29-25, 5-9, 23-19, 8-11, 18-15, 11x18, 22x15, 9-13, 15-11, 7x16x23x30x21, 12-8, 4x11, 1-5, 3-7, 5-1, 7-10, 1-5, 10-14, 5-1, 24-27, 1-5, 21-25, 5-9, 25-22, 9x18x25, 11-15, 25-29, 27-31, 29-25, 15-19, 25-29, 13-17, 29-25, 31-27, 25-30, 27-32, 30-26, 19-24, 26-31, 24-27, 31x24, 17-22, 24-20, 22-25, 20-24, 25-30, 24-19, 32-27, 19-23, 27x18"
1097,1,1097,0,0,"11-16, 23-19, 16x23, 26x19, 12-16, 19x12, 7-11, 31-26, 3-7, 12x3, 10-14, 3x10x17, 2-7, 17-14, 9x18, 22x15x8, 4x11, 27-23, 7-10, 24-19, 11-16, 19x12, 5-9, 23-18, 10-15, 18x11, 9-13, 12-8, 6-10, 8-4, 13-17, 21x14x7, 1-6, 7-3, 6-9, 11-7, 9-14, 32-27, 14-17, 7-2, 17-21, 27-23"
1098,1,1098,0,0,"9-14, 21-17, 14x21, 22-17, 10-14, 17x10, 6x15, 24-20, 12-16, 28-24, 7-10, 25-22, 16-19, 23x16x7, 2x11, 30-25, 21x30x23, 27x18, 8-12, 31-27, 1-6, 32-28, 3-8, 27-23, 12-16, 18-14, 10x17x26, 29-25, 26-30, 23-18, 30x21, 18-14, 16-19, 14-10, 11-16, 20x11, 19-23, 10x1, 15-18, 11-7, 8-11, 1-6, 21-25, 7-3, 25-29, 3-8, 29-25, 8x15x22x29, 23-26, 6-10, 26-31, 24-19, 5-9, 10-15, 9-14, 15-10, 4-8, 10x17, 31-26, 17-21, 26-22, 28-24, 8-12, 29-25, 22x29, 19-16, 12x19x28, 21-17, 28-32, 17-13, 32-27, 13-9, 27-31, 9-5, 31-27, 5-1, 27-32, 1-6, 29-25, 6-1, 32-28, 1-5, 25-29, 5-1, 29-25"
1099,1,1099,1,0,"9-13, 24-20, 5-9, 27-24, 11-15, 21-17, 15-19, 24x15, 10x19, 23x16, 12x19, 22-18, 13x22, 26x17, 9-13, 25-22, 6-10, 17-14, 10x17x26, 30x23x16, 13-17, 31-26, 1-6, 16-11, 8x15x22x31, 28-24, 6-9, 32-27, 2-6, 29-25, 17-22, 25x18, 9-13, 24-19, 31x24x15x22, 20-16, 22-18, 16-12, 7-10, 12-8, 4x11"
1100,1,1100,1,0,"9-13, 24-20, 11-16, 20x11, 7x16, 23-18, 5-9, 27-24, 10-14, 22-17, 14x23, 26x19, 13x22, 25x18, 16x23, 32-27, 23x32, 21-17, 9-13, 18-15, 13x22, 29-25, 22x29, 15-11, 8x15, 24-19, 15x24, 28x19, 6-10, 31-26, 1-5, 30-25, 29x22x31, 19-15, 10x19"
1101,1,1101,1,0,"12-16, 23-18, 16-20, 26-23, 10-14, 18-15, 11x18, 22x15, 8-12, 31-26, 7-10, 26-22, 10x19x26, 30x23, 3-7, 24-19, 7-10, 19-16, 12x19x26, 21-17, 14x21x30, 28-24, 2-7, 24-19, 30-25, 32-28, 25x18, 29-25, 7-11, 27-24, 20x27, 19-16, 11x20, 28-24, 10-14, 25-21, 6-10, 24-19, 26-30, 19-16, 27-31, 16-11, 30-25, 21-17, 14x21, 11-7, 25-29, 7-2, 20-24, 2-7, 1-6, 7x14x23, 9-14, 23-19, 6-10, 19x28, 5-9, 28-32, 4-8, 32-27, 31x24"
1102,1,1102,0,1,"10-14, 24-19, 12-16, 19x12, 14-17, 22x13, 11-16, 26-22, 8-11, 28-24, 3-8, 12x3x10, 6x15, 13x6, 1x10, 23-19, 16x23, 27x18, 15-19, 24x15x6, 2x9, 18-15, 11x18, 22x15, 9-14, 21-17, 14x21, 15-11, 4-8, 11x4, 5-9, 32-28, 9-13, 30-26, 21x30x23, 4-8, 23-26, 31x22, 13-17, 22x13"
1103,1,1103,1,0,"12-16, 22-18, 10-15, 26-22, 9-14, 18x9, 6x13, 24-19, 15x24, 28x19x12, 2-6, 31-26, 6-9, 22-17, 13x22x31x24, 25-22, 11-16, 23-18, 16-20, 30-25, 24-28, 32-27, 28-32, 21-17, 32x23x14x21x30, 22-17, 7-11, 17-13, 3-7, 12x3x10, 30-25, 13x6, 25-30, 6-2, 4-8, 10-7, 8-12, 7x16, 12x19, 29-25, 30x21, 2-6, 1x10"
1104,1,1104,0,1,"10-15, 21-17, 12-16, 24-20, 8-12, 17-14, 9x18, 23x14, 5-9, 14x5, 16-19, 27-24, 15-18, 22x15x8, 4x11, 24x15x8, 12-16, 20x11, 7x16, 26-23, 3x12, 28-24, 2-7, 32-27, 6-10, 25-22, 16-20, 22-17, 10-14, 17x10x3, 1-6, 23-18, 6-10, 30-25, 10-14, 18x9, 12-16, 3-7, 16-19, 24x15, 20-24, 27x20"
1105,1,1105,0,0,"12-16, 23-18, 16-19, 24x15, 10x19, 18-15, 11x18, 22x15, 7-11, 26-22, 11x18, 22x15, 19-24, 27x20, 9-13, 25-22, 8-12, 15-10, 6x15, 21-17, 3-7, 30-25, 1-6, 22-18, 15x22, 25x18, 13x22, 20-16, 12x19, 31-27, 22-26, 28-24, 19x28, 18-15, 4-8, 15-11, 7x16, 29-25, 6-9, 25-21, 8-12, 27-23, 2-7, 23-18, 7-10, 32-27, 10-15, 18x11, 16-20, 27-24, 20x27, 21-17, 27-31, 17-13, 28-32, 13x6, 31-27, 6-1, 27-23, 11-7, 12-16, 7-3, 32-27, 3-7, 16-19, 7-11, 27-32, 11-16, 23-27, 16x23x30, 27-23, 30-25, 5-9, 25-30, 32-27, 1-6, 27-31, 6x13, 31-27, 30-25, 23-19, 25-30, 19-15, 30-26, 27-31, 13-9, 31x22, 9-13, 22-17, 13x22, 15-11, 22-25, 11-7, 25-22, 7-10"
1106,1,1106,0,1,"11-15, 23-19, 9-13, 21-17, 8-11, 24-20, 15x24, 28x19, 11-16, 20x11, 7x16x23, 26x19, 6-9, 19-15, 10x19, 25-21, 3-7, 29-25, 12-16, 32-28, 16-20, 31-26, 19-24, 28x19, 1-6, 19-15, 9-14, 17x10x3, 6-10, 15x6, 2x9, 3-7, 13-17, 21x14, 9x18, 22x15, 5-9, 15-11, 4-8, 11x4, 9-14, 26-22, 20-24, 27x20, 14-17, 22x13"
1107,1,1107,0,0,"11-15, 23-18, 10-14, 18x11, 8x15, 24-19, 15x24, 28x19, 7-11, 27-24, 9-13, 32-27, 5-9, 26-23, 11-15, 19x10, 6x15, 23-19, 2-7, 19x10, 4-8, 24-20, 7-11, 10-6, 1x10, 31-26, 11-16, 20x11x4, 10-15, 26-23, 13-17, 22x13x6, 15-19, 23x16, 12x19, 21-17, 14x21, 27-24, 19x28, 6-1, 3-8, 4x11, 28-32, 25-22, 21-25, 30x21, 32-27, 22-17, 27-32, 29-25, 32-27, 1-5, 27-23, 5-9, 23-27, 11-16, 27-23, 9-5"
1108,1,1108,1,0,"12-16, 22-18, 9-14, 18x9, 6x13, 25-22, 2-6, 23-18, 16-19, 24x15, 10x19, 27-23, 5-9, 23x16, 11x20, 18-14, 9x18x25, 29x22, 8-12, 32-27, 3-8, 30-25, 8-11, 22-17, 13x22x29, 27-23, 29-25, 21-17, 1-5, 17-14, 25-21, 31-27, 11-15, 27-24, 20x27, 23-18, 15x22x31, 14-10, 6x15, 28-24, 27-32, 24-20, 21-25, 20-16, 12x19"
1109,1,1109,0,0,"11-15, 24-20, 12-16, 20x11, 7x16, 21-17, 10-14, 17x10, 16-20, 28-24, 8-12, 22-17, 15-18, 23x14, 9x18, 26-23, 6x15, 23x14, 15-19, 24x15, 3-8, 14-10, 1-6, 10x1, 2-7, 17-13, 7-10, 15x6, 20-24, 27x20, 5-9, 25-22, 8-11, 29-25, 12-16, 1-5, 4-8, 5x14, 16-19, 6-2, 11-16, 20x11x4, 19-24, 31-26, 24-28, 4-8"
1110,1,1110,0,1,"10-14, 22-17, 7-10, 24-19, 12-16, 19x12, 14-18, 23x14x7, 3x10, 12x3, 11-15, 26-23, 15-19, 23x16, 10-14, 17x10, 6x15, 27-23, 15-19, 21-17, 19x26, 30x23, 2-7, 3x10, 1-6, 10x1, 9-13, 17-14, 5-9, 14x5, 13-17, 1-6, 17-21, 23-19, 21x30, 5-1, 30-26, 31x22, 4-8, 16-12, 8-11, 6-2, 11-15, 19x10"
1111,1,1111,1,0,"11-15, 24-19, 15x24, 28x19, 9-14, 21-17, 14x21, 32-28, 10-14, 23-18, 14x23x32, 31-27, 32x23x16, 28-24, 7-10, 22-17, 3-7, 17-13, 5-9, 24-20, 9-14, 20x11, 8x15, 26-22, 12-16, 13-9, 6x13, 30-26, 21x30x23, 22-17, 14x21, 29-25, 21x30"
1112,1,1112,0,1,"10-15, 21-17, 11-16, 23-19, 16x23, 27x18x11, 8x15, 25-21, 15-19, 24x15, 6-10, 15x6, 1x10, 31-27, 12-16, 17-14, 10x17, 22x13x6, 2x9, 28-24, 4-8, 26-23, 9-13, 23-19, 16x23, 27x18, 5-9, 29-25, 9-14, 18x9, 8-12, 21-17, 13x22x29, 24-20, 12-16, 20x11x2, 3-7, 2x11, 29-25, 30x21"
1113,1,1113,0,1,"11-16, 23-18, 7-11, 26-23, 3-7, 18-14, 9x18, 22x15, 11x18, 23x14, 10x17, 21x14, 7-11, 27-23, 16-20, 31-27, 11-15, 25-21, 15-19, 24x15, 20-24, 28x19, 6-9, 30-26, 9x18, 23x14, 2-7, 26-22, 5-9, 14x5, 7-11, 29-25, 11x18, 22x15, 1-6, 27-24, 8-11, 15x8, 4x11, 21-17, 12-16, 19x12, 6-10, 24-19, 10-15, 19x10, 11-15, 5-1, 15-19, 10-7, 19-24, 25-21, 24-27, 32x23"
1114,1,1114,0,1,"11-16, 22-17, 7-11, 24-20, 2-7, 17-14, 9x18, 23x14, 10x17, 21x14, 11-15, 20x11x2x9, 15-18, 9-6, 1x10x17, 25-22, 18x25, 30x21x14, 12-16, 28-24, 3-7, 29-25, 8-11, 24-20, 11-15, 20x11x2, 5-9, 14x5, 4-8, 2-6, 15-19, 25-22, 8-11, 22-18, 19-24, 27x20, 11-15, 18x11"
1115,1,1115,0,0,"10-15, 21-17, 12-16, 24-20, 15-19, 28-24, 19x28, 25-21, 7-10, 17-13, 11-15, 20x11, 2-7, 11x2, 9-14, 2x9x18x11, 8x15, 29-25, 4-8, 27-24, 3-7, 24-20, 1-6, 20-16, 6-9, 13x6, 15-18, 22x15, 10x19, 6-1, 8-12, 25-22, 7-11, 16x7, 19-24, 30-25, 24-27, 31x24, 12-16, 22-18, 16-20, 1-6, 20x27, 6-10, 5-9, 7-2, 9-14, 10x17, 27-31, 2-7, 31x22x13, 25-22, 13-17, 22x13"
1116,1,1116,0,1,"9-14, 23-18, 14x23, 26x19, 11-15, 21-17, 6-9, 25-21, 1-6, 17-14, 10x17x26, 31x22, 12-16, 19x10x1, 8-12, 29-25, 16-19, 24x15, 2-6, 1x10, 7x14, 15-10, 14-18, 22x15, 9-13, 30-26, 5-9, 27-23, 3-7, 10x3, 13-17, 21x14x5, 4-8, 25-21, 12-16, 3x12x19"
1117,1,1117,1,0,"12-16, 22-18, 10-15, 24-20, 15x22, 26x17, 9-13, 23-19, 13x22, 25x18, 16x23, 21-17, 23-26, 30x23, 6-9, 20-16, 11x20, 18-15, 2-6, 27-24, 20x27, 31x24, 7-10, 23-18, 10x19, 24x15, 8-11, 15x8, 4x11, 18-15, 11x18, 17-14, 6-10, 14x7, 3x10, 32-27, 10-15, 29-25, 9-14, 27-23, 18x27, 25-21, 15-18, 21-17, 14x21, 28-24, 18-22, 24-20, 1-6, 20-16, 22-26, 16-11, 5-9, 11-8, 21-25, 8-4, 26-30, 4-8, 6-10, 8-4, 10-14, 4-8, 30-26, 8-3, 14-17, 3-7, 25-29, 7-2, 17-21, 2-7, 21-25, 7-3, 26-23, 3-7, 9-13, 7-10, 23-18, 10-14, 18x9"
1118,1,1118,0,0,"9-14, 24-20, 11-16, 20x11, 7x16, 28-24, 14-17, 21x14x7, 3x10, 22-18, 2-7, 18-15, 10x19x28, 23-19, 16x23, 27x18, 12-16, 18-14, 16-20, 14-10, 6x15, 32-27, 7-10, 27-24, 20x27, 31x24, 5-9, 25-22, 8-11, 24-19, 15x24, 22-17, 1-5, 29-25, 11-16, 26-23, 16-19, 23x16, 10-14, 17x10, 9-14, 25-21, 4-8, 10-7, 14-18, 16-12, 18-23, 12x3, 23-27, 30-25, 27-32, 3-8, 5-9, 8-4, 9-13, 21-17, 13x22x29, 7-3, 24-27, 4-8, 29-25, 8-12, 27-31, 3-7, 25-30, 7-10, 32-27, 10-14, 27-24, 12-8, 24-20, 14-18, 30-25, 8-11, 28-32, 18-22, 25x18, 11-7, 18-23, 7-3, 20-24, 3-7, 31-27, 7-2, 27-31, 2-6, 24-19, 6-9, 32-28, 9-6, 19-16, 6-10, 16-19, 10-14"
1119,1,1119,0,0,"11-15, 23-18, 8-11, 21-17, 3-8, 25-21, 10-14, 17x10x3, 15-19, 24x15, 9-13, 15-10, 6x15, 22-17, 15x22, 28-24, 11-16, 24-20, 1-6, 20x11, 8x15, 32-28, 2-7, 3x10x1, 5-9, 30-25, 15-19, 25x18, 13x22, 26x17, 4-8, 28-24, 19x28, 1-6, 8-11, 6x13, 11-15, 18x11, 12-16, 31-26, 16-19, 17-14, 19-24, 27x20, 28-32, 29-25, 32-28, 11-7, 28-32, 20-16, 32-28, 25-22, 28-24, 21-17, 24-27, 13-9, 27-32, 9-13, 32-27"
1120,1,1120,1,0,"12-16, 22-18, 16-20, 26-22, 9-14, 18x9, 5x14, 22-17, 1-5, 17-13, 6-9, 13x6, 2x9, 23-19, 10-15, 19x10, 14-17, 21x14, 9x18, 25-21, 7x14, 31-26, 3-7, 30-25, 18-22, 25x18x9, 5x14, 21-17, 14x21, 24-19, 8-12, 19-16, 12x19, 29-25, 21x30x23, 27x18, 4-8, 18-14, 8-12, 32-27, 11-15, 28-24, 19x28, 27-24, 20x27, 14-9, 28-32, 9-6, 32-28, 6-2, 15-18, 2x11, 12-16, 11x20, 28-32, 20-16, 18-22, 16-11, 22-25, 11-16, 25-29, 16-12, 32-28, 12-16, 27-32, 16-20, 28-24, 20x27, 32x23"
1121,1,1121,0,1,"9-14, 22-17, 14-18, 23x14, 5-9, 14x5, 10-14, 17x10, 6x15, 24-19, 15x24, 27x20, 12-16, 21-17, 1-6, 28-24, 16-19, 24x15, 11x18, 26-22, 6-10, 22x15x6, 2x9, 31-26, 9-14, 17x10, 7x14, 32-28, 14-17, 25-22, 8-11, 22x13, 11-16, 20x11, 3-8, 26-22, 8x15, 5-1, 15-19, 29-25, 19-24, 28x19, 4-8, 19-15, 8-11, 15x8"
1122,1,1122,1,0,"11-16, 21-17, 16-19, 23x16, 12x19, 24x15, 10x19, 27-24, 9-14, 24x15, 14x21, 32-27, 5-9, 27-23, 7-10, 23-18, 10x19, 31-27, 8-11, 22-17, 9-14, 17x10, 6x15x22x31x24, 30-26, 21x30x23, 29-25, 24-20, 25-22, 3-7, 22-17, 19-24, 28x19, 23x16, 17-13, 4-8, 13-9, 7-10, 9-6, 2x9"
1123,1,1123,0,1,"9-13, 24-20, 10-14, 23-19, 5-9, 19-15, 11x18, 22x15, 14-17, 21x14x5, 13-17, 25-22, 12-16, 20x11, 7x16, 22x13, 6-9, 13x6, 2x9, 26-22, 8-11, 15x8, 3x12, 27-24, 16-19, 24x15, 1-6, 5-1, 4-8, 1x10, 9-13, 30-25, 12-16, 31-26, 8-11, 15x8, 16-20, 8-4, 20-24, 28x19, 13-17, 22x13"
1124,1,1124,0,0,"9-14, 23-18, 14x23, 27x18, 5-9, 24-20, 1-5, 20-16, 12x19, 22-17, 19-24, 28x19, 10-14, 17x10x1, 9-13, 19-15, 7-10, 15x6, 2x9, 18-15, 11x18, 26-23, 18x27, 32x23, 13-17, 21x14, 9x18x27, 31x24, 5-9, 30-26, 9-14, 25-22, 14-17, 22x13, 8-11, 24-20, 3-7, 26-22, 7-10, 22-18, 11-16, 20x11, 10-15, 1-5, 15x22, 5-9, 4-8, 11x4, 22-26, 9-14, 26-30, 29-25, 30x21, 13-9, 21-25, 14-10, 25-29, 9-6, 29-25, 6-2, 25-21, 10-14, 21-25, 2-6"
1125,1,1125,1,0,"12-16, 24-20, 16-19, 23x16, 11-15, 26-23, 15-19, 27-24, 19x26, 30x23, 7-11, 16x7, 2x11, 23-18, 10-14, 21-17, 14x21x30, 18-14, 9x18x25, 29x22, 6-10, 22-17, 1-6, 24-19, 5-9, 17-14, 9x18, 28-24, 11-16, 19x12, 6-9, 32-27, 9-13, 27-23, 18x27, 20-16, 30-25, 24-19, 10-15, 31x24, 25-22, 19x10, 22-18, 24-19, 18-15, 16-11, 15x6, 19-16, 8x15, 16-11, 6-9, 11-8, 4x11, 12-8, 3x12"
1126,1,1126,0,1,"10-14, 23-18, 14x23, 26x19, 7-10, 24-20, 10-14, 22-17, 9-13, 17x10, 6x15x24, 28x19, 12-16, 19x12, 11-16, 20x11, 8x15, 32-28, 13-17, 21x14, 1-6, 27-23, 15-18, 30-26, 18x27, 31x24, 6-9, 12-8, 3x12, 14-10, 4-8, 25-22, 9-13, 22-17, 13x22x31, 24-20, 2-7, 10x3, 12-16, 20x11x4, 5-9, 29-25, 9-13, 3-8, 31-26, 25-21, 13-17, 21x14, 26-22, 14-10, 22-26, 8-11, 26-22, 4-8, 22-18, 10-6, 18-23, 6-2, 23-18, 11-16, 18-14, 2-6, 14-9, 6x13"
1127,1,1127,1,0,"10-15, 21-17, 6-10, 24-19, 15x24, 27x20, 9-13, 22-18, 13x22, 26x17, 11-16, 20x11, 8x15x22, 25x18, 3-8, 18-15, 10x19x26, 30x23, 1-6, 17-14, 6-10, 32-27, 10x17, 28-24, 17-22, 23-19, 8-11, 24-20, 5-9, 20-16, 11x20, 19-15, 9-14, 27-24, 20x27, 31x24, 14-17, 29-25, 22x29, 24-19, 29-25, 15-10, 7x14, 19-15, 25-30, 15-10, 14-18, 10-7, 2x11"
1128,1,1128,1,0,"10-15, 22-17, 11-16, 17-13, 7-11, 25-22, 16-20, 23-18, 12-16, 24-19, 15x24, 28x19x12, 6-10, 13x6, 2x9, 26-23, 9-14, 18x9, 5x14, 21-17, 14x21, 29-25, 20-24, 27x20, 11-16, 20x11, 8x15, 22-18, 15x22x29, 12-8, 4x11, 30-25, 21x30, 32-27, 10-14, 23-19, 1-5, 19-16, 11x20, 31-26, 30x23x32"
1129,1,1129,1,0,"9-14, 23-18, 14x23, 26x19, 11-15, 30-26, 5-9, 27-23, 9-13, 31-27, 15-18, 23x14, 10x17, 21x14, 1-5, 24-20, 6-10, 26-23, 10x17x26, 20-16, 26-30, 23-18, 30x21, 29-25, 21x30, 16-11, 8x15x22, 28-24, 3-8, 27-23, 12-16, 19x12x3x10, 30-26, 10-6, 2x9, 32-27, 26x19x28, 27-23, 4-8, 23-19, 9-14, 19-15, 14-18, 15-11, 8x15"
1130,1,1130,1,0,"10-14, 24-19, 7-10, 23-18, 14x23, 27x18, 10-14, 21-17, 14x23, 31-27, 11-15, 19x10, 6x15, 27x18x11, 8x15, 25-21, 3-7, 17-14, 9x18x25, 29x22, 5-9, 26-23, 7-10, 30-25, 15-19, 23x16, 12x19, 32-27, 9-13, 22-18, 1-5, 18-14, 10x17, 21x14, 4-8, 25-21, 8-11, 28-24, 19x28, 14-9, 5x14, 21-17, 14x21, 27-23, 2-7, 23-18, 11-15, 18x11x2, 28-32, 2-7, 13-17, 7-11, 21-25, 11-16, 32-28, 16-19, 17-22, 19-24, 28x19"
1131,1,1131,0,0,"11-16, 24-19, 9-13, 22-18, 13-17, 21x14, 10x17, 18-15, 6-9, 25-21, 7-11, 21x14, 9x18, 23x14, 16x23, 27x18, 2-7, 28-24, 11-16, 31-27, 7-11, 14-10, 1-6, 10x1, 16-19, 18-14, 19x28, 15-10, 12-16, 1-6, 5-9, 14x5, 3-7, 10x3x12x19, 4-8, 5-1, 11-15, 19x10, 8-11, 26-22, 11-16, 6-9, 16-19, 1-6, 19-24, 27x20"
1132,1,1132,0,0,"10-15, 24-20, 6-10, 23-19, 15x24, 28x19, 9-14, 32-28, 1-6, 19-15, 10x19, 27-24, 6-9, 24x15, 11x18, 22x15, 8-11, 15x8, 4x11, 26-23, 9-13, 25-22, 11-15, 30-26, 14-17, 21x14, 7-10, 14x7, 2x11, 22-18, 15x22, 26x17, 13x22, 31-27, 11-15, 28-24, 22-26, 29-25, 12-16, 20x11, 3-8, 11x4, 15-19, 23x16, 26-30, 4-8, 30x21, 24-19, 21-25, 8-12, 25-22, 27-24, 22-17, 24-20, 17-22, 12-8, 22-18, 8-4, 5-9, 16-12, 9-14, 4-8, 14-17, 8-4, 18-23, 19-15, 17-22, 15-11, 23-26, 11-8, 22-25, 20-16, 25-30, 16-11, 30-25, 8-3, 25-22, 11-7, 22-17, 4-8, 17-13, 8-4, 26-23, 7-2, 23-26, 2-6, 13-9, 6x13, 26-23, 13-17, 23-19, 17-21, 19-15, 21-17, 15-18"
1133,1,1133,1,0,"11-16, 23-18, 16-20, 22-17, 7-11, 27-23, 20x27, 31x24, 9-13, 18-14, 13x22x31, 14x7, 3x10, 21-17, 11-16, 23-18, 2-7, 18-14, 7-11, 14x7, 31-27, 32x23, 16-19, 24x15, 11x18x27, 17-14, 8-11, 30-26, 6-10, 7-3, 10x17, 26-22, 17x26, 3-8, 27-31, 8x15, 1-6, 15-10, 6x15, 28-24, 5-9, 25-21, 15-18, 24-20, 9-13, 29-25, 4-8, 20-16, 12x19, 21-17, 13x22x29"
1134,1,1134,0,1,"11-15, 21-17, 10-14, 17x10, 7x14, 25-21, 14-17, 22x13, 12-16, 23-18, 15x22, 26x17, 2-7, 31-26, 9-14, 17x10, 7x14, 24-20, 8-11, 26-22, 14-18, 22x15x8, 4x11, 27-24, 6-9, 13x6, 1x10, 30-25, 3-7, 21-17, 11-15, 20x11x2, 5-9, 2-7, 9-13, 7x14, 13x22, 25x18x11"
1135,1,1135,0,0,"11-16, 23-18, 10-15, 18x11, 8x15, 24-19, 16x23, 27x18x11, 7x16, 22-18, 9-14, 18x9, 6x13, 32-27, 5-9, 26-23, 9-14, 31-26, 14-18, 23x14, 2-6, 21-17, 13x22x31x24, 28x19, 16x23, 25-21, 3-8, 30-25, 6-10, 14x7, 1-6, 7-3, 6-10, 25-22, 23-26, 21-17, 26-30, 29-25, 30x21x14, 22-17, 14x21, 3-7, 10-15, 7-3, 15-18, 3-7, 21-25, 7-3, 8-11, 3-7, 25-21"
1136,1,1136,0,0,"9-13, 22-18, 13-17, 21x14, 10x17, 24-19, 7-10, 26-22, 17x26, 31x22, 11-16, 25-21, 10-14, 18x9, 6x13, 22-17, 13x22, 29-25, 22x29, 21-17, 29-25, 30x21, 1-6, 27-24, 2-7, 17-14, 6-9, 23-18, 16x23, 21-17, 7-10, 14x7, 3x10, 17-13, 10-14, 13x6, 23-27, 18x9, 5x14, 32x23, 8-11, 24-19, 14-17, 6-2, 17-21, 19-16, 12x19x26, 2-6, 4-8, 6-1, 11-16, 1-6, 8-12, 6-10, 26-31, 10-7, 31-26, 7-3, 26-30, 28-24, 30-26, 24-20, 21-25, 20x11, 26-23, 3-8, 12-16, 8-12, 16-19, 12-16, 23-27, 16x23x32, 25-29, 32-28, 29-25, 28-32"
1137,1,1137,0,0,"10-15, 23-18, 11-16, 18x11, 8x15, 26-23, 16-19, 23x16, 12x19, 22-18, 15x22, 25x18, 9-13, 24x15, 5-9, 28-24, 13-17, 21x14x5, 7-10, 18-14, 10x17, 27-23, 6-9, 32-28, 3-7, 15-10, 7x14, 31-26, 17-21, 30-25, 21x30, 23-18, 14x23, 26x19, 2-6, 24-20, 4-8, 19-16, 8-12, 29-25, 30x21, 16-11, 12-16, 11-7, 21-25, 20x11, 9-13, 7-2, 25-21, 2x9, 21-17, 11-8, 1-6, 9x2, 17-22, 2-7, 22-26, 8-3, 26-31, 7-2, 31-27, 3-7, 27-31, 5-1, 31-26, 1-6, 26-22, 7-3, 22-18, 6-10, 18-14, 10x17, 13x22, 3-7, 22-25, 7-3, 25-30, 2-7, 30-25, 7-2"
1138,1,1138,0,1,"10-14, 23-19, 14-17, 22x13, 9-14, 19-15, 11x18, 13-9, 6x13, 24-19, 7-10, 21-17, 14x21, 25-22, 18x25, 29x22, 2-6, 28-24, 10-14, 19-15, 3-7, 27-23, 12-16, 32-28, 14-17, 24-20, 8-12, 20x11x2x9, 5x14, 22-18, 21-25, 30x21, 12-16, 18x9, 1-6, 9x2, 4-8, 21x14, 8-12, 23-19, 16x23x30, 14-10, 30-26, 31x22, 13-17, 22x13, 12-16, 13-9, 16-20, 2-6, 20-24, 28x19"
1139,1,1139,0,1,"9-14, 21-17, 14x21, 23-19, 12-16, 19x12, 5-9, 22-17, 1-5, 17-13, 11-15, 25-22, 15-18, 22x15, 10x19, 24x15, 8-11, 15x8, 4x11, 27-23, 11-16, 29-25, 16-19, 23x16, 7-11, 16x7, 2x11, 28-24, 6-10, 13x6, 11-16, 6-1, 3-8, 12x3, 5-9, 3-8, 9-14, 1-5, 14-17, 5-1, 10-15, 26-23, 15-19, 24x15, 16-20, 31-26, 17-22, 26x17, 20-24, 25-22, 24-27, 15-10, 27-31, 10-6, 31-27, 22-18, 27-24, 17-13, 24-19, 23x16, 21-25, 30x21"
1140,1,1140,0,1,"12-16, 23-18, 16-20, 26-23, 10-15, 30-26, 9-13, 18-14, 7-10, 14x7, 3x10, 23-19, 13-17, 22x13, 11-16, 19x12x3, 2-7, 21-17, 6-9, 13x6, 5-9, 25-22, 9-13, 22-18, 15x22, 17-14, 10x17, 3x10, 22-25, 29x22, 17-21, 22-18, 1-5, 10-7, 21-25, 7-10, 25-30, 26-23, 30-25, 10-14, 5-9, 14x5, 25-22, 6-2, 22x15, 5-1, 15-18, 23x14, 4-8, 2-7, 13-17, 31-26, 17-22, 26x17, 8-12, 7-11, 12-16, 14-9, 16-19, 24x15, 20-24, 28x19"
1141,1,1141,0,0,"9-14, 24-19, 14-18, 23x14, 10x17, 22x13, 7-10, 21-17, 10-15, 19x10, 6x15, 13-9, 5x14x21, 27-23, 15-19, 23x16x7, 2x11, 26-23, 11-15, 32-27, 1-5, 28-24, 12-16, 30-26, 21x30, 23-19, 30x23x32, 19x10, 32-28, 29-25, 28x19, 10-6, 5-9, 25-21, 8-11, 6-2, 4-8, 31-27, 19-23, 27x18, 9-14, 18x9, 16-20, 9-6, 3-7, 6-1, 11-16, 2x11x4, 16-19, 1-6, 20-24, 6-9, 19-23, 4-8, 24-28, 9-14, 28-32, 8-3, 32-27, 3-8, 27-31, 8-12, 23-26, 14-17, 26-30, 17-22, 31-27, 22-25, 27-31, 21-17, 30x21x14, 12-16, 14-18, 16-12, 31-27, 12-8, 27-23, 8-3, 23-26, 3-8, 18-15, 8-4, 26-22, 4-8, 15-18"
1142,1,1142,0,1,"10-15, 21-17, 15-19, 23x16, 11x20, 17-13, 7-11, 27-23, 20x27, 31x24, 3-7, 32-27, 6-10, 13x6, 2x9, 22-18, 11-16, 18-14, 9x18, 23x14, 10x17, 25-22, 1-6, 22x13, 16-20, 13-9, 6x13, 24-19, 12-16, 19x12x3x10, 4-8, 10-7, 8-11, 7x16, 20-24, 28x19, 5-9, 19-15, 13-17, 27-24, 9-14, 26-23, 17-21, 30-26, 14-18, 23x14, 21-25, 29x22"
1143,1,1143,0,0,"12-16, 22-18, 11-15, 18x11, 8x15, 23-19, 16x23, 27x18x11, 7x16, 25-22, 9-14, 22-18, 14x23, 26x19x12, 3-7, 32-27, 7-11, 29-25, 10-14, 21-17, 14x21, 25-22, 11-16, 24-20, 2-7, 20x11x2x9, 5x14, 31-26, 21-25, 30x21, 1-5, 12-8, 4x11, 21-17, 14x21, 28-24, 5-9, 24-20, 9-14, 22-17, 14-18, 27-23, 18x27, 20-16, 11x20, 17-14, 21-25, 26-23, 27-31, 14-9, 31-27, 9-6, 27x18, 6-2, 20-24, 2-6, 24-27, 6-9, 18-14, 9x18, 25-30, 18-22, 30-25, 22x29, 27-32, 29-25, 32-27, 25-22, 27-32, 22-18, 32-28, 18-15, 28-32, 15-18"
1144,1,1144,1,0,"10-14, 22-18, 11-16, 25-22, 7-10, 22-17, 10-15, 17x10, 15x22, 26x17, 6x15, 17-13, 15-18, 13x6, 1x10, 23x14x7, 2x11, 24-19, 16x23, 27x18, 5-9, 29-25, 12-16, 31-27, 9-13, 18-15, 11x18, 30-26, 3-7, 25-22, 18x25, 26-23, 8-11, 23-18, 16-20, 27-23, 25-30, 28-24, 20x27, 23-19, 11-16, 32x23, 7-10, 19x12, 30-25, 12-8, 4x11, 18-14, 10x17, 21x14, 13-17, 14-10, 17-21, 10-6, 25-30, 23-18, 30-26, 6-2, 21-25, 2-6, 26-23, 6-9, 23x14x5"
1145,1,1145,0,0,"11-15, 24-20, 9-14, 23-18, 14x23, 26x19, 15x24, 28x19, 12-16, 20x11, 7x16x23, 27x18, 5-9, 32-27, 10-14, 27-24, 14x23, 24-20, 8-12, 22-18, 3-8, 18-14, 9x18, 20-16, 12x19, 31-27, 23x32, 25-22, 18x25, 29x22, 32-27, 30-26, 19-24, 21-17, 8-12, 22-18, 12-16, 18-15, 1-5, 17-14, 5-9, 14x5, 4-8, 15-10, 6x15, 5-1, 8-11, 26-22, 15-19, 1-6, 2x9, 22-17, 9-13, 17-14, 19-23, 14-9, 24-28, 9-5, 27-32, 5-1, 16-19, 1-6, 11-16, 6-9, 32-27, 9-5, 16-20, 5-1, 27-24, 1-6, 28-32, 6-2, 32-27, 2-6, 24-28"
1146,1,1146,0,0,"9-14, 23-18, 14x23, 26x19, 10-14, 30-26, 14-17, 21x14, 12-16, 19x12, 11-15, 27-23, 15-18, 22x15, 7-10, 14x7, 3x10x19, 23x16, 6-10, 12x3, 2-6, 32-27, 4-8, 3x12, 6-9, 25-22, 10-15, 12-8, 1-6, 16-11, 9-14, 29-25, 5-9, 22-18, 14x23x32, 25-22, 32-27, 11-7, 27x20, 28-24, 20x27, 31x24, 9-13, 26-23, 6-9, 23-19, 9-14, 19x10, 13-17, 22x13, 14-17, 13-9, 17-22, 8-3, 22-25, 9-6, 25-29, 24-20, 29-25, 7-2, 25-29, 6-1, 29-25, 10-7, 25-29, 1-6"
1147,1,1147,0,0,"10-15, 23-19, 6-10, 26-23, 10-14, 19x10, 11-16, 22-17, 2-6, 23-19, 6x15, 19x10, 14-18, 27-23, 7x14, 17x10, 18x27, 32x23, 1-6, 10x1, 16-19, 24x15, 8-11, 15x8, 4x11, 25-22, 9-14, 31-26, 14-18, 23x14, 11-15, 28-24, 15-19, 24x15, 5-9, 14x5, 3-8, 29-25, 12-16, 21-17, 16-20, 25-21, 20-24, 17-13, 8-12, 26-23, 24-27, 30-26, 27-32, 22-18, 12-16, 23-19, 16x23x30, 1-6, 30-26, 6-10, 32-27, 10-14, 26-23, 14-10, 23x14x7, 15-10, 7x14, 13-9, 14-10, 9-6, 10x1, 21-17, 1-6, 5-1, 27-24, 1x10, 24-19, 17-13, 19-24, 10-15, 24-20, 15-10, 20-16"
1148,1,1148,0,0,"10-14, 21-17, 14x21, 23-18, 7-10, 24-20, 11-15, 18x11, 8x15, 22-18, 15x22, 26x17, 4-8, 17-13, 9-14, 28-24, 5-9, 20-16, 12x19x28, 25-22, 2-7, 30-25, 21x30, 31-26, 30x23, 27x18, 14x23, 22-18, 9-14, 18x9x2x11x4, 3-8, 4x11, 1-6, 11-16, 23-27, 32x23, 10-15, 16-19, 15x24, 23-18, 6-9, 13x6, 24-27, 18-15, 27-32, 29-25, 32-27, 6-2, 28-32, 15-11, 27-23, 11-7, 32-28, 25-21, 23-18, 2-6, 18-15, 6-9, 28-24, 9-5, 24-20, 7-3, 15-19, 3-7, 19-15"
1149,1,1149,0,0,"9-13, 23-18, 10-14, 18x9, 5x14, 24-20, 11-15, 28-24, 1-5, 22-17, 13x22, 26x17x10x1, 7-10, 32-28, 12-16, 20x11, 8-12, 1-6, 2x9, 25-22, 15-19, 24x15x6, 12-16, 30-26, 16-19, 28-24, 19x28, 27-23, 9-13, 23-18, 5-9, 6-2, 28-32, 11-7, 3x10, 21-17, 32-28, 29-25, 28-24, 25-21, 9-14, 18x9, 24-27, 31x24, 10-14, 17x10, 4-8, 21-17, 8-11, 10-7, 11-15, 24-20, 15-18, 22x15, 13x22x31, 2-6, 31-27, 9-5, 27-31, 20-16, 31-26, 6-9, 26-22, 9-14, 22-25, 15-11, 25-21, 14-18, 21-25, 7-3, 25-30, 18-15, 30-26, 15-10, 26-22, 3-7, 22-25, 10-14"
1150,1,1150,0,1,"11-16, 24-19, 7-11, 23-18, 16x23, 26x19, 11-15, 18x11, 8x15x24, 28x19, 4-8, 19-16, 12x19, 22-18, 9-13, 27-24, 19x28, 32-27, 10-15, 18x11x4, 28-32, 30-26, 32x23x30, 4-8, 3x12, 21-17, 13x22, 25x18, 30-25, 29x22, 5-9, 31-26, 2-7, 22-17, 9-14, 18x9x2x11, 1-5, 11-8, 12-16, 8-12, 5-9, 12x19, 9-14, 17x10"
1151,1,1151,0,1,"10-15, 22-18, 15x22, 26x17, 11-15, 24-19, 15x24, 27x20, 7-10, 30-26, 8-11, 31-27, 4-8, 27-24, 9-13, 17-14, 10x17, 21x14, 11-16, 20x11x4, 12-16, 24-19, 6-10, 14x7, 3x10, 19x12, 2-6, 25-21, 10-15, 29-25, 15-19, 23x16, 13-17, 21x14, 5-9, 14x5, 6-10, 28-24, 10-14, 24-20, 14-17, 26-23, 1-6, 23-18, 17-21, 12-8, 21x30, 18-14, 6-10, 14x7, 30-26, 5-1, 26-31, 16-11, 31-27, 32x23"
1152,1,1152,1,0,"9-14, 24-20, 12-16, 27-24, 16-19, 23x16, 8-12, 21-17, 14x21, 24-19, 3-8, 19-15, 10x19, 22-18, 19-24, 28x19, 5-9, 26-22, 11-15, 19x10x3, 12x19, 3x12, 2-7, 31-26, 19-23, 26x19, 9-13, 32-28, 6-10, 18-14, 10x17x26, 30x23, 21x30, 23-18, 1-5, 28-24, 30-26, 18-14, 26-22, 29-25, 22x29, 14-9, 5x14, 12-8, 4x11, 20-16, 11x20x27, 19-16, 13-17, 16-11, 7x16"
1153,1,1153,1,0,"10-15, 24-19, 15x24, 28x19, 11-15, 19x10, 7x14, 21-17, 14x21, 23-19, 3-7, 19-16, 12x19, 22-18, 6-10, 26-23, 19x26, 31x22, 9-14, 18x9, 5x14, 22-18, 14x23, 27x18, 1-6, 32-27, 6-9, 25-22, 2-6, 30-25, 21x30, 27-24, 7-11, 29-25, 30x21, 18-15, 10x19x28, 22-18, 9-13, 18-15, 11x18"
1154,1,1154,0,1,"11-15, 24-20, 9-14, 20-16, 12x19, 23x16, 14-17, 22x13, 15-18, 16-12, 10-15, 26-23, 6-10, 23x14, 10x17, 21x14, 15-19, 27-23, 19x26, 30x23, 7-10, 14x7, 2x11, 23-18, 5-9, 13x6, 1x10, 18-14, 10x17, 28-24, 17-21, 32-27, 21x30, 24-20, 3-7, 12x3x10, 11-16, 20x11, 30-26, 31x22, 4-8, 11x4"
1155,1,1155,0,0,"9-14, 24-20, 6-9, 28-24, 14-18, 23x14, 9x18, 22x15x6, 1x10, 21-17, 11-15, 17-14, 10x17, 25-22, 15-19, 22x13, 19x28, 27-23, 5-9, 13x6, 2x9, 20-16, 12x19, 23x16, 9-14, 29-25, 7-10, 26-23, 14-17, 23-19, 10-14, 16-11, 8x15x24, 31-26, 14-18, 25-21, 3-7, 21x14, 7-11, 14-9, 4-8, 9-5, 18-22, 26x17, 11-16, 30-26, 24-27, 32x23, 8-12, 17-13, 16-20, 26-22, 28-32, 22-18, 12-16, 13-9, 32-28, 18-14, 28-24, 23-19, 24x15, 9-6, 15-19, 6-1, 20-24, 1-6, 24-28, 6-10, 19-15, 10x19x12, 28-32, 12-8, 32-28, 8-12"
1156,1,1156,1,0,"10-15, 23-19, 9-13, 19x10, 6x15, 24-19, 15x24, 28x19, 11-16, 32-28, 16x23x32, 28-24, 7-10, 24-19, 5-9, 31-27, 32x23x16, 26-23, 16-19, 23x16, 12x19, 21-17, 10-15, 22-18, 15x22, 25x18, 13x22, 29-25, 22x29, 30-25, 29x22x15"
1157,1,1157,1,0,"10-14, 23-18, 14x23, 27x18, 7-10, 18-14, 10x17, 22x13, 11-16, 26-22, 8-11, 24-20, 11-15, 20x11, 6-10, 13x6, 2x9, 22-17, 9-13, 28-24, 13x22, 25x18, 15x22, 29-25, 22x29, 30-26, 12-16, 32-27, 5-9, 27-23, 9-14, 11-8, 3x12, 23-18, 14x23x30, 31-27, 4-8, 24-19, 16x23x32, 21-17, 29-25, 17-14, 10x17"
1158,1,1158,0,0,"12-16, 22-18, 10-15, 24-19, 15x22, 25x18, 9-13, 19x12, 5-9, 27-24, 7-10, 30-25, 3-7, 12x3, 1-5, 18-14, 9x18x27, 32x23, 11-16, 24-20, 16-19, 23x16, 4-8, 3x12, 10-14, 31-27, 7-11, 16x7, 2x11, 27-24, 13-17, 20-16, 11x20x27, 28-24, 17-22, 26x17x10x1, 5-9, 1-5, 27-31, 5x14, 31-27, 14-9, 27x20, 12-8, 20-16, 9-5, 16-20, 8-12"
1159,1,1159,1,0,"11-15, 22-17, 7-11, 25-22, 2-7, 22-18, 15x22, 17-13, 22-25, 29x22, 9-14, 23-19, 12-16, 19x12, 11-16, 22-17, 5-9, 27-23, 14-18, 23x14x5, 16-19, 24x15, 10x19, 26-22, 19-23, 31-26, 7-10, 26x19, 8-11, 32-27, 11-15, 30-25, 15x24x31, 13-9, 6x13, 17-14, 10x17x26, 12-8, 4x11, 25-22, 11-16, 28-24, 16-19, 24x15, 13-17, 21x14, 1-6, 14-9, 6x13, 15-11, 13-17, 22x13, 31-27, 13-9, 27-31, 5-1, 3-8, 11x4, 26-30, 9-5, 31-27, 4-8, 27-32, 8-11, 30-25, 11-16, 25-30, 16-19, 32-27, 19-23, 27x18, 1-6, 18-22, 6-2, 22-26, 5-1, 30-25, 2-7, 25-22, 7-3, 26-23, 1-6, 23-26, 6-2, 26-31, 2-6, 22-18, 6-10, 31-26, 10-6, 18-14, 6-2, 14-10, 3-8, 26-31, 2-7, 10x3x12"
1160,1,1160,1,0,"12-16, 22-17, 16-19, 23x16, 11x20, 17-13, 10-14, 24-19, 14-18, 26-22, 6-10, 22x15x6, 1x10, 13x6, 2x9, 31-26, 9-14, 26-22, 8-11, 22-18, 14x23, 27x18, 20-24, 18-15, 11x18, 32-27, 24x31, 30-26, 31x22, 19-15, 10x19, 21-17, 22x13, 25-22, 18x25, 29x22, 19-23, 22-18, 7-11, 28-24, 13-9, 18-15, 11x18, 24-20, 3-7, 20-16, 7-10, 16-12, 9-6, 12-8, 4x11"
1161,1,1161,0,0,"12-16, 24-19, 10-14, 19x12, 11-15, 28-24, 15-19, 24x15, 7-11, 23-19, 11x18, 22x15, 2-7, 15-10, 6x15x24, 27x20, 9-13, 32-28, 14-18, 21-17, 13x22, 26x17, 18-22, 25x18, 7-11, 30-26, 11-15, 18x11, 8x15, 28-24, 15-19, 24x15, 3-8, 12x3, 4-8, 3x12, 5-9, 12-16, 9-13, 26-22, 1-6, 16-11, 6-10, 15x6"
1162,1,1162,0,1,"11-15, 23-19, 10-14, 19x10, 6x15, 26-23, 14-17, 21x14, 9x18, 23x14, 7-11, 24-20, 3-7, 27-24, 15-19, 24x15, 11x18, 22x15, 7-11, 32-27, 11x18, 27-24, 12-16, 20x11, 8x15, 14-10, 2-7, 10x3, 4-8, 3x12, 1-6, 31-27, 6-10, 30-26, 15-19, 24x15x6, 5-9, 12-16, 18-23, 27x18, 9-14, 18x9"
1163,1,1163,1,0,"10-14, 24-19, 14-18, 23x14, 9x18, 22x15, 11x18, 27-24, 12-16, 19x12, 6-9, 32-27, 2-6, 27-23, 18x27, 21-17, 9-13, 24-19, 13x22, 31x24, 22x31, 24-20, 6-9, 20-16, 7-11, 16x7, 3x10, 12x3, 9-14, 30-26, 31x22, 25x18x9, 5x14, 19-15, 10x19, 28-24, 19x28, 3-8, 4x11, 29-25, 11-15, 25-21, 28-32, 21-17, 14x21"
1164,1,1164,0,0,"9-14, 22-18, 12-16, 18x9, 6x13, 24-20, 10-15, 25-22, 16-19, 23x16, 5-9, 30-25, 15-18, 22x15, 11x18, 21-17, 13x22, 26x17, 2-6, 28-24, 8-11, 25-21, 7-10, 16x7, 1-5, 24-19, 10-15, 19x10x1, 3x10, 27-24, 18-22, 29-25, 22x29, 1-6, 9-13, 6x15, 13x22, 32-28, 4-8, 21-17, 8-11, 15x8, 22-26, 31x22, 5-9, 8-4, 9-13, 24-19, 29-25, 20-16, 25x18, 17-14, 18x9, 19-15, 9-6, 15-11, 13-17, 11-7, 6-1, 7-3, 1-5, 3-8, 17-22, 28-24, 5-9, 8-3, 9-14, 24-19, 14-17, 3-8, 22-26, 8-3, 17-21, 4-8, 21-17, 19-15, 17-22, 15-10, 26-30, 3-7, 22-17, 16-12, 30-26, 7-11, 17-22, 11-7, 22-17"
1165,1,1165,0,1,"11-16, 22-17, 9-14, 26-22, 16-19, 23x16, 12x19, 24x15, 10x19, 17x10, 6x15, 27-24, 7-10, 24-20, 3-7, 31-27, 10-14, 20-16, 8-12, 22-17, 7-11, 17x10, 11x20, 27-23, 19x26, 30x23, 1-6, 10x1, 4-8, 1-6, 2x9, 23-19, 15x24, 28x19, 9-14, 25-22, 14-17, 21x14, 12-16, 19x12x3, 20-24, 3-8, 24-27, 32x23, 5-9, 14x5"
1166,1,1166,0,0,"11-15, 24-20, 9-14, 28-24, 15-18, 22x15, 10x19x28, 25-22, 6-10, 20-16, 12x19, 23x16, 7-11, 16x7, 2x11, 29-25, 11-15, 22-17, 14-18, 26-22, 18-23, 27x18x11, 8x15, 30-26, 10-14, 17x10, 3-8, 10-6, 1x10, 21-17, 15-19, 25-21, 19-23, 26x19, 8-12, 32-27, 10-15, 19x10, 5-9, 31-26, 12-16, 10-7, 16-20, 27-23, 20-24, 23-18, 28-32, 17-14, 24-28, 14x5, 32-27, 21-17, 28-32, 7-3, 4-8, 3x12, 27-31, 18-15, 32-27, 17-14, 27-32, 5-1, 32-28, 14-10, 28-24, 12-8, 31-27, 8-4, 27-32, 15-11, 32-28, 26-23, 28-32, 1-6, 24-20, 6-2, 32-27, 11-7, 27x18x25, 7-3, 25-21, 4-8, 20-16, 3-7, 21-17, 8-4, 16-11, 7x16, 17-22, 4-8, 22-25, 16-20, 25-29, 2-6, 29-25, 6-2"
1167,1,1167,0,1,"11-15, 23-19, 10-14, 19x10, 6x15, 24-20, 9-13, 28-24, 15-19, 24x15, 12-16, 20x11, 7x16, 15-11, 8x15, 27-24, 3-8, 22-18, 15x22, 25x18x9, 5x14, 24-20, 14-17, 20x11, 8x15, 21x14, 15-18, 14-9, 18-23, 26x19, 2-6, 9x2, 13-17, 2-7, 17-21, 31-27, 1-6, 30-25, 21x30, 7-3, 4-8, 3x12, 30-25, 29x22, 6-10, 22-17, 10-15, 19x10"
1168,1,1168,1,0,"11-15, 21-17, 9-13, 23-19, 7-11, 26-23, 3-7, 25-21, 10-14, 17x10x3, 13-17, 19x10, 17x26, 31x22, 6x15, 24-19, 15x24x31, 23-18, 31-27, 32x23, 1-6, 30-26, 6-9, 18-14, 9x18x25, 29x22, 2-6, 21-17, 6-9, 17-14, 9x18x25, 23-19, 11-16, 26-22, 16x23, 3-7, 12-16, 28-24, 8-12, 7-11, 16-20, 22-17, 20x27, 17-14, 23-26, 14-9, 5x14, 11-16, 12x19"
1169,1,1169,1,0,"12-16, 22-17, 9-13, 25-22, 8-12, 22-18, 13x22, 26x17, 10-15, 30-26, 15x22, 24-19, 6-9, 19-15, 11x18, 23x14, 9x18, 17-13, 2-6, 26x17, 5-9, 27-24, 1-5, 24-19, 16x23, 28-24, 23-26, 31x22x15, 7-11, 15x8, 4x11, 32-28, 11-16, 29-25, 16-20, 25-22, 20x27, 17-14, 9x18x25, 21-17, 12-16, 28-24, 3-8, 13-9, 6x13x22, 24-20, 25-29, 20x11x4, 29-25, 4-8, 27-32, 8-12, 22-26, 12-16, 25-21, 16-19, 32-27, 19-15, 26-30, 15-10, 27-31, 10-15, 31-26, 15-18, 21-25, 18-15, 25-22, 15-19, 30-25, 19-24, 26-30, 24-27, 22-26, 27-24, 25-29, 24-27, 26-23, 27x18, 30-25, 18-15, 25-21, 15-18, 5-9, 18-15, 9-13, 15-18, 21-25, 18-22, 25x18"
1170,1,1170,1,0,"11-15, 24-20, 9-14, 22-17, 15-19, 23x16, 12x19, 28-24, 19x28, 25-22, 8-11, 27-24, 14-18, 22x15x8, 4x11, 24-19, 10-14, 17x10, 6x15x24, 21-17, 24-27, 31x24, 11-16, 20x11, 7x16, 24-20, 3-7, 20x11, 7x16, 26-22, 2-6, 22-18, 6-10, 17-14, 10x17, 29-25, 16-20, 25-21, 17-22, 18-15, 22-25, 32-27, 1-6, 30-26, 5-9, 15-10, 6x15, 26-22, 28-32, 21-17, 32x23, 17-13, 23-27, 13x6, 27-31, 6-1, 25-29, 1-6, 15-18, 22x15, 20-24, 6-2, 31-26, 15-11, 26-30, 11-7, 30-25, 2-6, 25-21, 7-2, 29-25, 2-7, 24-27, 6-9, 25-22, 9-13, 27-31, 7-10, 22-18, 10-14, 18x9, 13x6, 31-26, 6-2, 26-31, 2-7, 21-25, 7-10, 25-29, 10-14, 31-27, 14-17, 29-25, 17-22, 25x18"
1171,1,1171,0,0,"10-15, 21-17, 6-10, 24-19, 15x24, 28x19, 12-16, 19x12, 11-15, 27-24, 1-6, 24-19, 15x24, 25-21, 24-28, 17-13, 10-14, 22-17, 8-11, 17x10x1, 4-8, 13x6, 2x9, 29-25, 11-15, 1-6, 7-11, 6x13, 3-7, 12x3x10x19, 11-16, 19x12, 5-9, 13x6"
1172,1,1172,0,0,"9-13, 23-18, 13-17, 22x13, 11-16, 27-23, 5-9, 18-15, 10x19, 24x15, 16-20, 23-18, 7-10, 28-24, 10x19x28, 26-22, 20-24, 22-17, 12-16, 17-14, 24-27, 31x24, 2-7, 14x5, 6-9, 13x6, 1x10, 24-20, 10-15, 20x11x2, 15x22, 25x18, 3-7, 2x11, 8x15x22, 30-26, 22x31, 32-27, 31x24, 21-17, 4-8, 5-1, 24-27, 17-14, 28-32, 1-5, 27-23, 5-9, 23-18, 9-5, 18x9, 5x14, 32-27, 14-9, 27-23, 9-6, 23-19, 6-1, 19-16, 1-5, 8-12, 5-1, 16-11, 1-5, 11-7, 5-9, 7-2, 9-5, 2-6, 5-9, 6x13, 29-25, 12-16, 25-21, 13-17, 21x14, 16-19, 14-9, 19-23, 9-6, 23-26, 6-2, 26-30, 2-7, 30-26, 7-10, 26-31, 10-14, 31-26, 14-17, 26-30, 17-14, 30-25, 14-10, 25-29, 10-15, 29-25, 15-10"
1173,1,1173,0,0,"10-15, 22-17, 15-18, 23x14, 9x18, 17-14, 18-22, 25x18, 6-10, 14-9, 5x14x23, 27x18, 12-16, 21-17, 16-20, 17-13, 20x27, 32x23, 11-15, 18x11, 8x15, 29-25, 15-18, 23x14, 10x17, 25-21, 17-22, 26x17, 7-10, 31-27, 2-7, 30-26, 3-8, 27-24, 10-15, 26-22, 8-12, 13-9, 7-10, 17-14, 10x17x26, 24-19, 15x24, 28x19, 12-16, 19x12, 26-30, 21-17, 1-6, 9x2, 4-8, 12x3, 30-25, 2-7, 25-30, 17-14, 30-26, 7-2, 26-30, 2-6, 30-25, 14-9, 25-30, 9-5, 30-26, 3-8, 26-23, 6-1, 23-18, 8-12, 18-23, 12-8"
1174,1,1174,1,0,"9-13, 24-19, 13-17, 22x13, 11-16, 19-15, 10x19, 21-17, 5-9, 17-14, 9x18, 23x14, 6-9, 14x5, 19-24, 27x20x11, 7x16, 25-21, 3-7, 28-24, 16-20, 13-9, 20x27, 32x23, 12-16, 30-25, 7-10, 23-19, 16x23x30, 9-6, 2x9, 31-26, 30x23, 25-22, 23-19, 22-18, 19-24, 21-17, 24-20, 17-13, 20-16, 13x6, 10-15, 18x11, 1x10, 29-25, 16x7, 25-22, 10-14, 22-18, 14x23, 5-1, 8-12, 1-5, 23-26, 5-1, 4-8, 1-6, 12-16, 6-9, 26-31, 9-6, 31-27, 6-10, 7x14"
1175,1,1175,0,1,"12-16, 24-19, 11-15, 19x12, 15-19, 23x16, 9-14, 26-23, 6-9, 28-24, 9-13, 22-18, 10-15, 18x9, 5x14, 32-28, 13-17, 30-26, 7-10, 23-18, 14x23x32, 21x14x7, 3x10, 12x3, 4-8, 3x12, 15-19, 24x15x6, 2x9, 16-11, 32-27, 31x24, 9-13, 25-21, 1-6, 26-23, 6-9, 29-25, 13-17, 21x14x5"
1176,1,1176,1,0,"10-14, 22-18, 6-10, 24-19, 11-15, 18x11, 8x15x24, 27x20, 3-8, 20-16, 12x19, 23x16, 8-11, 21-17, 14x21, 28-24, 11x20x27, 32x23, 2-6, 31-27, 4-8, 26-22, 9-14, 22-18, 14-17, 23-19, 5-9, 18-14, 9x18, 19-16, 10-14, 30-26, 21x30x23x32, 16-12, 17-22, 12x3x10x17x26, 6-9, 29-25, 9-13, 26-23, 18x27, 25-21, 32-28, 21-17, 13x22"
1177,1,1177,1,0,"10-15, 23-18, 11-16, 18x11, 8x15, 24-19, 15x24, 28x19, 16x23, 26x19, 7-11, 27-23, 9-13, 22-17, 13x22, 25x18, 4-8, 19-15, 12-16, 31-27, 6-9, 27-24, 2-6, 24-20, 16-19, 23x16x7, 3x10x19, 32-28, 9-14, 18x9x2, 19-24, 28x19, 8-11, 20-16, 11x20, 19-15, 20-24, 2-6, 1x10x19, 30-26, 24-28, 26-23, 19x26, 21-17, 26-30, 29-25, 30x21x14"
1178,1,1178,0,1,"10-14, 24-20, 14-17, 22x13, 6-10, 13x6, 2x9, 28-24, 11-16, 20x11x2, 3-7, 2x11, 8x15, 24-19, 15x24, 27x20, 10-15, 25-22, 9-14, 21-17, 14x21, 30-25, 21x30, 22-18, 15x22, 26x17, 5-9, 31-26, 9-14, 17x10, 1-6, 10x1, 12-16, 20x11, 4-8, 11x4, 30-25, 29x22"
1179,1,1179,0,0,"12-16, 22-18, 10-15, 24-20, 15x22, 26x17, 11-15, 20x11, 7x16, 17-14, 9x18, 23x14, 8-12, 30-26, 2-7, 27-24, 4-8, 24-20, 7-10, 20x11x4, 10x17, 21x14, 6-10, 14x7, 3x10, 31-27, 1-6, 4-8, 12-16, 27-23, 6-9, 8-4, 9-14, 23-18, 14x23x30x21, 29-25, 21x30, 4-8, 16-20, 28-24, 20x27, 32x23, 15-19, 23x16, 30-26, 16-11, 26-30, 8-12, 10-15, 12-8, 30-25, 8-4, 15-18, 11-8, 18-23, 8-3, 5-9, 3-8, 25-22, 8-12, 9-14, 4-8, 23-26, 8-3, 22-25, 3-8, 26-31, 8-3, 31-26"
1180,1,1180,0,1,"10-15, 23-19, 15-18, 22x15, 11x18, 19-16, 12x19, 24x15, 9-13, 26-22, 8-11, 15x8, 4x11, 22x15x8, 3x12, 25-22, 6-9, 29-25, 9-14, 31-26, 14-17, 21x14, 12-16, 22-18, 7-10, 14x7, 2x11, 25-22, 11-15, 18x11, 16-20, 27-23, 5-9, 28-24, 20x27, 22-18, 13-17, 18-14, 9x18, 23x14, 1-5, 32x23, 17-22, 26x17, 5-9, 14x5"
1181,1,1181,1,0,"9-14, 23-18, 14x23, 27x18, 6-9, 18-15, 11x18, 22x15x6, 1x10, 31-27, 12-16, 25-22, 7-11, 27-23, 10-15, 23-18, 8-12, 24-20, 15-19, 28-24, 19x28, 18-14, 9x18x25, 29x22, 3-8, 22-17, 2-7, 26-23, 16-19, 23x16, 12x19, 30-25, 7-10, 17-14, 10x17, 21x14, 8-12, 25-22, 11-16, 20x11, 5-9, 14x5, 12-16, 11-8, 4x11, 22-18, 19-23, 32-27, 23x32, 18-15, 11x18, 5-1, 32-27, 1-6, 28-32, 6-1, 16-20, 1-6, 27-31, 6-9, 32-28, 9-5, 31-26, 5-9, 28-24, 9-5, 26-23, 5-1, 23-27, 1-6, 18-23, 6-10, 27-31, 10-15, 23-27, 15-19, 24x15"
1182,1,1182,0,0,"9-14, 24-19, 14-18, 22x15, 11x18, 23x14, 10x17, 21x14, 12-16, 19x12, 5-9, 14x5, 6-10, 27-24, 2-6, 26-22, 10-15, 22-17, 15-18, 24-20, 6-10, 28-24, 8-11, 17-14, 10x17, 32-28, 17-21, 25-22, 18x25, 29x22, 21-25, 30x21, 1-6, 24-19, 6-10, 19-16, 10-14, 28-24, 3-8, 12x3x10x17, 11-15, 31-27, 4-8, 16-11, 15-18, 11x4, 18x25, 27-23, 25-30, 17-14, 30-26, 14-9, 26x19x28, 20-16, 28-32, 16-12, 32-27, 5-1, 27-32, 9-13, 32-27, 13-9"
1183,1,1183,1,0,"11-15, 22-17, 8-11, 23-18, 15x22, 25x18, 9-14, 18x9, 6x13x22, 26x17, 10-14, 17x10, 7x14, 29-25, 4-8, 25-22, 3-7, 30-26, 11-15, 24-20, 14-17, 21x14, 2-6, 26-23, 6-9, 23-19, 15x24, 28x19, 9x18x25, 27-24, 25-30, 32-27, 30-25, 20-16, 7-10, 24-20, 25-22, 16-11, 8x15x24, 31-26, 24x31, 26x17, 31-26, 17-13, 10-14, 20-16, 12x19, 13-9, 26-30, 9-6, 1x10"
1184,1,1184,0,1,"11-16, 22-18, 10-14, 26-22, 7-10, 22-17, 2-7, 24-19, 10-15, 19x10, 6x15x22, 17x10, 7x14, 25x18, 16-19, 23x16, 12x19, 27-24, 14x23, 24x15, 1-6, 28-24, 8-12, 31-26, 4-8, 26x19, 8-11, 15x8, 9-14, 19-15, 14-17, 21x14, 3-7, 30-25, 5-9, 14x5, 7-10, 24-20, 10x19, 25-22, 6-9, 22-18, 19-24, 8-4, 9-14, 18x9, 24-27, 32x23, 12-16, 20x11"
1185,1,1185,0,0,"10-14, 23-18, 14x23, 27x18, 11-15, 18x11, 7x16, 32-27, 9-14, 21-17, 14x21, 24-19, 16x23x32, 28-24, 32-27, 22-17, 27x20, 17-14, 3-7, 31-27, 5-9, 14x5, 7-11, 26-23, 11-16, 27-24, 20x27x18, 30-26, 21x30x23, 29-25, 16-19, 25-22, 18x25"
1186,1,1186,0,1,"9-13, 23-18, 10-15, 27-23, 6-9, 23-19, 13-17, 22x13x6, 15x22, 25x18, 1x10, 26-23, 10-15, 19x10, 7x14, 18x9, 5x14, 24-20, 2-7, 30-26, 14-17, 21x14, 12-16, 23-19, 16x23x30, 28-24, 30-26, 31x22, 7-10, 14x7, 3x10, 32-28, 8-12, 29-25, 10-15, 24-19, 15x24, 28x19, 12-16, 19x12, 4-8, 12x3, 11-16, 20x11"
1187,1,1187,0,0,"10-15, 24-19, 15x24, 27x20, 9-14, 32-27, 6-9, 28-24, 14-18, 22x15, 11x18, 23x14, 9x18, 25-22, 18x25, 29x22, 8-11, 21-17, 5-9, 27-23, 12-16, 17-13, 7-10, 13x6, 2x9, 30-25, 1-6, 22-17, 9-13, 23-19, 16x23x30x21x14, 24-19, 14-17, 31-27, 3-7, 27-23, 17-22, 19-16, 10-15, 16-12, 15-18, 23x14, 7-10, 14x7, 22-26, 7-3, 13-17, 20-16, 11x20, 3-8, 4x11, 12-8, 6-10, 8-3, 11-16, 3-7, 26-23, 7x14x21, 23-19, 21-17, 19-24, 17-22, 16-19, 22-18, 24-28, 18-15, 20-24, 15-10, 19-23, 10-14, 23-26, 14-10, 28-32, 10-7, 24-28, 7-10, 32-27"
1188,1,1188,1,0,"11-15, 22-17, 15-19, 23x16, 12x19, 24x15, 10x19, 27-23, 9-13, 23x16, 13x22, 25x18, 6-10, 31-27, 10-14, 18x9, 5x14, 16-11, 8x15, 28-24, 7-10, 21-17, 14x21, 26-23, 10-14, 30-25, 21x30, 23-18, 15x22, 24-20, 1-5, 20-16, 14-17, 16-12, 22-25, 29x22x13, 30-26, 27-24, 3-7, 32-28, 26-23, 24-19, 23x16, 28-24, 5-9, 13x6, 2x9, 24-20, 16-11, 20-16, 11x20, 12-8, 4x11"
1189,1,1189,0,1,"9-13, 23-18, 10-15, 24-20, 6-10, 22-17, 15x22, 25x18, 13x22, 26x17, 12-16, 30-25, 11-15, 18x11, 8x15, 20x11, 7x16, 27-24, 15-18, 17-14, 10x17, 21x14, 4-8, 31-27, 16-19, 24x15, 2-7, 15-11, 8x15, 25-21, 18-23, 27x18x11x2, 1-6, 2x9, 3-8, 21-17, 8-11, 14-10, 5x14x21, 32-27, 11-16, 10-7, 21-25, 29x22, 16-20, 22-18, 20-24, 27x20"
1190,1,1190,1,0,"10-15, 21-17, 9-13, 24-20, 5-9, 28-24, 9-14, 17x10, 7x14, 20-16, 12x19x28, 22-17, 14x21, 23-18, 15x22, 26x17, 13x22, 25x18, 11-15, 18x11, 8x15, 27-24, 2-7, 24-19, 15x24, 30-26, 3-8, 26-23, 21-25, 29x22, 7-10, 32-27, 8-11, 27x20, 11-15, 23-19, 15x24, 31-27, 24x31, 22-17, 31-26, 20-16, 10-15, 16-11, 6-9, 11-8, 4x11, 17-14, 9x18"
1191,1,1191,0,0,"9-14, 23-19, 5-9, 27-23, 11-15, 19-16, 12x19, 23x16, 8-12, 24-19, 15x24, 28x19, 10-15, 19x10, 12x19, 21-17, 6x15, 17x10, 7x14, 22-18, 14x23, 32-28, 2-6, 31-27, 23x32, 26-22, 19-23, 28-24, 15-18, 22x15, 3-7, 24-19, 4-8, 25-21, 8-11, 15x8, 23-27, 21-17, 27-31, 30-26, 31x22x13, 19-15, 32-27, 8-3, 7-10, 15-11, 13-17, 3-8, 27-32, 8-12, 17-21, 11-8, 1-5, 12-16, 32-28, 16-12, 10-14, 8-4, 6-10, 12-8, 28-24, 8-11, 21-25, 29x22, 14-17, 22x13x6, 24-27, 6-2, 10-14, 2-7, 14-18, 7-2, 27-31, 11-16, 18-23, 16-12, 5-9, 12-8, 9-13, 2-6, 31-27, 8-3, 13-17, 6-9, 17-21, 3-8, 27-24, 8-3, 23-26, 9-5, 26-30, 3-7, 21-25, 5-9, 30-26, 7-11, 24-20, 9-6, 25-30, 6-9, 26-31, 11-7, 30-25, 9-6, 31-26, 7-11"
1192,1,1192,0,1,"11-15, 24-20, 15-19, 23x16, 12x19, 21-17, 8-11, 17-13, 19-23, 27x18, 4-8, 28-24, 11-15, 18x11x4, 3-8, 4x11, 7x16, 20x11, 10-15, 25-21, 15-19, 24x15, 6-10, 15x6, 1x10, 13x6, 2x9, 22-18, 9-13, 18-15, 10x19, 26-22, 5-9, 21-17, 9-14, 17x10, 19-24, 10-6, 13-17, 22x13, 24-27, 32x23"
1193,1,1193,1,0,"11-16, 21-17, 9-13, 23-19, 16x23, 27x18, 6-9, 31-27, 1-6, 17-14, 10x17, 27-23, 12-16, 24-20, 8-12, 20x11, 7x16, 23-19, 16x23, 26x19, 17x26, 30x23, 3-7, 32-27, 9-14, 18x9, 5x14, 19-16, 12x19x26, 27-23, 26-30, 25-21, 13-17, 28-24, 30-25, 29x22x13, 4-8, 23-18, 14x23, 21-17, 23-27, 24-19, 7-10, 19-16, 8-11, 16x7, 2x11, 13-9, 6x13x22"
1194,1,1194,1,0,"10-14, 21-17, 14x21, 22-17, 9-14, 17x10, 7x14, 26-22, 11-16, 23-19, 16x23, 27x18x9, 6x13, 22-17, 13x22, 25x18, 12-16, 18-15, 8-11, 15x8, 4x11, 30-25, 21x30, 24-19, 16x23, 31-26, 23-27, 32x23, 11-16, 28-24, 5-9, 26-22, 30-26, 24-20, 26x17, 20x11, 17-22, 29-25, 22x29, 23-18, 9-14, 18x9, 29-25, 11-7, 2x11, 9-6, 1x10"
1195,1,1195,0,0,"10-15, 22-17, 12-16, 24-19, 15x24, 28x19x12, 6-10, 32-28, 9-14, 27-24, 2-6, 23-18, 14x23, 26x19, 11-16, 17-13, 16x23, 30-26, 23x30, 31-26, 30x23, 13-9, 5x14, 24-19, 23x16, 28-24, 16-20, 24-19, 10-15, 19x10, 6x15, 21-17, 14x21x30, 29-25, 30x21"
1196,1,1196,0,1,"9-13, 22-18, 11-15, 18x11, 8x15, 23-18, 15x22, 26x17, 13x22, 25x18, 10-14, 18x9, 5x14, 27-23, 3-8, 23-19, 14-18, 30-25, 18-23, 31-27, 6-10, 27x18, 1-6, 24-20, 12-16, 19x12x3, 7-11, 32-27, 10-15, 3-7, 15x22, 25x18, 6-9, 7x16, 9-13, 27-24, 2-7, 29-25, 4-8, 18-15, 7-11, 16x7, 8-12, 24-19, 12-16, 19x12, 13-17, 21x14"
1197,1,1197,1,0,"12-16, 22-18, 16-20, 18-14, 10x17, 21x14, 9x18, 23x14, 11-16, 25-21, 6-10, 30-25, 10x17, 21x14, 2-6, 25-21, 7-11, 24-19, 16x23x30, 21-17, 8-12, 28-24, 11-16, 14-10, 6x15, 32-28, 16-19, 29-25, 30x21x14, 27-23, 20x27, 23x16, 12x19, 31x24, 5-9, 24-20, 19-24, 28x19x10, 14x7, 20-16, 7-11, 16x7, 3x10"
1198,1,1198,0,1,"9-14, 22-18, 14-17, 21x14, 10x17, 18-15, 11x18, 23x14, 17-22, 26x17, 7-10, 14x7, 3x10, 24-20, 5-9, 27-24, 2-7, 17-14, 9x18, 31-26, 12-16, 20x11x2x9, 8-11, 26-23, 18x27, 32x23, 11-16, 30-26, 10-14, 9x18, 1-6, 18-14, 6-10, 14x7, 16-20, 23-18, 20x27, 7-10, 27-31, 25-22, 4-8, 28-24, 8-12, 26-23, 12-16, 10-7, 16-19, 24x15, 31-27, 23-19, 27-31, 7-3, 31-26, 19-16, 26x17, 18-14, 17x10x19x12, 29-25, 12-8, 3x12"
1199,1,1199,1,0,"12-16, 24-19, 16-20, 19-15, 11x18, 22x15, 10x19, 23x16, 9-13, 27-24, 20x27, 32x23, 7-10, 25-22, 2-7, 21-17, 8-11, 23-19, 11x20, 26-23, 20-24, 31-26, 5-9, 22-18, 13x22x31, 29-25, 10-15, 19x10, 6x15x22x29, 28x19, 9-13, 19-15, 1-5, 15-10, 7x14, 30-26, 31x22, 23-19, 29-25, 19-16, 25-21, 16-12, 22-17, 12-8, 4x11"
1200,1,1200,0,0,"9-14, 23-19, 14-18, 22x15, 11x18, 27-23, 18x27, 32x23, 5-9, 25-22, 7-11, 22-18, 3-7, 19-15, 10x19, 24x15, 9-14, 18x9, 11x18x27, 31x24, 6x13, 29-25, 7-10, 26-23, 8-11, 25-22, 10-14, 30-26, 14-18, 22x15x8, 4x11, 21-17, 13x22x31, 23-18, 1-5, 18-15, 11x18, 24-20, 18-22, 28-24, 2-7, 24-19, 12-16, 19x12, 22-25, 20-16, 25-29, 12-8, 29-25, 8-3, 25-30, 3x10, 31-27, 16-11, 27-31, 11-8, 5-9, 10-15, 9-14, 8-3, 30-26, 3-7, 14-18, 15x22, 26x17, 7-3, 31-26, 3-7, 17-21, 7-10, 26-22, 10-6, 22-17, 6-2, 17-14, 2-7, 14-18, 7-3, 18-23, 3-7, 23-27, 7-2, 27-24, 2-6, 24-20, 6-9, 21-25, 9-14, 20-16, 14-17, 25-30, 17-14, 16-11, 14-10, 11-7, 10x3, 30-26, 3-8, 26-23, 8-12, 23-27, 12-16, 27-23, 16-11"
1201,1,1201,0,0,"11-16, 23-19, 16x23, 26x19, 12-16, 19x12, 10-15, 22-17, 15-19, 24x15, 9-13, 27-23, 13x22, 25x18, 6-9, 18-14, 9x18x27, 32x23, 7-10, 15x6, 1x10, 29-25, 2-7, 23-19, 7-11, 19-15, 10x19, 31-26, 11-16, 28-24, 19x28, 26-23, 28-32, 21-17, 32-28, 25-22, 16-20, 23-18, 5-9, 17-13, 8-11, 13x6, 28-32, 18-14, 3-8, 12x3, 32-28, 3-8, 28-24, 8x15, 24-27, 22-17, 20-24, 30-26, 27-31, 15-19, 31x22x13, 19x28, 4-8, 28-32, 13-17, 32-27, 17x10x1, 27-32, 1-5, 32-28, 5-9, 28-32, 9-6"
1202,1,1202,1,0,"9-14, 24-20, 6-9, 22-18, 11-15, 18x11, 8x15, 25-22, 9-13, 30-25, 15-19, 23x16, 12x19, 22-18, 14x23x30, 20-16, 10-14, 21-17, 13x22, 25x18x9, 5x14, 29-25, 30x21, 27-23, 19x26, 31x22, 3-8, 22-18, 14x23, 16-12, 21-25, 12x3x10, 4-8, 10-7, 2x11, 28-24, 11-15, 32-27, 23x32, 24-19, 15x24"
1203,1,1203,0,0,"10-15, 24-20, 15-19, 23x16, 12x19, 22-17, 11-15, 25-22, 19-23, 27x18x11, 8x15, 28-24, 9-14, 17x10, 7x14, 24-19, 15x24, 22-17, 4-8, 17x10, 6x15, 31-27, 24x31x22, 32-28, 22-25, 29x22, 5-9, 21-17, 1-5, 17-13, 2-7, 13x6, 15-18, 22x15, 7-11, 6-1, 11x18, 30-26, 3-7, 1-6, 5-9, 6x13, 18-23, 26x19, 8-12, 19-16, 12x19, 28-24, 19x28, 20-16, 7-11, 16x7, 28-32, 7-2, 32-28, 13-9, 28-24, 9-6, 24-20, 6-9, 20-24"
1204,1,1204,0,0,"12-16, 22-17, 16-20, 17-14, 9x18, 23x14, 10x17, 21x14, 6-10, 26-23, 10x17, 24-19, 17-22, 25x18, 7-10, 30-26, 5-9, 18-15, 11x18, 23x14x7, 3x10, 27-23, 1-6, 19-15, 10x19, 23x16, 2-7, 29-25, 20-24, 28x19, 8-11, 32-28, 11x20, 19-16, 20-24, 28x19, 4-8, 16-12, 7-11, 12x3, 6-10, 19-16, 11x20, 25-21, 20-24, 31-27, 24x31x22, 3-7, 22-17, 7x14x5, 17-22, 5-9, 22-18, 9-5, 18-22"
1205,1,1205,1,0,"12-16, 24-19, 16-20, 28-24, 10-15, 19x10, 7x14, 24-19, 11-15, 19x10, 6x15, 32-28, 3-7, 21-17, 14x21, 22-17, 9-14, 17x10x3x12, 1-6, 27-24, 20x27, 31x24, 4-8, 12x3, 6-10, 3-7, 2x11, 23-18, 15x22x31, 24-20, 31-27, 30-26, 21x30x23, 20-16, 11x20, 29-25, 23-19, 28-24, 19x28, 25-21, 10-15, 21-17, 5-9, 17-14, 9x18"
1206,1,1206,0,0,"9-14, 24-19, 11-15, 19-16, 12x19, 23x16, 7-11, 16x7, 2x11, 22-18, 15x22, 26x17, 14-18, 17-14, 10x17, 21x14, 6-10, 14x7, 3x10, 27-23, 18x27, 32x23, 11-16, 31-26, 1-6, 23-19, 16x23, 26x19, 8-12, 25-22, 12-16, 19x12, 10-15, 12-8, 4x11, 30-26, 5-9, 29-25, 11-16, 28-24, 6-10, 24-20, 15-18, 22x15x6, 16-19, 6-1, 19-24, 20-16, 9-13, 1-6, 24-28, 6-9, 13-17, 9-5, 17-21, 26-22, 21x30, 16-12, 28-32, 22-18, 32-27, 5-9, 27-32, 18-14, 32-27, 14-10, 27-24, 9-6, 24-27, 6-2, 27-32, 10-7, 30-25, 12-8, 25-22, 2-6, 32-27, 6-2, 27-31, 7-3, 22-25, 3-7, 31-26, 8-4, 26-31, 7-11, 31-26, 11-7"
1207,1,1207,0,0,"11-16, 21-17, 10-15, 17-13, 7-11, 25-21, 9-14, 24-20, 5-9, 30-25, 3-7, 27-24, 16-19, 23x16, 12x19, 32-27, 8-12, 22-18, 15x22, 25x18, 14x23x30, 24x15x8, 4x11, 20-16, 12x19, 31-26, 30x23x32, 29-25, 32-27, 25-22, 27-24, 21-17, 6-10, 13x6, 2x9, 17-14, 10x17x26"
1208,1,1208,1,0,"11-15, 22-18, 15x22, 25x18, 9-13, 30-25, 7-11, 18-15, 10x19, 24x15, 11x18, 23x14, 6-9, 26-22, 9x18, 22x15, 3-7, 25-22, 5-9, 15-11, 8x15, 31-26, 1-6, 28-24, 7-11, 27-23, 12-16, 32-27, 9-14, 23-18, 14x23x30, 24-19, 15x24x31, 21-17, 31-27, 29-25, 30x21x14, 22-17, 13x22"
1209,1,1209,0,1,"11-16, 22-18, 9-14, 18x9, 6x13, 24-20, 10-15, 20x11, 7x16, 28-24, 1-6, 23-19, 16x23, 27x18x11, 8x15, 32-28, 12-16, 26-23, 6-9, 24-19, 15x24, 28x19x12, 3-7, 23-18, 7-10, 31-26, 4-8, 12x3, 2-7, 18-15, 10x19, 3x10, 9-14, 10x17, 13x22x31, 21-17, 5-9, 25-21, 31-26, 30x23x16, 9-14, 17x10"
1210,1,1210,1,0,"10-14, 22-18, 11-15, 18x11, 8x15, 23-18, 14x23, 27x18x11, 7x16, 21-17, 3-7, 25-21, 6-10, 17-14, 9x18, 31-27, 10-14, 29-25, 1-6, 25-22, 18x25, 21-17, 14x21, 24-20, 5-9, 20x11, 7x16, 26-23, 9-14, 23-18, 14x23, 27x18, 6-10, 28-24, 4-8, 18-15, 10x19x28, 30-26, 16-19, 26-22, 25-29, 22-17, 8-11, 32-27, 19-23, 27x18, 28-32, 17-14, 32-28, 18-15, 11x18, 14-9, 29-25, 9-5, 2-7, 5-1, 7-10, 1-6, 25-22, 6x15, 12-16, 15-11, 18-23, 11x20, 23-26, 20-24, 28x19"
1211,1,1211,0,1,"11-15, 21-17, 7-11, 23-19, 3-7, 24-20, 15x24, 28x19, 9-14, 19-15, 11x18, 22x15, 10x19, 17x10x3, 12-16, 20x11, 8x15, 32-28, 2-7, 3x10, 6-9, 26-23, 19x26, 31x22, 9-13, 10x19, 13-17, 22x13, 4-8, 13-9, 5x14, 19-15, 14-18, 15x22, 8-11, 22-18, 1-5, 27-24, 11-15, 18x11, 5-9, 11-15, 9-14, 24-19, 14-18, 15x22"
1212,1,1212,0,0,"11-15, 22-17, 10-14, 17x10, 7x14, 21-17, 14x21, 24-19, 15x24, 27x20, 9-14, 26-22, 8-11, 23-19, 14-18, 22x15x8, 4x11, 19-15, 11x18, 25-22, 18x25, 29x22, 6-10, 28-24, 21-25, 30x21, 10-14, 22-17, 2-7, 17x10, 7x14, 21-17, 14x21, 20-16, 12x19x28, 32-27, 3-7, 27-23, 1-6, 23-18, 7-11, 18-15, 11x18, 31-27, 6-10, 27-24, 28-32, 24-19, 10-14, 19-15, 32-27, 15-11, 14-17, 11-8, 27-24, 8-4, 24-28, 4-8, 18-23, 8-3, 28-32, 3-7, 17-22, 7-2, 21-25, 2-6, 25-30, 6-2, 30-26, 2-6, 22-25"
1213,1,1213,1,0,"10-14, 24-20, 11-15, 23-18, 14x23, 27x18x11, 7x16, 20x11, 8x15, 26-23, 4-8, 28-24, 9-13, 22-17, 13x22, 25x18x11x4, 2-7, 32-27, 12-16, 30-26, 6-9, 29-25, 7-10, 21-17, 3-7, 23-19, 16x23x32, 24-20, 32-28, 31-27, 28-32, 4-8, 32x23x30x21x14, 8-11, 7x16, 20x11, 1-6, 11-8, 9-13, 8-4, 14-18, 4-8, 18-15, 8-12, 10-14, 12-16, 14-17, 16-20, 15-10, 20-16, 6-9, 16-20, 17-21, 20-16, 10-15, 16-11, 15x8"
1214,1,1214,1,0,"10-15, 22-17, 11-16, 24-19, 15x24, 27x20x11, 8x15, 17-14, 9x18x27, 31x24, 5-9, 26-23, 3-8, 25-22, 9-14, 30-26, 6-10, 21-17, 14x21, 23-19, 1-6, 29-25, 21x30x23x16, 24-20, 16-11, 22-17, 6-9, 32-27, 15-19, 28-24, 19x28, 27-24, 28-32, 24-19, 12-16, 19x12x3, 10-15, 3x10x19, 2-7, 19-23, 11-8, 23-26, 32-27, 17-14, 9x18, 26-30, 18-22, 20-16, 8-12, 30-25, 12x19, 25x18, 7-10, 18-22, 10-14, 22-18, 14x23"
1215,1,1215,1,0,"12-16, 22-17, 8-12, 24-20, 16-19, 23x16, 12x19, 20-16, 11x20, 28-24, 19x28, 26-23, 20-24, 27x20, 7-11, 17-13, 10-15, 31-26, 4-8, 23-18, 15x22x31, 32-27, 31x24, 30-26, 8-12, 20-16, 11x20, 26-22, 6-10, 13x6, 2x9, 22-18, 9-13, 21-17, 13x22, 25-21, 3-8, 21-17, 1-6, 18-15, 10x19, 29-25, 22x29, 17-14, 5-9, 14x5, 24-27, 5-1, 27-24, 1x10, 24-27, 10-7, 27-23, 7-2, 8-11, 2-6, 29-25, 6-10, 25-30, 10-6, 11-16, 6-9, 30-26, 9-13, 28-32, 13-9, 20-24, 9-6, 26-22, 6-1, 16-20, 1-6, 22-18, 6-1, 18-14, 1-5, 32-27, 5-1, 23-18, 1-6, 27-31, 6-2, 24-28, 2-6, 12-16, 6-1, 19-23, 1-6, 23-27, 6-2, 18-15, 2-6, 28-32, 6-2, 15-11, 2-7, 11x2"
1216,1,1216,1,0,"12-16, 23-18, 16-19, 24x15, 10x19, 18-15, 11x18, 22x15, 8-11, 15x8, 4x11, 26-23, 19x26, 31x22, 3-8, 21-17, 9-13, 17-14, 8-12, 14-10, 7x14, 22-17, 14x21, 28-24, 6-9, 30-26, 21x30x23, 27x18, 11-16, 32-28, 2-6, 29-25, 16-19, 24x15, 13-17, 18-14, 9x18, 28-24, 6-10, 15x6, 1x10, 25-22, 18x25, 24-20, 25-30, 20-16, 12x19"
1217,1,1217,0,0,"12-16, 22-18, 16-20, 18-14, 10x17, 21x14, 9x18, 23x14, 11-15, 24-19, 15x24, 28x19, 8-12, 26-22, 6-9, 22-18, 3-8, 19-16, 12x19, 31-26, 7-11, 32-28, 2-7, 27-23, 8-12, 23x16, 12x19, 26-22, 1-6, 18-15, 11x18, 22x15, 9x18, 25-22, 18x25, 29x22, 6-9, 28-24, 19x28, 22-17, 4-8, 15-11, 8x15, 17-13, 15-19, 13x6, 5-9, 30-26, 9-13, 6-1, 7-11, 1-6, 11-15, 6-2, 19-23, 26x19x10, 13-17, 10-7, 28-32, 2-6, 20-24, 7-2, 24-27, 6-1, 17-21, 2-6, 21-25, 6-10, 32-28, 10-7, 28-32, 7-11, 27-31, 11-16, 25-29, 16-20, 31-27, 1-5, 27-24, 20x27, 32x23, 5-1, 23-26, 1-6, 26-31, 6-9, 31-27, 9-6, 27-24, 6-1, 29-25, 1-6, 25-29"
1218,1,1218,0,0,"12-16, 24-20, 9-13, 22-17, 13x22, 25x18, 10-15, 21-17, 15x22, 29-25, 22x29, 27-24, 11-15, 20x11, 7x16, 23-19, 16x23, 26x19x10, 6x15, 24-20, 29-25, 30x21, 15-19, 17-13, 2-7, 31-27, 7-10, 28-24, 19x28, 27-23, 3-7, 13-9, 5x14, 23-19, 1-5, 32-27, 14-17, 21x14, 10x17, 27-24, 7-10, 20-16, 17-21, 16-12, 28-32, 12x3, 21-25, 19-16, 32-27, 24-19, 4-8, 3x12, 10-15, 19x10, 27-23, 10-6, 23-18, 6-1, 18-23, 12-8, 23-18, 8-12"
1219,1,1219,0,1,"10-15, 24-20, 15-18, 23x14, 9x18, 22x15, 11x18, 27-24, 7-10, 21-17, 5-9, 17-14, 10x17, 25-21, 12-16, 21x14x5, 2-7, 20x11x2x9, 8-11, 31-27, 18-23, 27x18, 11-15, 18x11, 1-6, 9x2, 4-8, 11x4, 3-8, 4x11"
1220,1,1220,0,0,"11-16, 23-19, 16x23, 26x19, 10-15, 19x10, 6x15, 30-26, 1-6, 24-20, 12-16, 20x11, 7x16, 22-17, 2-7, 25-22, 7-11, 26-23, 16-19, 23x16x7, 3x10, 27-23, 9-13, 22-18, 15x22, 28-24, 22-26, 31x22, 5-9, 17-14, 9x18x25, 29x22, 10-15, 24-20, 15-19, 23x16, 8-12, 22-17, 13x22, 16-11, 12-16, 11-8, 4x11, 32-27, 11-15, 20x11, 15-18, 21-17, 18-23, 27x18, 6-10, 11-8, 22-26, 8-4, 10-14, 18x9, 26-30, 4-8, 30-25, 8-12, 25-22, 9-5, 22x13, 5-1, 13-17, 12-8, 17-13, 8-12"
1221,1,1221,0,1,"9-13, 21-17, 10-14, 17x10, 6x15, 24-20, 15-19, 23x16, 12x19, 22-18, 7-10, 26-22, 2-7, 25-21, 10-15, 18-14, 1-6, 31-26, 7-10, 14x7, 3x10, 21-17, 10-14, 17x10x1, 19-23, 27x18, 8-12, 26-23, 13-17, 22x13, 15x22, 32-27, 4-8, 30-26, 22x31x24, 28x19, 12-16, 19x12x3, 5-9, 13x6, 11-16, 20x11"
1222,1,1222,0,0,"11-16, 24-19, 9-13, 19-15, 10x19, 22-18, 7-10, 18-15, 6-9, 15x6, 1x10, 23-18, 16-20, 26-22, 20-24, 27x20, 8-11, 22-17, 13x22, 30-26, 9-14, 26x17, 14x23, 20-16, 11x20, 25-22, 3-7, 29-25, 5-9, 17-13, 20-24, 13x6, 2x9, 21-17, 10-15, 25-21, 12-16, 17-14, 9x18x25, 32-27, 23x32, 21-17, 25-29, 31-26, 16-20, 17-14, 24-27, 14-10, 7x14, 26-22, 29-25, 28-24, 25x18"
1223,1,1223,0,0,"9-13, 22-18, 5-9, 24-19, 1-5, 18-14, 9x18, 23x14, 10x17, 21x14, 11-16, 14-9, 5x14, 26-22, 16x23, 27x18x9, 8-11, 9-5, 6-10, 22-17, 13x22, 25x18, 12-16, 30-25, 2-6, 32-27, 4-8, 25-22, 10-15, 18-14, 6-9, 29-25, 9x18, 31-26, 16-19, 25-21, 18x25, 26-22, 15-18, 22x15, 11x18, 21-17, 8-12, 17-14, 7-11, 27-23, 18x27, 28-24, 19x28, 5-1, 27-32, 14-10, 25-29, 1-5, 32-27, 10-7, 3x10, 5-1, 27-24, 1-5, 24-20, 5-1, 29-25, 1-5, 10-15, 5-1, 25-29"
1224,1,1224,1,0,"9-13, 23-18, 5-9, 27-23, 11-15, 18x11, 8x15, 24-20, 1-5, 32-27, 15-19, 23x16, 12x19, 22-17, 13x22, 25x18, 9-13, 26-22, 7-11, 30-25, 4-8, 18-14, 10x17x26, 31x22, 13-17, 21x14, 8-12, 27-23, 19x26, 14-9, 6x13, 20-16, 12x19, 22-17, 13x22, 25x18, 11-16, 18-15, 3-7, 15-10, 7x14, 28-24, 19x28, 29-25, 16-19, 25-22, 19-23, 22-17, 14x21"
1225,1,1225,1,0,"12-16, 22-17, 8-12, 23-18, 9-13, 26-22, 4-8, 17-14, 10x17x26, 31x22, 5-9, 24-19, 16x23, 22-17, 13x22, 30-26, 23x30, 27-23, 11-16, 21-17, 30x21x14, 28-24, 7-11, 23-19, 14x23, 24-20, 23-26, 32-28, 16x23, 20-16, 11x20, 29-25, 22x29, 28-24, 20x27"
1226,1,1226,1,0,"10-15, 22-18, 15x22, 25x18, 9-13, 26-22, 12-16, 30-26, 6-9, 23-19, 16x23x30, 22-17, 13x22, 24-20, 22-25, 29x22, 2-6, 20-16, 11x20, 28-24, 30-25, 27-23, 20x27, 31x24, 6-10, 24-19, 9-14, 18x9, 25x18x27, 32x23, 5x14, 23-18, 14x23, 21-17, 8-11, 19-15, 10x19, 17-14, 1-6, 14-9, 6x13"
1227,1,1227,0,0,"12-16, 24-19, 10-15, 19x12, 11-16, 27-24, 15-19, 24x15, 16-20, 15-11, 8x15, 12-8, 3x12, 22-18, 15x22, 26x17, 4-8, 32-27, 8-11, 31-26, 9-13, 27-24, 13x22x31, 24-19, 6-9, 28-24, 20x27, 21-17, 9-14, 17x10x3, 2-7, 3x10, 11-16, 30-26, 31x22, 25x18, 5-9, 10-14, 1-6, 14x5, 6-9, 5x14, 27-32, 18-15, 32-28, 14-10, 28-24, 10-7, 16-20, 7-10, 24-27, 10-7, 27x18x11x2, 19-16, 12x19, 29-25, 19-24, 25-21, 2-6, 21-17, 6-1, 17-13, 24-28, 13-9, 28-32, 9-5, 32-27"
1228,1,1228,0,1,"12-16, 22-18, 8-12, 23-19, 16x23, 26x19, 10-15, 19x10, 6x15x22, 25x18, 3-8, 24-20, 1-6, 27-24, 11-16, 20x11, 8x15x22, 24-19, 7-10, 28-24, 12-16, 19x12, 4-8, 12x3, 22-25, 29x22, 10-14, 22-17, 9-13, 17x10x1, 2-6, 1x10, 13-17, 21x14, 5-9, 14x5"
